-- MySQL dump 10.13  Distrib 5.5.62, for Win64 (AMD64)
--
-- Host: tx.3cat.top    Database: minsu
-- ------------------------------------------------------
-- Server version	5.6.39

/*!40101 SET @OLD_CHARACTER_SET_CLIENT=@@CHARACTER_SET_CLIENT */;
/*!40101 SET @OLD_CHARACTER_SET_RESULTS=@@CHARACTER_SET_RESULTS */;
/*!40101 SET @OLD_COLLATION_CONNECTION=@@COLLATION_CONNECTION */;
/*!40101 SET NAMES utf8 */;
/*!40103 SET @OLD_TIME_ZONE=@@TIME_ZONE */;
/*!40103 SET TIME_ZONE='+00:00' */;
/*!40014 SET @OLD_UNIQUE_CHECKS=@@UNIQUE_CHECKS, UNIQUE_CHECKS=0 */;
/*!40014 SET @OLD_FOREIGN_KEY_CHECKS=@@FOREIGN_KEY_CHECKS, FOREIGN_KEY_CHECKS=0 */;
/*!40101 SET @OLD_SQL_MODE=@@SQL_MODE, SQL_MODE='NO_AUTO_VALUE_ON_ZERO' */;
/*!40111 SET @OLD_SQL_NOTES=@@SQL_NOTES, SQL_NOTES=0 */;

--
-- Table structure for table `Category`
--

DROP TABLE IF EXISTS `Category`;
/*!40101 SET @saved_cs_client     = @@character_set_client */;
/*!40101 SET character_set_client = utf8 */;
CREATE TABLE `Category` (
  `id` int(11) NOT NULL AUTO_INCREMENT,
  `name` varchar(255) DEFAULT NULL,
  PRIMARY KEY (`id`)
) ENGINE=InnoDB AUTO_INCREMENT=93 DEFAULT CHARSET=utf8;
/*!40101 SET character_set_client = @saved_cs_client */;

--
-- Dumping data for table `Category`
--

LOCK TABLES `Category` WRITE;
/*!40000 ALTER TABLE `Category` DISABLE KEYS */;
INSERT INTO `Category` VALUES (60,'超级豪华大床房'),(64,'可爱公主房'),(68,'超级豪华总统套房'),(69,'可爱宝贝房'),(71,'奢华海景房'),(72,'派大星的小屋'),(73,'胶囊房'),(74,'标间'),(75,'商务间'),(76,'海绵宝宝的小屋'),(77,'亲子套房'),(78,'单人间'),(79,'青年旅间'),(80,'特价小包间'),(81,'榻榻米'),(82,'地下旅店'),(83,'合租间'),(92,'西服');
/*!40000 ALTER TABLE `Category` ENABLE KEYS */;
UNLOCK TABLES;

--
-- Table structure for table `OrderItem`
--

DROP TABLE IF EXISTS `OrderItem`;
/*!40101 SET @saved_cs_client     = @@character_set_client */;
/*!40101 SET character_set_client = utf8 */;
CREATE TABLE `OrderItem` (
  `id` int(11) NOT NULL AUTO_INCREMENT,
  `pid` int(11) DEFAULT NULL,
  `oid` int(11) NOT NULL,
  `uid` int(11) NOT NULL,
  `number` int(11) DEFAULT NULL,
  PRIMARY KEY (`id`),
  UNIQUE KEY `OrderItem_oid_uindex` (`oid`),
  KEY `fk_orderitem_user` (`uid`),
  KEY `fk_orderitem_product` (`pid`),
  CONSTRAINT `fk_orderitem_product` FOREIGN KEY (`pid`) REFERENCES `Product` (`id`),
  CONSTRAINT `fk_orderitem_user` FOREIGN KEY (`uid`) REFERENCES `User` (`id`)
) ENGINE=InnoDB AUTO_INCREMENT=95 DEFAULT CHARSET=utf8;
/*!40101 SET character_set_client = @saved_cs_client */;

--
-- Dumping data for table `OrderItem`
--

LOCK TABLES `OrderItem` WRITE;
/*!40000 ALTER TABLE `OrderItem` DISABLE KEYS */;
INSERT INTO `OrderItem` VALUES (1,87,3,4,1),(7,959,1929097731,4,1),(8,960,1929955034,4,1),(9,960,1930152901,4,1),(10,960,1930320638,4,1),(11,89,0,6,1),(12,960,1934847274,6,1),(13,960,1936413068,4,1),(14,960,1936833488,4,1),(15,959,1937507206,4,1),(16,960,1937698925,4,1),(17,960,1938508635,4,1),(18,149,1938715909,6,1),(19,960,1939118035,4,1),(20,960,1941725062,4,1),(21,960,1942226212,4,1),(22,959,1942494587,4,1),(23,959,1942505988,4,1),(24,901,1942655614,6,1),(25,899,1943873851,4,1),(26,960,1945606962,4,1),(27,959,1946662176,4,1),(28,960,1949105581,4,1),(29,959,1949742547,4,1),(30,959,1951083498,4,1),(31,901,1951533897,6,1),(32,960,1953661157,4,1),(33,960,1953886108,4,5),(34,960,1960810602,4,1),(35,960,1961496887,4,1),(36,899,1961932300,4,1),(37,960,1974010480,4,1),(38,960,1975417507,4,1),(39,901,1975991356,4,1),(40,901,2009832818,4,1),(41,901,2012319425,4,1),(42,902,2012714902,4,1),(43,961,2013045615,4,1),(44,961,2013980046,4,1),(45,960,2015193177,4,1),(46,960,2015658915,4,1),(47,960,2015755076,4,1),(48,901,2015912330,4,1),(49,960,2016093720,4,1),(50,960,2016273428,4,1),(51,901,2017151090,4,1),(52,960,2017169105,4,1),(53,960,2029584800,1,1),(54,88,2063822738,6,1),(55,958,-1995438272,6,1),(56,958,-1995325093,6,1),(57,959,-1995155468,6,1),(58,959,-1995123477,6,1),(59,958,-1995046473,6,1),(60,958,-1995032948,6,1),(61,960,-1991060619,4,1),(62,960,-1989782195,4,1),(63,958,-1519729168,4,1),(64,958,-1519715317,4,1),(65,958,-1519708057,4,1),(66,958,-1518551449,4,1),(67,958,-1517571381,4,1),(68,960,-1510604863,4,1),(70,899,-1430249615,22,1),(71,960,-1415519459,22,1),(72,960,-1415278814,22,1),(73,958,-1414734420,22,1),(74,958,-1341039837,22,1),(75,960,-1330268552,4,1),(76,673,-142710126,1,5),(77,960,-142113815,1,1),(78,958,832516452,1,5),(79,961,846823063,1,7),(80,959,847571340,1,4),(81,960,929870177,1,3),(82,960,334366532,5,1),(83,959,335533601,27,1),(84,901,336987597,27,1),(85,959,345862171,27,1),(86,958,345876127,27,1),(87,959,408353747,5,1),(88,959,591590234,5,1),(89,958,608506940,5,1),(90,958,608726816,5,1),(91,961,-1186706306,1,1),(92,902,-1036560903,1,1),(93,959,-1030827072,1,2),(94,959,-1030222893,1,1);
/*!40000 ALTER TABLE `OrderItem` ENABLE KEYS */;
UNLOCK TABLES;

--
-- Table structure for table `Order_`
--

DROP TABLE IF EXISTS `Order_`;
/*!40101 SET @saved_cs_client     = @@character_set_client */;
/*!40101 SET character_set_client = utf8 */;
CREATE TABLE `Order_` (
  `id` int(11) NOT NULL AUTO_INCREMENT,
  `orderCode` varchar(255) DEFAULT NULL,
  `address` varchar(255) DEFAULT NULL,
  `post` varchar(255) DEFAULT NULL,
  `receiver` varchar(255) DEFAULT NULL,
  `mobile` varchar(255) DEFAULT NULL,
  `userMessage` varchar(255) DEFAULT NULL,
  `createDate` timestamp NOT NULL DEFAULT CURRENT_TIMESTAMP,
  `payDate` timestamp NOT NULL DEFAULT CURRENT_TIMESTAMP,
  `deliveryDate` timestamp NOT NULL DEFAULT CURRENT_TIMESTAMP,
  `confirmDate` timestamp NOT NULL DEFAULT CURRENT_TIMESTAMP,
  `uid` int(11) NOT NULL,
  `status` varchar(255) DEFAULT 'waitConfirm',
  `total` float DEFAULT NULL,
  PRIMARY KEY (`id`),
  KEY `fk_order_user` (`uid`),
  CONSTRAINT `fk_order_user` FOREIGN KEY (`uid`) REFERENCES `User` (`id`)
) ENGINE=InnoDB AUTO_INCREMENT=2017151091 DEFAULT CHARSET=utf8;
/*!40101 SET character_set_client = @saved_cs_client */;

--
-- Dumping data for table `Order_`
--

LOCK TABLES `Order_` WRITE;
/*!40000 ALTER TABLE `Order_` DISABLE KEYS */;
INSERT INTO `Order_` VALUES (-1036560903,'123f8b44cb4a46d7af7a038f8c748f88',NULL,NULL,'','','','2019-03-28 02:53:23','2019-03-28 02:53:26','2019-03-28 02:53:23','2019-03-28 02:53:23',1,'reviewed',518.7),(-1030827072,'d9c5bed9d3154fea9a6847e3d80dc750',NULL,NULL,'小底','13722229988','','2019-03-28 04:31:13','2019-03-28 04:31:16','2019-03-28 04:31:13','2019-03-28 04:31:13',1,'reviewed',2398.8),(-1030222893,'ffbc27da94264544b0433d110db9c414',NULL,NULL,'','','','2019-03-28 04:39:05','2019-03-28 04:39:09','2019-03-28 04:39:05','2019-03-28 04:39:05',1,'waitReview',1199.4),(334366532,NULL,NULL,NULL,'啦啦啦',NULL,NULL,'2019-02-25 07:42:06','2019-02-25 07:42:06','2019-02-25 07:42:06','2019-02-25 07:42:06',5,'waitReview',1216),(335533601,'32109cc5231b44548d0f57c4ce58f193',NULL,NULL,'哈德','15342698745','','2019-02-22 06:59:48','2019-02-22 06:59:46','2019-02-22 06:59:48','2019-02-22 06:59:48',27,'reviewed',1199.4),(336987597,'d9206d92c9044a99a34400f30672e115',NULL,NULL,'啊啊啊','12312312312','','2019-02-22 07:26:20','2019-02-22 07:26:17','2019-02-22 07:26:20','2019-02-22 07:26:20',27,'reviewed',624),(345862171,NULL,NULL,NULL,NULL,NULL,NULL,'2019-02-22 09:50:59','2019-02-22 09:50:59','2019-02-22 09:50:59','2019-02-22 09:50:59',27,NULL,1199.4),(345876127,NULL,NULL,NULL,NULL,NULL,NULL,'2019-02-22 09:51:13','2019-02-22 09:51:13','2019-02-22 09:51:13','2019-02-22 09:51:13',27,NULL,1993.6),(408353747,'55f6fdad127c4648b45b3f5cd32a1456',NULL,NULL,'国际化','123454645','','2019-02-23 03:13:05','2019-02-23 03:12:59','2019-02-23 03:13:05','2019-02-23 03:13:05',5,'waitReview',1199.4),(591590234,'29c12c4185f042ebb159c0535792f31b',NULL,NULL,'哈哈哈','13794422494','','2019-02-25 06:08:12','2019-02-25 06:08:04','2019-02-25 06:08:12','2019-02-25 06:08:12',5,'waitReview',1199.4),(608506940,NULL,NULL,NULL,NULL,NULL,NULL,'2019-02-25 10:48:30','2019-02-25 10:48:30','2019-02-25 10:48:30','2019-02-25 10:48:30',5,NULL,1993.6),(608726816,NULL,NULL,NULL,NULL,NULL,NULL,'2019-02-25 10:52:10','2019-02-25 10:52:10','2019-02-25 10:52:10','2019-02-25 10:52:10',5,NULL,1993.6),(846823063,NULL,NULL,NULL,NULL,NULL,NULL,'2019-01-09 11:57:30','2019-01-09 11:57:30','2019-01-09 11:57:30','2019-01-09 11:57:30',1,NULL,9408),(929870177,NULL,NULL,NULL,NULL,NULL,NULL,'2019-01-10 11:01:37','2019-01-10 11:01:37','2019-01-10 11:01:37','2019-01-10 11:01:37',1,NULL,3648),(1942655614,'95726a84a9ae4baf868a549fc9a92549',NULL,NULL,'','','','2018-07-07 08:10:34','2018-07-08 04:02:38','2018-07-08 04:02:38','2018-07-07 08:10:34',6,NULL,NULL),(1951533897,'da0484078921425b8b556479802b27c4',NULL,NULL,'123','45645654','test','2018-07-07 10:38:22','2018-07-07 10:38:22','2018-07-08 04:02:38','2018-07-07 10:38:22',6,'paid',NULL),(2015658915,NULL,NULL,NULL,NULL,NULL,NULL,'2018-07-08 04:26:56','2018-07-08 04:26:56','2018-07-08 04:26:56','2018-07-08 04:26:56',4,NULL,NULL),(2015755076,'3d5c88df54994eb488757c60231f313f',NULL,NULL,'111','111','','2018-07-08 04:28:39','2018-07-08 04:28:39','2018-07-08 04:28:39','2018-07-08 04:28:39',4,'waitReview',NULL),(2015912330,'84940b6216674ef480f1f575f3247b8e',NULL,NULL,'','','','2018-07-08 04:31:12','2018-07-08 04:31:12','2018-07-08 04:31:12','2018-07-08 04:31:12',4,'waitReview',NULL),(2016093720,'069ca41f66774aa4b481368b2298b1ed',NULL,NULL,'','','','2018-07-08 04:34:14','2018-07-08 04:34:14','2018-07-08 04:34:14','2018-07-08 04:34:14',4,'waitReview',NULL),(2016273428,'68fa88f0f804484f90b897efdf41481d',NULL,NULL,'','','','2018-07-08 04:37:13','2018-07-08 04:37:13','2018-07-08 04:37:13','2018-07-08 04:37:13',4,'waitReview',NULL);
/*!40000 ALTER TABLE `Order_` ENABLE KEYS */;
UNLOCK TABLES;

--
-- Table structure for table `Product`
--

DROP TABLE IF EXISTS `Product`;
/*!40101 SET @saved_cs_client     = @@character_set_client */;
/*!40101 SET character_set_client = utf8 */;
CREATE TABLE `Product` (
  `id` int(11) NOT NULL AUTO_INCREMENT,
  `name` varchar(255) DEFAULT NULL,
  `subTitle` varchar(255) DEFAULT NULL,
  `orignalPrice` float DEFAULT NULL,
  `promotePrice` float DEFAULT NULL,
  `stock` int(11) DEFAULT NULL,
  `cid` int(11) DEFAULT NULL,
  `createDate` datetime DEFAULT NULL,
  PRIMARY KEY (`id`),
  KEY `fk_product_category` (`cid`),
  CONSTRAINT `fk_product_category` FOREIGN KEY (`cid`) REFERENCES `Category` (`id`)
) ENGINE=InnoDB AUTO_INCREMENT=979 DEFAULT CHARSET=utf8;
/*!40101 SET character_set_client = @saved_cs_client */;

--
-- Dumping data for table `Product`
--

LOCK TABLES `Product` WRITE;
/*!40000 ALTER TABLE `Product` DISABLE KEYS */;
INSERT INTO `Product` VALUES (87,'深圳合租','超划算',1699,1104.35,2,83,'2016-08-13 16:43:32'),(88,'深圳合租','超划算',2799,1679.4,4,83,'2016-07-28 16:43:38'),(89,'深圳合租','超划算',2399,1439.4,5,83,'2016-07-28 16:44:18'),(90,'深圳合租','超划算',4499.01,3824.16,4,83,'2016-08-13 16:44:39'),(147,'地下体验','床新的体验',8960,8512,4,82,'2016-08-15 00:37:21'),(148,'地下体验','床新的体验',1976,1482,8,82,'2016-07-29 00:37:23'),(149,'地下体验','床新的体验',1670,1503,4,82,'2016-07-20 00:37:25'),(150,'地下体验','床新的体验',2399,1799.25,8,82,'2016-07-31 00:37:27'),(151,'地下体验','床新的体验',1900,1710,3,82,'2016-08-03 00:37:29'),(202,'日式榻榻米','治疗脊椎病',5198,3638.6,8,81,'2016-08-20 00:45:28'),(203,'日式榻榻米','治疗脊椎病',18398,11038.8,3,81,'2016-08-19 00:45:32'),(204,'日式榻榻米','治疗脊椎病',6576,4274.4,8,81,'2016-08-16 00:45:36'),(205,'日式榻榻米','治疗脊椎病',10012,7008.4,3,81,'2016-08-08 00:45:39'),(206,'日式榻榻米','治疗脊椎病',32450,22715,7,81,'2016-08-02 00:45:44'),(262,'北京小包','超低价',2399,1439.4,4,80,'2016-08-01 00:52:47'),(263,'北京小包','超低价',1999,1299.35,7,80,'2016-08-10 00:52:49'),(264,'北京小包','超低价',1799,1079.4,3,80,'2016-08-10 00:52:52'),(265,'北京小包','超低价',999,699.3,8,80,'2016-07-31 00:52:54'),(266,'北京小包','超低价',1799,1169.35,5,80,'2016-07-14 00:52:56'),(317,'青春旅店','青春之旅',15960,11970,8,79,'2016-07-09 00:59:24'),(318,'青春旅店','青春之旅',3885,3690.75,5,79,'2016-07-08 00:59:25'),(319,'青春旅店','青春之旅',899,809.1,7,79,'2016-07-12 00:59:27'),(320,'青春旅店','青春之旅',4160,2912,7,79,'2016-08-19 00:59:28'),(321,'青春旅店','青春之旅',889,755.65,6,79,'2016-08-09 00:59:29'),(373,'上海单人间','单身狗之房',1900,1235,3,78,'2016-07-21 01:06:32'),(374,'上海单人间','单身狗之房',6580,4935,6,78,'2016-07-08 01:06:34'),(375,'上海单人间','单身狗之房',3999,2999.25,6,78,'2016-07-21 01:06:37'),(376,'上海单人间','单身狗之房',1299,974.25,2,78,'2016-07-18 01:06:39'),(377,'上海单人间','单身狗之房',2499,2124.15,5,78,'2016-07-19 01:06:41'),(429,'成都亲子间','温馨家庭',2899,1884.35,7,77,'2016-07-14 01:14:03'),(430,'成都亲子间','温馨家庭',1099,824.25,3,77,'2016-08-24 01:14:05'),(431,'成都亲子间','温馨家庭',2680,2278,7,77,'2016-07-21 01:14:08'),(432,'成都亲子间','温馨家庭',999,799.2,3,77,'2016-07-15 01:14:12'),(433,'成都亲子间','温馨家庭',1499,1124.25,7,77,'2016-08-12 01:14:14'),(449,'深海海绵宝宝','海绵宝宝体验',3399,3059.1,4,76,'2016-08-14 01:19:59'),(450,'深海海绵宝宝','海绵宝宝体验',3599,2879.2,7,76,'2016-08-05 01:20:00'),(451,'深海海绵宝宝','海绵宝宝体验',3000,1800,4,76,'2016-07-24 01:20:03'),(452,'深海海绵宝宝','海绵宝宝体验',3299,2474.25,5,76,'2016-07-27 01:20:05'),(453,'深海海绵宝宝','海绵宝宝体验',6999,5949.15,7,76,'2016-08-11 01:20:07'),(509,'杭州商务间','成功人士必住',3799,2659.3,8,75,'2016-08-01 01:27:18'),(510,'杭州商务间','成功人士必住',2599,1559.4,5,75,'2016-08-08 01:27:20'),(511,'杭州商务间','成功人士必住',2399,1679.3,3,75,'2016-07-21 01:27:22'),(512,'杭州商务间','成功人士必住',3999,3599.1,7,75,'2016-07-16 01:27:25'),(513,'杭州商务间','成功人士必住',3399,3059.1,7,75,'2016-07-12 01:27:27'),(565,'苏州标准间','欢迎入住',1280,896,8,74,'2016-08-22 01:34:54'),(567,'苏州标准间','欢迎入住',990,792,3,74,'2016-07-11 01:34:59'),(620,'胶囊宾馆','超级体验',1280,1024,5,73,'2016-08-11 01:42:48'),(621,'胶囊宾馆','超级体验',1700,1445,3,73,'2016-08-13 01:42:51'),(622,'胶囊宾馆','超级体验',699,489.3,2,73,'2016-08-25 01:42:54'),(623,'胶囊宾馆','超级体验',1900,1140,6,73,'2016-08-25 01:42:57'),(624,'胶囊宾馆','超级体验',1999,1199.4,8,73,'2016-08-05 01:43:00'),(673,'浅海派大星小屋','清凉一夏',185,157.25,0,72,'2016-07-21 01:50:46'),(674,'浅海派大星小屋','清凉一夏',588,411.6,3,72,'2016-08-23 01:50:48'),(675,'浅海派大星小屋','清凉一夏',498,448.2,6,72,'2016-07-30 01:50:52'),(676,'浅海派大星小屋','清凉一夏',568,511.2,7,72,'2016-08-04 01:50:54'),(677,'浅海派大星小屋','清凉一夏',888,799.2,8,72,'2016-07-21 01:50:58'),(729,'巴厘岛奢华海景','海的味道',2199,1759.2,4,71,'2016-08-04 01:57:55'),(730,'巴厘岛奢华海景','海的味道',729,437.4,2,71,'2016-07-20 01:57:57'),(731,'巴厘岛奢华海景','海的味道',1988,1491,6,71,'2016-08-10 01:57:59'),(732,'巴厘岛奢华海景','海的味道',799,479.4,7,71,'2016-07-16 01:58:02'),(733,'巴厘岛奢华海景','海的味道',699,419.4,8,71,'2016-07-07 01:58:04'),(784,'可爱宝贝房','关爱宝宝',289,202.3,8,69,'2016-08-13 02:06:10'),(785,'可爱宝贝房','关爱宝宝',330,313.5,5,69,'2016-08-20 02:06:14'),(786,'可爱宝贝房','关爱宝宝',368,294.4,8,69,'2016-08-11 02:06:17'),(787,'可爱宝贝房','关爱宝宝',328,229.6,7,69,'2016-08-04 02:06:20'),(788,'可爱宝贝房','关爱宝宝',326,293.4,3,69,'2016-08-17 02:06:24'),(844,'华盛顿总统房','极致奢华',369,350.55,8,68,'2016-08-14 02:13:28'),(845,'华盛顿总统房','极致奢华',399,299.25,7,68,'2016-07-10 02:13:30'),(846,'华盛顿总统房','极致奢华',928,835.2,7,68,'2016-08-10 02:13:32'),(847,'华盛顿总统房','极致奢华',399,319.2,8,68,'2016-08-18 02:13:35'),(848,'华盛顿总统房','极致奢华',339,322.05,9,68,'2016-08-15 02:13:37'),(899,'苹果房','入住赠送免费苹果噢',900,700,4,64,NULL),(900,'可爱公主房','小公举的城堡',200,170,6,64,'2016-07-27 02:21:10'),(901,'可爱公主房','小公举的城堡',780,624,1,64,'2016-08-16 02:21:13'),(902,'可爱公主房','小公举的城堡',798,518.7,5,64,'2016-08-03 02:21:17'),(958,'超级豪华大床房','超级大的床haha',2848,1993.6,5,60,NULL),(959,'西红柿房','入住此房赠送免费西红柿',1999,1199.4,2,60,NULL),(960,'超级豪华大床房','超级大的床',1280,1216,0,60,'2016-07-26 02:29:13'),(961,'超级豪华大床房','超级大的床',1680,1344,0,60,'2016-08-21 02:29:16'),(964,'test','test',1999,1898,9,NULL,NULL),(965,'test','test',1999,1898,9,68,NULL),(966,'test','test',1999,1898,9,68,NULL),(967,'test1','test1',1999,1898,9,NULL,NULL),(968,'test1','test1',1999,1898,9,NULL,NULL),(969,'tr','tr',1999,1898,9,68,NULL),(970,'tr','tr',1999,1898,9,68,NULL),(972,'你说','我说',1999,1898,9,68,NULL);
/*!40000 ALTER TABLE `Product` ENABLE KEYS */;
UNLOCK TABLES;

--
-- Table structure for table `ProductImage`
--

DROP TABLE IF EXISTS `ProductImage`;
/*!40101 SET @saved_cs_client     = @@character_set_client */;
/*!40101 SET character_set_client = utf8 */;
CREATE TABLE `ProductImage` (
  `id` int(11) NOT NULL AUTO_INCREMENT,
  `pid` int(11) DEFAULT NULL,
  `type` varchar(255) DEFAULT NULL,
  PRIMARY KEY (`id`),
  KEY `fk_productimage_product_` (`pid`),
  CONSTRAINT `fk_productimage_product_` FOREIGN KEY (`pid`) REFERENCES `Product` (`id`) ON DELETE SET NULL ON UPDATE CASCADE
) ENGINE=InnoDB AUTO_INCREMENT=10219 DEFAULT CHARSET=utf8;
/*!40101 SET character_set_client = @saved_cs_client */;

--
-- Dumping data for table `ProductImage`
--

LOCK TABLES `ProductImage` WRITE;
/*!40000 ALTER TABLE `ProductImage` DISABLE KEYS */;
INSERT INTO `ProductImage` VALUES (629,87,'type_single'),(630,87,'type_single'),(631,87,'type_single'),(632,87,'type_single'),(633,87,'type_detail'),(634,87,'type_detail'),(635,87,'type_detail'),(636,87,'type_detail'),(637,87,'type_detail'),(638,87,'type_detail'),(639,88,'type_single'),(640,88,'type_single'),(641,88,'type_single'),(642,88,'type_single'),(643,88,'type_single'),(644,88,'type_detail'),(645,88,'type_detail'),(646,88,'type_detail'),(647,88,'type_detail'),(648,88,'type_detail'),(649,88,'type_detail'),(650,89,'type_single'),(651,89,'type_single'),(652,89,'type_single'),(653,89,'type_single'),(654,89,'type_single'),(655,89,'type_detail'),(656,89,'type_detail'),(657,89,'type_detail'),(658,89,'type_detail'),(659,89,'type_detail'),(660,89,'type_detail'),(661,90,'type_single'),(662,90,'type_single'),(663,90,'type_single'),(664,90,'type_single'),(665,90,'type_single'),(666,90,'type_detail'),(667,90,'type_detail'),(668,90,'type_detail'),(669,90,'type_detail'),(670,90,'type_detail'),(671,90,'type_detail'),(672,NULL,'type_single'),(673,NULL,'type_single'),(674,NULL,'type_single'),(675,NULL,'type_single'),(676,NULL,'type_single'),(677,NULL,'type_detail'),(678,NULL,'type_detail'),(679,NULL,'type_detail'),(680,NULL,'type_detail'),(681,NULL,'type_detail'),(682,NULL,'type_detail'),(1276,147,'type_single'),(1277,147,'type_single'),(1278,147,'type_single'),(1279,147,'type_single'),(1280,147,'type_single'),(1281,147,'type_detail'),(1282,147,'type_detail'),(1283,147,'type_detail'),(1284,147,'type_detail'),(1285,147,'type_detail'),(1286,147,'type_detail'),(1287,148,'type_single'),(1288,148,'type_single'),(1289,148,'type_single'),(1290,148,'type_single'),(1291,148,'type_single'),(1292,148,'type_detail'),(1293,148,'type_detail'),(1294,148,'type_detail'),(1295,148,'type_detail'),(1296,148,'type_detail'),(1297,148,'type_detail'),(1298,149,'type_single'),(1299,149,'type_single'),(1300,149,'type_single'),(1301,149,'type_single'),(1302,149,'type_single'),(1303,149,'type_detail'),(1304,149,'type_detail'),(1305,149,'type_detail'),(1306,149,'type_detail'),(1307,149,'type_detail'),(1308,149,'type_detail'),(1309,150,'type_single'),(1310,150,'type_single'),(1311,150,'type_single'),(1312,150,'type_single'),(1313,150,'type_single'),(1314,150,'type_detail'),(1315,150,'type_detail'),(1316,150,'type_detail'),(1317,150,'type_detail'),(1318,150,'type_detail'),(1319,150,'type_detail'),(1320,151,'type_single'),(1321,151,'type_single'),(1322,151,'type_single'),(1323,151,'type_single'),(1324,151,'type_single'),(1325,151,'type_detail'),(1326,151,'type_detail'),(1327,151,'type_detail'),(1328,151,'type_detail'),(1329,151,'type_detail'),(1330,151,'type_detail'),(1880,202,'type_single'),(1881,202,'type_single'),(1882,202,'type_single'),(1883,202,'type_single'),(1884,202,'type_single'),(1885,202,'type_detail'),(1886,202,'type_detail'),(1887,202,'type_detail'),(1888,202,'type_detail'),(1889,202,'type_detail'),(1890,202,'type_detail'),(1891,203,'type_single'),(1892,203,'type_single'),(1893,203,'type_single'),(1894,203,'type_single'),(1895,203,'type_single'),(1896,203,'type_detail'),(1897,203,'type_detail'),(1898,203,'type_detail'),(1899,203,'type_detail'),(1900,203,'type_detail'),(1901,203,'type_detail'),(1902,204,'type_single'),(1903,204,'type_single'),(1904,204,'type_single'),(1905,204,'type_single'),(1906,204,'type_single'),(1907,204,'type_detail'),(1908,204,'type_detail'),(1909,204,'type_detail'),(1910,204,'type_detail'),(1911,204,'type_detail'),(1912,204,'type_detail'),(1913,205,'type_single'),(1914,205,'type_single'),(1915,205,'type_single'),(1916,205,'type_single'),(1917,205,'type_single'),(1918,205,'type_detail'),(1919,205,'type_detail'),(1920,205,'type_detail'),(1921,205,'type_detail'),(1922,205,'type_detail'),(1923,205,'type_detail'),(1924,206,'type_single'),(1925,206,'type_single'),(1926,206,'type_single'),(1927,206,'type_single'),(1928,206,'type_single'),(1929,206,'type_detail'),(1930,206,'type_detail'),(1931,206,'type_detail'),(1932,206,'type_detail'),(1933,206,'type_detail'),(1934,206,'type_detail'),(2533,262,'type_single'),(2534,262,'type_single'),(2535,262,'type_single'),(2536,262,'type_single'),(2537,262,'type_single'),(2538,262,'type_detail'),(2539,262,'type_detail'),(2540,262,'type_detail'),(2541,262,'type_detail'),(2542,262,'type_detail'),(2543,262,'type_detail'),(2544,263,'type_single'),(2545,263,'type_single'),(2546,263,'type_single'),(2547,263,'type_single'),(2548,263,'type_single'),(2549,263,'type_detail'),(2550,263,'type_detail'),(2551,263,'type_detail'),(2552,263,'type_detail'),(2553,263,'type_detail'),(2554,263,'type_detail'),(2555,264,'type_single'),(2556,264,'type_single'),(2557,264,'type_single'),(2558,264,'type_single'),(2559,264,'type_single'),(2560,264,'type_detail'),(2561,264,'type_detail'),(2562,264,'type_detail'),(2563,264,'type_detail'),(2564,264,'type_detail'),(2565,264,'type_detail'),(2566,265,'type_single'),(2567,265,'type_single'),(2568,265,'type_single'),(2569,265,'type_single'),(2570,265,'type_single'),(2571,265,'type_detail'),(2572,265,'type_detail'),(2573,265,'type_detail'),(2574,265,'type_detail'),(2575,265,'type_detail'),(2576,265,'type_detail'),(2577,266,'type_single'),(2578,266,'type_single'),(2579,266,'type_single'),(2580,266,'type_single'),(2581,266,'type_single'),(2582,266,'type_detail'),(2583,266,'type_detail'),(2584,266,'type_detail'),(2585,266,'type_detail'),(2586,266,'type_detail'),(2587,266,'type_detail'),(3134,317,'type_single'),(3135,317,'type_single'),(3136,317,'type_single'),(3137,317,'type_single'),(3138,317,'type_single'),(3139,317,'type_detail'),(3140,317,'type_detail'),(3141,317,'type_detail'),(3142,317,'type_detail'),(3143,317,'type_detail'),(3144,317,'type_detail'),(3145,318,'type_single'),(3146,318,'type_single'),(3147,318,'type_single'),(3148,318,'type_single'),(3149,318,'type_single'),(3150,318,'type_detail'),(3151,318,'type_detail'),(3152,318,'type_detail'),(3153,318,'type_detail'),(3154,318,'type_detail'),(3155,318,'type_detail'),(3156,319,'type_single'),(3157,319,'type_single'),(3158,319,'type_single'),(3159,319,'type_single'),(3160,319,'type_single'),(3161,319,'type_detail'),(3162,319,'type_detail'),(3163,319,'type_detail'),(3164,319,'type_detail'),(3165,319,'type_detail'),(3166,319,'type_detail'),(3167,320,'type_single'),(3168,320,'type_single'),(3169,320,'type_single'),(3170,320,'type_single'),(3171,320,'type_single'),(3172,320,'type_detail'),(3173,320,'type_detail'),(3174,320,'type_detail'),(3175,320,'type_detail'),(3176,320,'type_detail'),(3177,320,'type_detail'),(3178,321,'type_single'),(3179,321,'type_single'),(3180,321,'type_single'),(3181,321,'type_single'),(3182,321,'type_single'),(3183,321,'type_detail'),(3184,321,'type_detail'),(3185,321,'type_detail'),(3186,321,'type_detail'),(3187,321,'type_detail'),(3188,321,'type_detail'),(3748,373,'type_single'),(3749,373,'type_single'),(3750,373,'type_single'),(3751,373,'type_single'),(3752,373,'type_single'),(3753,373,'type_detail'),(3754,373,'type_detail'),(3755,373,'type_detail'),(3756,373,'type_detail'),(3757,373,'type_detail'),(3758,373,'type_detail'),(3759,374,'type_single'),(3760,374,'type_single'),(3761,374,'type_single'),(3762,374,'type_single'),(3763,374,'type_single'),(3764,374,'type_detail'),(3765,374,'type_detail'),(3766,374,'type_detail'),(3767,374,'type_detail'),(3768,374,'type_detail'),(3769,374,'type_detail'),(3770,375,'type_single'),(3771,375,'type_single'),(3772,375,'type_single'),(3773,375,'type_single'),(3774,375,'type_single'),(3775,375,'type_detail'),(3776,375,'type_detail'),(3777,375,'type_detail'),(3778,375,'type_detail'),(3779,375,'type_detail'),(3780,375,'type_detail'),(3781,376,'type_single'),(3782,376,'type_single'),(3783,376,'type_single'),(3784,376,'type_single'),(3785,376,'type_single'),(3786,376,'type_detail'),(3787,376,'type_detail'),(3788,376,'type_detail'),(3789,376,'type_detail'),(3790,376,'type_detail'),(3791,376,'type_detail'),(3792,377,'type_single'),(3793,377,'type_single'),(3794,377,'type_single'),(3795,377,'type_single'),(3796,377,'type_single'),(3797,377,'type_detail'),(3798,377,'type_detail'),(3799,377,'type_detail'),(3800,377,'type_detail'),(3801,377,'type_detail'),(3802,377,'type_detail'),(4354,429,'type_single'),(4355,429,'type_single'),(4356,429,'type_single'),(4357,429,'type_single'),(4358,429,'type_single'),(4359,429,'type_detail'),(4360,429,'type_detail'),(4361,429,'type_detail'),(4362,429,'type_detail'),(4363,429,'type_detail'),(4364,429,'type_detail'),(4365,430,'type_single'),(4366,430,'type_single'),(4367,430,'type_single'),(4368,430,'type_single'),(4369,430,'type_single'),(4370,430,'type_detail'),(4371,430,'type_detail'),(4372,430,'type_detail'),(4373,430,'type_detail'),(4374,430,'type_detail'),(4375,430,'type_detail'),(4376,431,'type_single'),(4377,431,'type_single'),(4378,431,'type_single'),(4379,431,'type_single'),(4380,431,'type_single'),(4381,431,'type_detail'),(4382,431,'type_detail'),(4383,431,'type_detail'),(4384,431,'type_detail'),(4385,431,'type_detail'),(4386,431,'type_detail'),(4387,432,'type_single'),(4388,432,'type_single'),(4389,432,'type_single'),(4390,432,'type_single'),(4391,432,'type_detail'),(4392,432,'type_detail'),(4393,432,'type_detail'),(4394,432,'type_detail'),(4395,432,'type_detail'),(4396,432,'type_detail'),(4397,433,'type_single'),(4398,433,'type_single'),(4399,433,'type_single'),(4400,433,'type_single'),(4401,433,'type_single'),(4402,433,'type_detail'),(4403,433,'type_detail'),(4404,433,'type_detail'),(4405,433,'type_detail'),(4406,433,'type_detail'),(4407,433,'type_detail'),(4573,449,'type_single'),(4574,449,'type_single'),(4575,449,'type_single'),(4576,449,'type_single'),(4577,449,'type_detail'),(4578,449,'type_detail'),(4579,449,'type_detail'),(4580,449,'type_detail'),(4581,449,'type_detail'),(4582,449,'type_detail'),(4583,450,'type_single'),(4584,450,'type_single'),(4585,450,'type_single'),(4586,450,'type_single'),(4587,450,'type_single'),(4588,450,'type_detail'),(4589,450,'type_detail'),(4590,450,'type_detail'),(4591,450,'type_detail'),(4592,450,'type_detail'),(4593,450,'type_detail'),(4594,451,'type_single'),(4595,451,'type_single'),(4596,451,'type_single'),(4597,451,'type_single'),(4598,451,'type_single'),(4599,451,'type_detail'),(4600,451,'type_detail'),(4601,451,'type_detail'),(4602,451,'type_detail'),(4603,451,'type_detail'),(4604,451,'type_detail'),(4605,452,'type_single'),(4606,452,'type_single'),(4607,452,'type_single'),(4608,452,'type_single'),(4609,452,'type_detail'),(4610,452,'type_detail'),(4611,452,'type_detail'),(4612,452,'type_detail'),(4613,452,'type_detail'),(4614,452,'type_detail'),(4615,453,'type_single'),(4616,453,'type_single'),(4617,453,'type_single'),(4618,453,'type_single'),(4619,453,'type_single'),(4620,453,'type_detail'),(4621,453,'type_detail'),(4622,453,'type_detail'),(4623,453,'type_detail'),(4624,453,'type_detail'),(4625,453,'type_detail'),(5208,509,'type_single'),(5209,509,'type_single'),(5210,509,'type_single'),(5211,509,'type_single'),(5212,509,'type_detail'),(5213,509,'type_detail'),(5214,509,'type_detail'),(5215,509,'type_detail'),(5216,509,'type_detail'),(5217,509,'type_detail'),(5218,510,'type_single'),(5219,510,'type_single'),(5220,510,'type_single'),(5221,510,'type_single'),(5222,510,'type_single'),(5223,510,'type_detail'),(5224,510,'type_detail'),(5225,510,'type_detail'),(5226,510,'type_detail'),(5227,510,'type_detail'),(5228,510,'type_detail'),(5229,511,'type_single'),(5230,511,'type_single'),(5231,511,'type_single'),(5232,511,'type_single'),(5233,511,'type_single'),(5234,511,'type_detail'),(5235,511,'type_detail'),(5236,511,'type_detail'),(5237,511,'type_detail'),(5238,511,'type_detail'),(5239,511,'type_detail'),(5240,512,'type_single'),(5241,512,'type_single'),(5242,512,'type_single'),(5243,512,'type_single'),(5244,512,'type_single'),(5245,512,'type_detail'),(5246,512,'type_detail'),(5247,512,'type_detail'),(5248,512,'type_detail'),(5249,512,'type_detail'),(5250,512,'type_detail'),(5251,513,'type_single'),(5252,513,'type_single'),(5253,513,'type_single'),(5254,513,'type_single'),(5255,513,'type_single'),(5256,513,'type_detail'),(5257,513,'type_detail'),(5258,513,'type_detail'),(5259,513,'type_detail'),(5260,513,'type_detail'),(5261,513,'type_detail'),(5823,565,'type_single'),(5824,565,'type_single'),(5825,565,'type_single'),(5826,565,'type_single'),(5827,565,'type_single'),(5828,565,'type_detail'),(5829,565,'type_detail'),(5830,565,'type_detail'),(5831,565,'type_detail'),(5832,565,'type_detail'),(5833,565,'type_detail'),(5834,NULL,'type_single'),(5835,NULL,'type_single'),(5836,NULL,'type_single'),(5837,NULL,'type_single'),(5838,NULL,'type_single'),(5839,NULL,'type_detail'),(5840,NULL,'type_detail'),(5841,NULL,'type_detail'),(5842,NULL,'type_detail'),(5843,NULL,'type_detail'),(5844,NULL,'type_detail'),(5845,567,'type_single'),(5846,567,'type_single'),(5847,567,'type_single'),(5848,567,'type_single'),(5849,567,'type_detail'),(5850,567,'type_detail'),(5851,567,'type_detail'),(5852,567,'type_detail'),(5853,567,'type_detail'),(5854,567,'type_detail'),(5855,NULL,'type_single'),(5856,NULL,'type_single'),(5857,NULL,'type_single'),(5858,NULL,'type_single'),(5859,NULL,'type_single'),(5860,NULL,'type_detail'),(5861,NULL,'type_detail'),(5862,NULL,'type_detail'),(5863,NULL,'type_detail'),(5864,NULL,'type_detail'),(5865,NULL,'type_detail'),(5866,NULL,'type_single'),(5867,NULL,'type_single'),(5868,NULL,'type_single'),(5869,NULL,'type_single'),(5870,NULL,'type_single'),(5871,NULL,'type_detail'),(5872,NULL,'type_detail'),(5873,NULL,'type_detail'),(5874,NULL,'type_detail'),(5875,NULL,'type_detail'),(5876,NULL,'type_detail'),(6427,620,'type_single'),(6428,620,'type_single'),(6429,620,'type_single'),(6430,620,'type_single'),(6431,620,'type_single'),(6432,620,'type_detail'),(6433,620,'type_detail'),(6434,620,'type_detail'),(6435,620,'type_detail'),(6436,620,'type_detail'),(6437,620,'type_detail'),(6438,621,'type_single'),(6439,621,'type_single'),(6440,621,'type_single'),(6441,621,'type_single'),(6442,621,'type_single'),(6443,621,'type_detail'),(6444,621,'type_detail'),(6445,621,'type_detail'),(6446,621,'type_detail'),(6447,621,'type_detail'),(6448,621,'type_detail'),(6449,622,'type_single'),(6450,622,'type_single'),(6451,622,'type_single'),(6452,622,'type_single'),(6453,622,'type_single'),(6454,622,'type_detail'),(6455,622,'type_detail'),(6456,622,'type_detail'),(6457,622,'type_detail'),(6458,622,'type_detail'),(6459,622,'type_detail'),(6460,623,'type_single'),(6461,623,'type_single'),(6462,623,'type_single'),(6463,623,'type_single'),(6464,623,'type_single'),(6465,623,'type_detail'),(6466,623,'type_detail'),(6467,623,'type_detail'),(6468,623,'type_detail'),(6469,623,'type_detail'),(6470,623,'type_detail'),(6471,624,'type_single'),(6472,624,'type_single'),(6473,624,'type_single'),(6474,624,'type_single'),(6475,624,'type_single'),(6476,624,'type_detail'),(6477,624,'type_detail'),(6478,624,'type_detail'),(6479,624,'type_detail'),(6480,624,'type_detail'),(6481,624,'type_detail'),(7010,673,'type_single'),(7011,673,'type_single'),(7012,673,'type_single'),(7013,673,'type_single'),(7014,673,'type_single'),(7015,673,'type_detail'),(7016,673,'type_detail'),(7017,673,'type_detail'),(7018,673,'type_detail'),(7019,673,'type_detail'),(7020,673,'type_detail'),(7021,674,'type_single'),(7022,674,'type_single'),(7023,674,'type_single'),(7024,674,'type_single'),(7025,674,'type_single'),(7026,674,'type_detail'),(7027,674,'type_detail'),(7028,674,'type_detail'),(7029,674,'type_detail'),(7030,674,'type_detail'),(7031,674,'type_detail'),(7032,675,'type_single'),(7033,675,'type_single'),(7034,675,'type_single'),(7035,675,'type_single'),(7036,675,'type_single'),(7037,675,'type_detail'),(7038,675,'type_detail'),(7039,675,'type_detail'),(7040,675,'type_detail'),(7041,675,'type_detail'),(7042,675,'type_detail'),(7043,676,'type_single'),(7044,676,'type_single'),(7045,676,'type_single'),(7046,676,'type_single'),(7047,676,'type_single'),(7048,676,'type_detail'),(7049,676,'type_detail'),(7050,676,'type_detail'),(7051,676,'type_detail'),(7052,676,'type_detail'),(7053,676,'type_detail'),(7054,677,'type_single'),(7055,677,'type_single'),(7056,677,'type_single'),(7057,677,'type_single'),(7058,677,'type_single'),(7059,677,'type_detail'),(7060,677,'type_detail'),(7061,677,'type_detail'),(7062,677,'type_detail'),(7063,677,'type_detail'),(7064,677,'type_detail'),(7626,729,'type_single'),(7627,729,'type_single'),(7628,729,'type_single'),(7629,729,'type_single'),(7630,729,'type_single'),(7631,729,'type_detail'),(7632,729,'type_detail'),(7633,729,'type_detail'),(7634,729,'type_detail'),(7635,729,'type_detail'),(7636,729,'type_detail'),(7637,730,'type_single'),(7638,730,'type_single'),(7639,730,'type_single'),(7640,730,'type_single'),(7641,730,'type_single'),(7642,730,'type_detail'),(7643,730,'type_detail'),(7644,730,'type_detail'),(7645,730,'type_detail'),(7646,730,'type_detail'),(7647,730,'type_detail'),(7648,731,'type_single'),(7649,731,'type_single'),(7650,731,'type_single'),(7651,731,'type_single'),(7652,731,'type_single'),(7653,731,'type_detail'),(7654,731,'type_detail'),(7655,731,'type_detail'),(7656,731,'type_detail'),(7657,731,'type_detail'),(7658,731,'type_detail'),(7659,732,'type_single'),(7660,732,'type_single'),(7661,732,'type_single'),(7662,732,'type_single'),(7663,732,'type_single'),(7664,732,'type_detail'),(7665,732,'type_detail'),(7666,732,'type_detail'),(7667,732,'type_detail'),(7668,732,'type_detail'),(7669,732,'type_detail'),(7670,733,'type_single'),(7671,733,'type_single'),(7672,733,'type_single'),(7673,733,'type_single'),(7674,733,'type_single'),(7675,733,'type_detail'),(7676,733,'type_detail'),(7677,733,'type_detail'),(7678,733,'type_detail'),(7679,733,'type_detail'),(7680,733,'type_detail'),(8231,784,'type_single'),(8232,784,'type_single'),(8233,784,'type_single'),(8234,784,'type_single'),(8235,784,'type_single'),(8236,784,'type_detail'),(8237,784,'type_detail'),(8238,784,'type_detail'),(8239,784,'type_detail'),(8240,784,'type_detail'),(8241,784,'type_detail'),(8242,785,'type_single'),(8243,785,'type_single'),(8244,785,'type_single'),(8245,785,'type_single'),(8246,785,'type_single'),(8247,785,'type_detail'),(8248,785,'type_detail'),(8249,785,'type_detail'),(8250,785,'type_detail'),(8251,785,'type_detail'),(8252,785,'type_detail'),(8253,786,'type_single'),(8254,786,'type_single'),(8255,786,'type_single'),(8256,786,'type_single'),(8257,786,'type_single'),(8258,786,'type_detail'),(8259,786,'type_detail'),(8260,786,'type_detail'),(8261,786,'type_detail'),(8262,786,'type_detail'),(8263,786,'type_detail'),(8264,787,'type_single'),(8265,787,'type_single'),(8266,787,'type_single'),(8267,787,'type_single'),(8268,787,'type_single'),(8269,787,'type_detail'),(8270,787,'type_detail'),(8271,787,'type_detail'),(8272,787,'type_detail'),(8273,787,'type_detail'),(8274,787,'type_detail'),(8275,788,'type_single'),(8276,788,'type_single'),(8277,788,'type_single'),(8278,788,'type_single'),(8279,788,'type_single'),(8280,788,'type_detail'),(8281,788,'type_detail'),(8282,788,'type_detail'),(8283,788,'type_detail'),(8284,788,'type_detail'),(8285,788,'type_detail'),(8891,844,'type_single'),(8892,844,'type_single'),(8893,844,'type_single'),(8894,844,'type_single'),(8895,844,'type_single'),(8896,844,'type_detail'),(8897,844,'type_detail'),(8898,844,'type_detail'),(8899,844,'type_detail'),(8900,844,'type_detail'),(8901,844,'type_detail'),(8902,845,'type_single'),(8903,845,'type_single'),(8904,845,'type_single'),(8905,845,'type_single'),(8906,845,'type_single'),(8907,845,'type_detail'),(8908,845,'type_detail'),(8909,845,'type_detail'),(8910,845,'type_detail'),(8911,845,'type_detail'),(8912,845,'type_detail'),(8913,846,'type_single'),(8914,846,'type_single'),(8915,846,'type_single'),(8916,846,'type_single'),(8917,846,'type_single'),(8918,846,'type_detail'),(8919,846,'type_detail'),(8920,846,'type_detail'),(8921,846,'type_detail'),(8922,846,'type_detail'),(8923,846,'type_detail'),(8924,847,'type_single'),(8925,847,'type_single'),(8926,847,'type_single'),(8927,847,'type_single'),(8928,847,'type_single'),(8929,847,'type_detail'),(8930,847,'type_detail'),(8931,847,'type_detail'),(8932,847,'type_detail'),(8933,847,'type_detail'),(8934,847,'type_detail'),(8935,848,'type_single'),(8936,848,'type_single'),(8937,848,'type_single'),(8938,848,'type_single'),(8939,848,'type_single'),(8940,848,'type_detail'),(8941,848,'type_detail'),(8942,848,'type_detail'),(8943,848,'type_detail'),(8944,848,'type_detail'),(8945,848,'type_detail'),(9495,899,'type_single'),(9496,899,'type_single'),(9497,899,'type_single'),(9498,899,'type_single'),(9499,899,'type_single'),(9500,899,'type_detail'),(9501,899,'type_detail'),(9502,899,'type_detail'),(9503,899,'type_detail'),(9504,899,'type_detail'),(9505,899,'type_detail'),(9506,900,'type_single'),(9507,900,'type_single'),(9508,900,'type_single'),(9509,900,'type_single'),(9510,900,'type_single'),(9511,900,'type_detail'),(9512,900,'type_detail'),(9513,900,'type_detail'),(9514,900,'type_detail'),(9515,900,'type_detail'),(9516,900,'type_detail'),(9517,901,'type_single'),(9518,901,'type_single'),(9519,901,'type_single'),(9520,901,'type_single'),(9521,901,'type_single'),(9522,901,'type_detail'),(9523,901,'type_detail'),(9524,901,'type_detail'),(9525,901,'type_detail'),(9526,901,'type_detail'),(9527,901,'type_detail'),(9528,902,'type_single'),(9529,902,'type_single'),(9530,902,'type_single'),(9531,902,'type_single'),(9532,902,'type_single'),(9533,902,'type_detail'),(9534,902,'type_detail'),(9535,902,'type_detail'),(9536,902,'type_detail'),(9537,902,'type_detail'),(9538,902,'type_detail'),(9539,NULL,'type_single'),(9540,NULL,'type_single'),(9541,NULL,'type_single'),(9542,NULL,'type_single'),(9543,NULL,'type_single'),(9544,NULL,'type_detail'),(9545,NULL,'type_detail'),(9546,NULL,'type_detail'),(9547,NULL,'type_detail'),(9548,NULL,'type_detail'),(9549,NULL,'type_detail'),(10144,958,'type_single'),(10145,958,'type_single'),(10146,958,'type_single'),(10147,958,'type_single'),(10148,958,'type_single'),(10150,958,'type_detail'),(10151,958,'type_detail'),(10152,958,'type_detail'),(10153,958,'type_detail'),(10154,958,'type_detail'),(10155,959,'type_single'),(10156,959,'type_single'),(10157,959,'type_single'),(10158,959,'type_single'),(10159,959,'type_single'),(10160,959,'type_detail'),(10161,959,'type_detail'),(10162,959,'type_detail'),(10163,959,'type_detail'),(10164,959,'type_detail'),(10165,959,'type_detail'),(10166,960,'type_single'),(10167,960,'type_single'),(10168,960,'type_single'),(10169,960,'type_single'),(10170,960,'type_single'),(10171,960,'type_detail'),(10172,960,'type_detail'),(10173,960,'type_detail'),(10174,960,'type_detail'),(10175,960,'type_detail'),(10176,960,'type_detail'),(10177,961,'type_single'),(10178,961,'type_single'),(10179,961,'type_single'),(10180,961,'type_single'),(10181,961,'type_single'),(10182,961,'type_detail'),(10183,961,'type_detail'),(10184,961,'type_detail'),(10185,961,'type_detail'),(10186,961,'type_detail'),(10187,961,'type_detail'),(10188,NULL,'type_single'),(10189,NULL,'type_single'),(10190,NULL,'type_single'),(10191,NULL,'type_single'),(10192,NULL,'type_single'),(10193,NULL,'type_detail'),(10194,NULL,'type_detail'),(10195,NULL,'type_detail'),(10196,NULL,'type_detail'),(10197,NULL,'type_detail'),(10198,NULL,'type_detail'),(10199,958,'type_single'),(10200,958,'type_detail'),(10201,958,'type_single'),(10203,958,'type_single'),(10215,958,'type_single'),(10216,958,'type_single'),(10217,958,'type_detail'),(10218,958,'type_single');
/*!40000 ALTER TABLE `ProductImage` ENABLE KEYS */;
UNLOCK TABLES;

--
-- Table structure for table `Property`
--

DROP TABLE IF EXISTS `Property`;
/*!40101 SET @saved_cs_client     = @@character_set_client */;
/*!40101 SET character_set_client = utf8 */;
CREATE TABLE `Property` (
  `id` int(11) NOT NULL AUTO_INCREMENT,
  `cid` int(11) DEFAULT NULL,
  `name` varchar(255) DEFAULT NULL,
  PRIMARY KEY (`id`),
  KEY `fk_property_category` (`cid`),
  CONSTRAINT `fk_property_category` FOREIGN KEY (`cid`) REFERENCES `Category` (`id`)
) ENGINE=InnoDB AUTO_INCREMENT=261 DEFAULT CHARSET=utf8;
/*!40101 SET character_set_client = @saved_cs_client */;

--
-- Dumping data for table `Property`
--

LOCK TABLES `Property` WRITE;
/*!40000 ALTER TABLE `Property` DISABLE KEYS */;
INSERT INTO `Property` VALUES (2,83,'电器配置'),(3,83,'网络'),(4,83,'停车场'),(5,83,'海景'),(6,83,'地铁'),(7,83,'公交'),(8,83,'接送服务'),(9,83,'浴池'),(10,83,'马桶'),(11,83,'阳台'),(12,83,'泳池'),(13,83,'test'),(14,82,'星级'),(15,82,'电器配置'),(16,82,'网络'),(17,82,'停车场'),(18,82,'海景'),(19,82,'地铁'),(20,82,'公交'),(21,82,'接送服务'),(22,82,'浴池'),(23,82,'马桶'),(24,82,'泳池'),(25,82,'电脑'),(26,82,'阳台'),(28,81,'电器配置'),(29,81,'网络'),(30,81,'停车场'),(31,81,'海景'),(32,81,'地铁'),(33,81,'公交'),(34,81,'接送服务'),(35,81,'马桶'),(36,81,'浴池'),(37,81,'泳池'),(38,81,'阳台'),(39,81,'电脑'),(40,81,'城市'),(41,81,'星级'),(42,81,'电器配置'),(43,81,'网络'),(44,81,'停车场'),(45,81,'海景'),(46,81,'地铁'),(47,81,'公交'),(48,81,'接送服务'),(49,81,'马桶'),(50,81,'浴池'),(51,81,'泳池'),(52,81,'电脑'),(53,81,'型号'),(54,81,'城市'),(55,81,''),(56,81,'安装说明详情'),(57,80,'品牌'),(58,80,'证书状态'),(59,80,'3C产品型号'),(60,80,'申请人名称'),(61,80,'证书编号'),(62,80,'型号'),(63,80,'控制方式'),(64,80,'制造商名称'),(65,80,'款式'),(66,80,'产品名称'),(67,80,'能效等级'),(68,79,'上市时间'),(69,79,'款式'),(70,79,'是否商场同款'),(71,79,'货号'),(72,79,'品牌'),(73,78,'液晶显示'),(74,78,'尘盒容量'),(75,78,'外观造型'),(76,78,'功能'),(77,78,'最高高度'),(78,78,'碰撞保护'),(79,78,'是否自动充电'),(80,78,'电池容量'),(81,78,'有无虚拟墙'),(82,78,'是否有定时预约功能'),(83,78,'货号'),(84,78,'颜色分类'),(85,78,'清扫路线'),(86,78,'是否带遥控器'),(88,77,'转速'),(89,77,'证书状态'),(90,77,'3C产品型号'),(91,77,'申请人名称'),(92,77,'额定功率'),(93,77,'证书编号'),(94,77,'型号'),(95,77,'制造商名称'),(96,77,'附加功能'),(97,77,'采购地'),(98,77,'机身材质'),(99,77,'颜色分类'),(100,77,'产品名称'),(101,77,'操作方式'),(102,76,'冰箱冷柜机型'),(103,76,'证书状态'),(104,76,'箱门结构'),(105,76,'美菱冰箱型号'),(106,76,'3C产品型号'),(107,76,'申请人名称'),(108,76,'证书编号'),(109,76,'制造商名称'),(110,76,'制冷方式'),(111,76,'产品名称'),(112,76,'能效等级'),(113,75,'空调类型'),(114,75,'证书状态'),(115,75,'证书编号'),(116,75,'海信空调型号'),(117,75,'工作方式'),(118,75,'冷暖类型'),(119,75,'产品名称'),(120,75,'能效等级'),(121,75,'空调功率'),(122,75,'适用面积'),(123,74,'风格'),(124,74,'颜色分类'),(125,74,'显示方式'),(126,74,'表壳材质'),(127,74,'机芯类型'),(128,74,'手表镜面材质'),(129,74,'机芯产地'),(130,74,'表盘厚度'),(131,74,'品牌产地'),(132,74,'成色'),(133,74,'表盘直径'),(134,74,'上市时间'),(135,74,'表带材质'),(136,74,'保修'),(137,74,'品牌'),(138,74,'形状'),(139,74,'防水深度'),(140,74,'流行元素'),(141,74,'手表种类'),(142,74,'型号'),(143,73,'风格'),(144,73,'颜色分类'),(145,73,'显示方式'),(146,73,'表壳材质'),(147,73,'机芯类型'),(148,73,'手表镜面材质'),(149,73,'表扣款式'),(150,73,'表盘厚度'),(151,73,'品牌产地'),(152,73,'表盘直径'),(153,73,'成色'),(154,73,'上市时间'),(155,73,'表带材质'),(156,73,'保修'),(157,73,'品牌'),(158,73,'形状'),(159,73,'防水深度'),(160,73,'表底类型'),(161,73,'表冠类型'),(162,73,'流行元素'),(163,73,'手表种类'),(164,73,'型号'),(165,72,'风格'),(166,72,'大小'),(167,72,'内部结构'),(168,72,'颜色分类'),(169,72,'箱包硬度'),(170,72,'款式'),(171,72,'图案'),(172,72,'成色'),(173,72,'里料材质'),(174,72,'上市时间'),(175,72,'品牌'),(176,72,'形状'),(177,72,'箱包外袋种类'),(178,72,'适用对象'),(179,72,'质地'),(180,72,'拿包方式'),(181,72,'适用场景'),(182,72,'提拎部件类型'),(183,72,'闭合方式'),(184,72,'是否可折叠'),(185,72,'有夹层'),(186,72,'货号'),(187,72,'皮革材质'),(188,71,'销售渠道类型'),(189,71,'面料分类'),(190,71,'上市年份季节'),(191,71,'品牌'),(192,71,'货号'),(193,71,'基础风格'),(194,71,'材质成分'),(195,71,'厚薄'),(196,69,'风格'),(197,69,'鞋面材质'),(198,69,'低帮鞋品名'),(199,69,'鞋底材质'),(200,69,'颜色分类'),(201,69,'上市年份季节'),(202,69,'款式'),(203,69,'图案'),(204,69,'鞋面内里材质'),(205,69,'季节'),(206,69,'细分风格'),(207,69,'鞋跟高'),(208,69,'品牌'),(209,69,'适用对象'),(210,69,'销售渠道类型'),(211,69,'功能'),(212,69,'鞋制作工艺'),(213,69,'尺码'),(214,69,'闭合方式'),(215,69,'流行元素'),(216,69,'跟底款式'),(217,69,'货号'),(218,69,'鞋头款式'),(219,69,'鞋垫材质'),(220,69,'场合'),(221,68,'适用年龄'),(222,68,'颜色分类'),(223,68,'上市年份季节'),(224,68,'尺码'),(225,68,'货号'),(226,68,'品牌'),(227,68,'材质成分'),(228,64,'地区'),(230,64,'始营业时间'),(231,64,'房型'),(232,64,'功能'),(233,64,'适用性别'),(234,64,'风格'),(235,64,'价格区间'),(236,64,'面积'),(239,64,'房源号'),(241,64,'是否可调'),(242,64,'适合人群'),(245,60,'3C产品型号'),(246,60,'申请人名称'),(247,60,'安装接口'),(248,60,'适合体重'),(249,60,'证书编号'),(250,60,'型号'),(251,60,'制造商名称'),(252,60,'颜色分类'),(253,60,'款式'),(254,60,'产品名称'),(255,60,'人体固定方式'),(257,60,'适用年龄'),(258,83,'测试'),(259,NULL,'可以属性'),(260,NULL,'可以属性');
/*!40000 ALTER TABLE `Property` ENABLE KEYS */;
UNLOCK TABLES;

--
-- Table structure for table `PropertyValue`
--

DROP TABLE IF EXISTS `PropertyValue`;
/*!40101 SET @saved_cs_client     = @@character_set_client */;
/*!40101 SET character_set_client = utf8 */;
CREATE TABLE `PropertyValue` (
  `id` int(11) NOT NULL AUTO_INCREMENT,
  `pid` int(11) DEFAULT NULL,
  `ptid` int(11) DEFAULT NULL,
  `value` varchar(255) DEFAULT NULL,
  PRIMARY KEY (`id`),
  KEY `fk_propertyvalue_propert` (`ptid`),
  CONSTRAINT `fk_propertyvalue_propert` FOREIGN KEY (`ptid`) REFERENCES `Property` (`id`) ON DELETE CASCADE ON UPDATE CASCADE
) ENGINE=InnoDB AUTO_INCREMENT=14092 DEFAULT CHARSET=utf8;
/*!40101 SET character_set_client = @saved_cs_client */;

--
-- Dumping data for table `PropertyValue`
--

LOCK TABLES `PropertyValue` WRITE;
/*!40000 ALTER TABLE `PropertyValue` DISABLE KEYS */;
INSERT INTO `PropertyValue` VALUES (716,87,13,'nice'),(717,87,12,'nice'),(718,87,11,'nice'),(719,87,10,'nice'),(720,87,9,'nice'),(721,87,8,'nice'),(722,87,7,'nice'),(723,87,6,'nice'),(724,87,5,'nice'),(725,87,4,'nice'),(726,87,3,'nice'),(727,87,2,'nice'),(729,88,13,'nice'),(730,88,12,'nice'),(731,88,11,'nice'),(732,88,10,'nice'),(733,88,9,'nice'),(734,88,8,'nice'),(735,88,7,'nice'),(736,88,6,'nice'),(737,88,5,'nice'),(738,88,4,'nice'),(739,88,3,'nice'),(740,88,2,'nice'),(742,89,13,'nice'),(743,89,12,'nice'),(744,89,11,'nice'),(745,89,10,'nice'),(746,89,9,'nice'),(747,89,8,'nice'),(748,89,7,'nice'),(749,89,6,'nice'),(750,89,5,'nice'),(751,89,4,'nice'),(752,89,3,'nice'),(753,89,2,'nice'),(755,90,13,'nice'),(756,90,12,'nice'),(757,90,11,'nice'),(758,90,10,'nice'),(759,90,9,'nice'),(760,90,8,'nice'),(761,90,7,'nice'),(762,90,6,'nice'),(763,90,5,'nice'),(764,90,4,'nice'),(765,90,3,'nice'),(766,90,2,'nice'),(768,91,13,'nice'),(769,91,12,'nice'),(770,91,11,'nice'),(771,91,10,'nice'),(772,91,9,'nice'),(773,91,8,'nice'),(774,91,7,'nice'),(775,91,6,'nice'),(776,91,5,'nice'),(777,91,4,'nice'),(778,91,3,'nice'),(779,91,2,'nice'),(781,92,26,'nice'),(782,92,25,'nice'),(783,92,24,'nice'),(784,92,23,'nice'),(785,92,22,'nice'),(786,92,21,'nice'),(787,92,20,'nice'),(788,92,19,'nice'),(789,92,18,'nice'),(790,92,17,'nice'),(791,92,16,'nice'),(792,92,15,'nice'),(793,92,14,'nice'),(794,93,26,'nice'),(795,93,25,'nice'),(796,93,24,'nice'),(797,93,23,'nice'),(798,93,22,'nice'),(799,93,21,'nice'),(800,93,20,'nice'),(801,93,19,'nice'),(802,93,18,'nice'),(803,93,17,'nice'),(804,93,16,'nice'),(805,93,15,'nice'),(806,93,14,'nice'),(807,94,26,'nice'),(808,94,25,'nice'),(809,94,24,'nice'),(810,94,23,'nice'),(811,94,22,'nice'),(812,94,21,'nice'),(813,94,20,'nice'),(814,94,19,'nice'),(815,94,18,'nice'),(816,94,17,'nice'),(817,94,16,'nice'),(818,94,15,'nice'),(819,94,14,'nice'),(820,95,26,'nice'),(821,95,25,'nice'),(822,95,24,'nice'),(823,95,23,'nice'),(824,95,22,'nice'),(825,95,21,'nice'),(826,95,20,'nice'),(827,95,19,'nice'),(828,95,18,'nice'),(829,95,17,'nice'),(830,95,16,'nice'),(831,95,15,'nice'),(832,95,14,'nice'),(833,96,26,'nice'),(834,96,25,'nice'),(835,96,24,'nice'),(836,96,23,'nice'),(837,96,22,'nice'),(838,96,21,'nice'),(839,96,20,'nice'),(840,96,19,'nice'),(841,96,18,'nice'),(842,96,17,'nice'),(843,96,16,'nice'),(844,96,15,'nice'),(845,96,14,'nice'),(846,97,26,'nice'),(847,97,25,'nice'),(848,97,24,'nice'),(849,97,23,'nice'),(850,97,22,'nice'),(851,97,21,'nice'),(852,97,20,'nice'),(853,97,19,'nice'),(854,97,18,'nice'),(855,97,17,'nice'),(856,97,16,'nice'),(857,97,15,'nice'),(858,97,14,'nice'),(859,98,26,'nice'),(860,98,25,'nice'),(861,98,24,'nice'),(862,98,23,'nice'),(863,98,22,'nice'),(864,98,21,'nice'),(865,98,20,'nice'),(866,98,19,'nice'),(867,98,18,'nice'),(868,98,17,'nice'),(869,98,16,'nice'),(870,98,15,'nice'),(871,98,14,'nice'),(872,99,26,'nice'),(873,99,25,'nice'),(874,99,24,'nice'),(875,99,23,'nice'),(876,99,22,'nice'),(877,99,21,'nice'),(878,99,20,'nice'),(879,99,19,'nice'),(880,99,18,'nice'),(881,99,17,'nice'),(882,99,16,'nice'),(883,99,15,'nice'),(884,99,14,'nice'),(885,100,26,'nice'),(886,100,25,'nice'),(887,100,24,'nice'),(888,100,23,'nice'),(889,100,22,'nice'),(890,100,21,'nice'),(891,100,20,'nice'),(892,100,19,'nice'),(893,100,18,'nice'),(894,100,17,'nice'),(895,100,16,'nice'),(896,100,15,'nice'),(897,100,14,'nice'),(898,101,26,'nice'),(899,101,25,'nice'),(900,101,24,'nice'),(901,101,23,'nice'),(902,101,22,'nice'),(903,101,21,'nice'),(904,101,20,'nice'),(905,101,19,'nice'),(906,101,18,'nice'),(907,101,17,'nice'),(908,101,16,'nice'),(909,101,15,'nice'),(910,101,14,'nice'),(911,102,26,'nice'),(912,102,25,'nice'),(913,102,24,'nice'),(914,102,23,'nice'),(915,102,22,'nice'),(916,102,21,'nice'),(917,102,20,'nice'),(918,102,19,'nice'),(919,102,18,'nice'),(920,102,17,'nice'),(921,102,16,'nice'),(922,102,15,'nice'),(923,102,14,'nice'),(924,103,26,'nice'),(925,103,25,'nice'),(926,103,24,'nice'),(927,103,23,'nice'),(928,103,22,'nice'),(929,103,21,'nice'),(930,103,20,'nice'),(931,103,19,'nice'),(932,103,18,'nice'),(933,103,17,'nice'),(934,103,16,'nice'),(935,103,15,'nice'),(936,103,14,'nice'),(937,104,26,'nice'),(938,104,25,'nice'),(939,104,24,'nice'),(940,104,23,'nice'),(941,104,22,'nice'),(942,104,21,'nice'),(943,104,20,'nice'),(944,104,19,'nice'),(945,104,18,'nice'),(946,104,17,'nice'),(947,104,16,'nice'),(948,104,15,'nice'),(949,104,14,'nice'),(950,105,26,'nice'),(951,105,25,'nice'),(952,105,24,'nice'),(953,105,23,'nice'),(954,105,22,'nice'),(955,105,21,'nice'),(956,105,20,'nice'),(957,105,19,'nice'),(958,105,18,'nicegfdv'),(959,105,17,'nice'),(960,105,16,'nice'),(961,105,15,'nice'),(962,105,14,'nice'),(963,106,26,'nice'),(964,106,25,'nice'),(965,106,24,'nice'),(966,106,23,'nice'),(967,106,22,'nice'),(968,106,21,'nice'),(969,106,20,'nice'),(970,106,19,'nice'),(971,106,18,'nice'),(972,106,17,'nice'),(973,106,16,'nice'),(974,106,15,'nice'),(975,106,14,'nice'),(976,107,26,'nice'),(977,107,25,'nice'),(978,107,24,'nice'),(979,107,23,'nice'),(980,107,22,'nice'),(981,107,21,'nice'),(982,107,20,'nice'),(983,107,19,'nice'),(984,107,18,'nice'),(985,107,17,'nice'),(986,107,16,'nice'),(987,107,15,'nice'),(988,107,14,'nice'),(989,108,26,'nice'),(990,108,25,'nice'),(991,108,24,'nice'),(992,108,23,'nice'),(993,108,22,'nice'),(994,108,21,'nice'),(995,108,20,'nice'),(996,108,19,'nice'),(997,108,18,'nice'),(998,108,17,'nice'),(999,108,16,'nice'),(1000,108,15,'nice'),(1001,108,14,'nice'),(1002,109,26,'nice'),(1003,109,25,'nice'),(1004,109,24,'nice'),(1005,109,23,'nice'),(1006,109,22,'nice'),(1007,109,21,'nice'),(1008,109,20,'nice'),(1009,109,19,'nice'),(1010,109,18,'nice'),(1011,109,17,'nice'),(1012,109,16,'nice'),(1013,109,15,'nice'),(1014,109,14,'nice'),(1015,110,26,'nice'),(1016,110,25,'nice'),(1017,110,24,'nice'),(1018,110,23,'nice'),(1019,110,22,'nice'),(1020,110,21,'nice'),(1021,110,20,'nice'),(1022,110,19,'nice'),(1023,110,18,'nice'),(1024,110,17,'nice'),(1025,110,16,'nice'),(1026,110,15,'nice'),(1027,110,14,'nice'),(1028,111,26,'nice'),(1029,111,25,'nice'),(1030,111,24,'nice'),(1031,111,23,'nice'),(1032,111,22,'nice'),(1033,111,21,'nice'),(1034,111,20,'nice'),(1035,111,19,'nice'),(1036,111,18,'nice'),(1037,111,17,'nice'),(1038,111,16,'nice'),(1039,111,15,'nice'),(1040,111,14,'nice'),(1041,112,26,'nice'),(1042,112,25,'nice'),(1043,112,24,'nice'),(1044,112,23,'nice'),(1045,112,22,'nice'),(1046,112,21,'nice'),(1047,112,20,'nice'),(1048,112,19,'nice'),(1049,112,18,'nice'),(1050,112,17,'nice'),(1051,112,16,'nice'),(1052,112,15,'nice'),(1053,112,14,'nice'),(1054,113,26,'nice'),(1055,113,25,'nice'),(1056,113,24,'nice'),(1057,113,23,'nice'),(1058,113,22,'nice'),(1059,113,21,'nice'),(1060,113,20,'nice'),(1061,113,19,'nice'),(1062,113,18,'nice'),(1063,113,17,'nice'),(1064,113,16,'nice'),(1065,113,15,'nice'),(1066,113,14,'nice'),(1067,114,26,'nice'),(1068,114,25,'nice'),(1069,114,24,'nice'),(1070,114,23,'nice'),(1071,114,22,'nice'),(1072,114,21,'nice'),(1073,114,20,'nice'),(1074,114,19,'nice'),(1075,114,18,'nice'),(1076,114,17,'nice'),(1077,114,16,'nice'),(1078,114,15,'nice'),(1079,114,14,'nice'),(1080,115,26,'nice'),(1081,115,25,'nice'),(1082,115,24,'nice'),(1083,115,23,'nice'),(1084,115,22,'nice'),(1085,115,21,'nice'),(1086,115,20,'nice'),(1087,115,19,'nice'),(1088,115,18,'nice'),(1089,115,17,'nice'),(1090,115,16,'nice'),(1091,115,15,'nice'),(1092,115,14,'nice'),(1093,116,26,'nice'),(1094,116,25,'nice'),(1095,116,24,'nice'),(1096,116,23,'nice'),(1097,116,22,'nice'),(1098,116,21,'nice'),(1099,116,20,'nice'),(1100,116,19,'nice'),(1101,116,18,'nice'),(1102,116,17,'nice'),(1103,116,16,'nice'),(1104,116,15,'nice'),(1105,116,14,'nice'),(1106,117,26,'nice'),(1107,117,25,'nice'),(1108,117,24,'nice'),(1109,117,23,'nice'),(1110,117,22,'nice'),(1111,117,21,'nice'),(1112,117,20,'nice'),(1113,117,19,'nice'),(1114,117,18,'nice'),(1115,117,17,'nice'),(1116,117,16,'nice'),(1117,117,15,'nice'),(1118,117,14,'nice'),(1119,118,26,'nice'),(1120,118,25,'nice'),(1121,118,24,'nice'),(1122,118,23,'nice'),(1123,118,22,'nice'),(1124,118,21,'nice'),(1125,118,20,'nice'),(1126,118,19,'nice'),(1127,118,18,'nice'),(1128,118,17,'nice'),(1129,118,16,'nice'),(1130,118,15,'nice'),(1131,118,14,'nice'),(1132,119,26,'nice'),(1133,119,25,'nice'),(1134,119,24,'nice'),(1135,119,23,'nice'),(1136,119,22,'nice'),(1137,119,21,'nice'),(1138,119,20,'nice'),(1139,119,19,'nice'),(1140,119,18,'nice'),(1141,119,17,'nice'),(1142,119,16,'nice'),(1143,119,15,'nice'),(1144,119,14,'nice'),(1145,120,26,'nice'),(1146,120,25,'nice'),(1147,120,24,'nice'),(1148,120,23,'nice'),(1149,120,22,'nice'),(1150,120,21,'nice'),(1151,120,20,'nice'),(1152,120,19,'nice'),(1153,120,18,'nice'),(1154,120,17,'nice'),(1155,120,16,'nice'),(1156,120,15,'nice'),(1157,120,14,'nice'),(1158,121,26,'nice'),(1159,121,25,'nice'),(1160,121,24,'nice'),(1161,121,23,'nice'),(1162,121,22,'nice'),(1163,121,21,'nice'),(1164,121,20,'nice'),(1165,121,19,'nice'),(1166,121,18,'nice'),(1167,121,17,'nice'),(1168,121,16,'nice'),(1169,121,15,'nice'),(1170,121,14,'nice'),(1171,122,26,'nice'),(1172,122,25,'nice'),(1173,122,24,'nice'),(1174,122,23,'nice'),(1175,122,22,'nice'),(1176,122,21,'nice'),(1177,122,20,'nice'),(1178,122,19,'nice'),(1179,122,18,'nice'),(1180,122,17,'nice'),(1181,122,16,'nice'),(1182,122,15,'nice'),(1183,122,14,'nice'),(1184,123,26,'nice'),(1185,123,25,'nice'),(1186,123,24,'nice'),(1187,123,23,'nice'),(1188,123,22,'nice'),(1189,123,21,'nice'),(1190,123,20,'nice'),(1191,123,19,'nice'),(1192,123,18,'nice'),(1193,123,17,'nice'),(1194,123,16,'nice'),(1195,123,15,'nice'),(1196,123,14,'nice'),(1197,124,26,'nice'),(1198,124,25,'nice'),(1199,124,24,'nice'),(1200,124,23,'nice'),(1201,124,22,'nice'),(1202,124,21,'nice'),(1203,124,20,'nice'),(1204,124,19,'nice'),(1205,124,18,'nice'),(1206,124,17,'nice'),(1207,124,16,'nice'),(1208,124,15,'nice'),(1209,124,14,'nice'),(1210,125,26,'nice'),(1211,125,25,'nice'),(1212,125,24,'nice'),(1213,125,23,'nice'),(1214,125,22,'nice'),(1215,125,21,'nice'),(1216,125,20,'nice'),(1217,125,19,'nice'),(1218,125,18,'nice'),(1219,125,17,'nice'),(1220,125,16,'nice'),(1221,125,15,'nice'),(1222,125,14,'nice'),(1223,126,26,'nice'),(1224,126,25,'nice'),(1225,126,24,'nice'),(1226,126,23,'nice'),(1227,126,22,'nice'),(1228,126,21,'nice'),(1229,126,20,'nice'),(1230,126,19,'nice'),(1231,126,18,'nice'),(1232,126,17,'nice'),(1233,126,16,'nice'),(1234,126,15,'nice'),(1235,126,14,'nice'),(1236,127,26,'nice'),(1237,127,25,'nice'),(1238,127,24,'nice'),(1239,127,23,'nice'),(1240,127,22,'nice'),(1241,127,21,'nice'),(1242,127,20,'nice'),(1243,127,19,'nice'),(1244,127,18,'nice'),(1245,127,17,'nice'),(1246,127,16,'nice'),(1247,127,15,'nice'),(1248,127,14,'nice'),(1249,128,26,'nice'),(1250,128,25,'nice'),(1251,128,24,'nice'),(1252,128,23,'nice'),(1253,128,22,'nice'),(1254,128,21,'nice'),(1255,128,20,'nice'),(1256,128,19,'nice'),(1257,128,18,'nice'),(1258,128,17,'nice'),(1259,128,16,'nice'),(1260,128,15,'nice'),(1261,128,14,'nice'),(1262,129,26,'nice'),(1263,129,25,'nice'),(1264,129,24,'nice'),(1265,129,23,'nice'),(1266,129,22,'nice'),(1267,129,21,'nice'),(1268,129,20,'nice'),(1269,129,19,'nice'),(1270,129,18,'nice'),(1271,129,17,'nice'),(1272,129,16,'nice'),(1273,129,15,'nice'),(1274,129,14,'nice'),(1275,130,26,'nice'),(1276,130,25,'nice'),(1277,130,24,'nice'),(1278,130,23,'nice'),(1279,130,22,'nice'),(1280,130,21,'nice'),(1281,130,20,'nice'),(1282,130,19,'nice'),(1283,130,18,'nice'),(1284,130,17,'nice'),(1285,130,16,'nice'),(1286,130,15,'nice'),(1287,130,14,'nice'),(1288,131,26,'nice'),(1289,131,25,'nice'),(1290,131,24,'nice'),(1291,131,23,'nice'),(1292,131,22,'nice'),(1293,131,21,'nice'),(1294,131,20,'nice'),(1295,131,19,'nice'),(1296,131,18,'nice'),(1297,131,17,'nice'),(1298,131,16,'nice'),(1299,131,15,'nice'),(1300,131,14,'nice'),(1301,132,26,'nice'),(1302,132,25,'nice'),(1303,132,24,'nice'),(1304,132,23,'nice'),(1305,132,22,'nice'),(1306,132,21,'nice'),(1307,132,20,'nice'),(1308,132,19,'nice'),(1309,132,18,'nice'),(1310,132,17,'nice'),(1311,132,16,'nice'),(1312,132,15,'nice'),(1313,132,14,'nice'),(1314,133,26,'nice'),(1315,133,25,'nice'),(1316,133,24,'nice'),(1317,133,23,'nice'),(1318,133,22,'nice'),(1319,133,21,'nice'),(1320,133,20,'nice'),(1321,133,19,'nice'),(1322,133,18,'nice'),(1323,133,17,'nice'),(1324,133,16,'nice'),(1325,133,15,'nice'),(1326,133,14,'nice'),(1327,134,26,'nice'),(1328,134,25,'nice'),(1329,134,24,'nice'),(1330,134,23,'nice'),(1331,134,22,'nice'),(1332,134,21,'nice'),(1333,134,20,'nice'),(1334,134,19,'nice'),(1335,134,18,'nice'),(1336,134,17,'nice'),(1337,134,16,'nice'),(1338,134,15,'nice'),(1339,134,14,'nice'),(1340,135,26,'nice'),(1341,135,25,'nice'),(1342,135,24,'nice'),(1343,135,23,'nice'),(1344,135,22,'nice'),(1345,135,21,'nice'),(1346,135,20,'nice'),(1347,135,19,'nice'),(1348,135,18,'nice'),(1349,135,17,'nice'),(1350,135,16,'nice'),(1351,135,15,'nice'),(1352,135,14,'nice'),(1353,136,26,'nice'),(1354,136,25,'nice'),(1355,136,24,'nice'),(1356,136,23,'nice'),(1357,136,22,'nice'),(1358,136,21,'nice'),(1359,136,20,'nice'),(1360,136,19,'nice'),(1361,136,18,'nice'),(1362,136,17,'nice'),(1363,136,16,'nice'),(1364,136,15,'nice'),(1365,136,14,'nice'),(1366,138,26,'nice'),(1367,138,25,'nice'),(1368,138,24,'nice'),(1369,138,23,'nice'),(1370,138,22,'nice'),(1371,138,21,'nice'),(1372,138,20,'nice'),(1373,138,19,'nice'),(1374,138,18,'nice'),(1375,138,17,'nice'),(1376,138,16,'nice'),(1377,138,15,'nice'),(1378,138,14,'nice'),(1379,139,26,'nice'),(1380,139,25,'nice'),(1381,139,24,'nice'),(1382,139,23,'nice'),(1383,139,22,'nice'),(1384,139,21,'nice'),(1385,139,20,'nice'),(1386,139,19,'nice'),(1387,139,18,'nice'),(1388,139,17,'nice'),(1389,139,16,'nice'),(1390,139,15,'nice'),(1391,139,14,'nice'),(1392,140,26,'nice'),(1393,140,25,'nice'),(1394,140,24,'nice'),(1395,140,23,'nice'),(1396,140,22,'nice'),(1397,140,21,'nice'),(1398,140,20,'nice'),(1399,140,19,'nice'),(1400,140,18,'nice'),(1401,140,17,'nice'),(1402,140,16,'nice'),(1403,140,15,'nice'),(1404,140,14,'nice'),(1405,141,26,'nice'),(1406,141,25,'nice'),(1407,141,24,'nice'),(1408,141,23,'nice'),(1409,141,22,'nice'),(1410,141,21,'nice'),(1411,141,20,'nice'),(1412,141,19,'nice'),(1413,141,18,'nice'),(1414,141,17,'nice'),(1415,141,16,'nice'),(1416,141,15,'nice'),(1417,141,14,'nice'),(1418,142,26,'nice'),(1419,142,25,'nice'),(1420,142,24,'nice'),(1421,142,23,'nice'),(1422,142,22,'nice'),(1423,142,21,'nice'),(1424,142,20,'nice'),(1425,142,19,'nice'),(1426,142,18,'nice'),(1427,142,17,'nice'),(1428,142,16,'nice'),(1429,142,15,'nice'),(1430,142,14,'nice'),(1431,143,26,'nice'),(1432,143,25,'nice'),(1433,143,24,'nice'),(1434,143,23,'nice'),(1435,143,22,'nice'),(1436,143,21,'nice'),(1437,143,20,'nice'),(1438,143,19,'nice'),(1439,143,18,'nice'),(1440,143,17,'nice'),(1441,143,16,'nice'),(1442,143,15,'nice'),(1443,143,14,'nice'),(1444,144,26,'nice'),(1445,144,25,'nice'),(1446,144,24,'nice'),(1447,144,23,'nice'),(1448,144,22,'nice'),(1449,144,21,'nice'),(1450,144,20,'nice'),(1451,144,19,'nice'),(1452,144,18,'nice'),(1453,144,17,'nice'),(1454,144,16,'nice'),(1455,144,15,'nice'),(1456,144,14,'nice'),(1457,145,26,'nice'),(1458,145,25,'nice'),(1459,145,24,'nice'),(1460,145,23,'nice'),(1461,145,22,'nice'),(1462,145,21,'nice'),(1463,145,20,'nice'),(1464,145,19,'nice'),(1465,145,18,'nice'),(1466,145,17,'nice'),(1467,145,16,'nice'),(1468,145,15,'nice'),(1469,145,14,'nice'),(1470,146,26,'nice'),(1471,146,25,'nice'),(1472,146,24,'nice'),(1473,146,23,'nice'),(1474,146,22,'nice'),(1475,146,21,'nice'),(1476,146,20,'nice'),(1477,146,19,'nice'),(1478,146,18,'nice'),(1479,146,17,'nice'),(1480,146,16,'nice'),(1481,146,15,'nice'),(1482,146,14,'nice'),(1483,147,26,'nice'),(1484,147,25,'nice'),(1485,147,24,'nice'),(1486,147,23,'nice'),(1487,147,22,'nice'),(1488,147,21,'nice'),(1489,147,20,'nice'),(1490,147,19,'nice'),(1491,147,18,'nice'),(1492,147,17,'nice'),(1493,147,16,'nice'),(1494,147,15,'nice'),(1495,147,14,'nice'),(1496,148,26,'nice'),(1497,148,25,'nice'),(1498,148,24,'nice'),(1499,148,23,'nice'),(1500,148,22,'nice'),(1501,148,21,'nice'),(1502,148,20,'nice'),(1503,148,19,'nice'),(1504,148,18,'nice'),(1505,148,17,'nice'),(1506,148,16,'nice'),(1507,148,15,'nice'),(1508,148,14,'nice'),(1509,149,26,'nice'),(1510,149,25,'nice'),(1511,149,24,'nice'),(1512,149,23,'nice'),(1513,149,22,'nice'),(1514,149,21,'nice'),(1515,149,20,'nice'),(1516,149,19,'nice'),(1517,149,18,'nice'),(1518,149,17,'nice'),(1519,149,16,'nice'),(1520,149,15,'nice'),(1521,149,14,'nice'),(1522,150,26,'nice'),(1523,150,25,'nice'),(1524,150,24,'nice'),(1525,150,23,'nice'),(1526,150,22,'nice'),(1527,150,21,'nice'),(1528,150,20,'nice'),(1529,150,19,'nice'),(1530,150,18,'nice'),(1531,150,17,'nice'),(1532,150,16,'nice'),(1533,150,15,'nice'),(1534,150,14,'nice'),(1535,151,26,'nice'),(1536,151,25,'nice'),(1537,151,24,'nice'),(1538,151,23,'nice'),(1539,151,22,'nice'),(1540,151,21,'nice'),(1541,151,20,'nice'),(1542,151,19,'nice'),(1543,151,18,'nice'),(1544,151,17,'nice'),(1545,151,16,'nice'),(1546,151,15,'nice'),(1547,151,14,'nice'),(1548,152,56,'nice'),(1549,152,55,'nice'),(1550,152,54,'nice'),(1551,152,53,'nice'),(1552,152,52,'nice'),(1553,152,51,'nice'),(1554,152,50,'nice'),(1555,152,49,'nice'),(1556,152,48,'nice'),(1557,152,47,'nice'),(1558,152,46,'nice'),(1559,152,45,'nice'),(1560,152,44,'nice'),(1561,152,43,'nice'),(1562,152,42,'nice'),(1563,152,41,'nice'),(1564,152,40,'nice'),(1565,152,39,'nice'),(1566,152,38,'nice'),(1567,152,37,'nice'),(1568,152,36,'nice'),(1569,152,35,'nice'),(1570,152,34,'nice'),(1571,152,33,'nice'),(1573,152,31,'nice'),(1574,152,30,'nice'),(1575,152,29,'nice'),(1576,152,28,'nice'),(1578,153,56,'nice'),(1579,153,55,'nice'),(1580,153,54,'nice'),(1581,153,53,'nice'),(1582,153,52,'nice'),(1583,153,51,'nice'),(1584,153,50,'nice'),(1585,153,49,'nice'),(1586,153,48,'nice'),(1587,153,47,'nice'),(1588,153,46,'nice'),(1589,153,45,'nice'),(1590,153,44,'nice'),(1591,153,43,'nice'),(1592,153,42,'nice'),(1593,153,41,'nice'),(1594,153,40,'nice'),(1595,153,39,'nice'),(1596,153,38,'nice'),(1597,153,37,'nice'),(1598,153,36,'nice'),(1599,153,35,'nice'),(1600,153,34,'nice'),(1601,153,33,'nice'),(1603,153,31,'nice'),(1604,153,30,'nice'),(1605,153,29,'nice'),(1606,153,28,'nice'),(1608,154,56,'nice'),(1609,154,55,'nice'),(1610,154,54,'nice'),(1611,154,53,'nice'),(1612,154,52,'nice'),(1613,154,51,'nice'),(1614,154,50,'nice'),(1615,154,49,'nice'),(1616,154,48,'nice'),(1617,154,47,'nice'),(1618,154,46,'nice'),(1619,154,45,'nice'),(1620,154,44,'nice'),(1621,154,43,'nice'),(1622,154,42,'nice'),(1623,154,41,'nice'),(1624,154,40,'nice'),(1625,154,39,'nice'),(1626,154,38,'nice'),(1627,154,37,'nice'),(1628,154,36,'nice'),(1629,154,35,'nice'),(1630,154,34,'nice'),(1631,154,33,'nice'),(1633,154,31,'nice'),(1634,154,30,'nice'),(1635,154,29,'nice'),(1636,154,28,'nice'),(1638,155,56,'nice'),(1639,155,55,'nice'),(1640,155,54,'nice'),(1641,155,53,'nice'),(1642,155,52,'nice'),(1643,155,51,'nice'),(1644,155,50,'nice'),(1645,155,49,'nice'),(1646,155,48,'nice'),(1647,155,47,'nice'),(1648,155,46,'nice'),(1649,155,45,'nice'),(1650,155,44,'nice'),(1651,155,43,'nice'),(1652,155,42,'nice'),(1653,155,41,'nice'),(1654,155,40,'nice'),(1655,155,39,'nice'),(1656,155,38,'nice'),(1657,155,37,'nice'),(1658,155,36,'nice'),(1659,155,35,'nice'),(1660,155,34,'nice'),(1661,155,33,'nice'),(1663,155,31,'nice'),(1664,155,30,'nice'),(1665,155,29,'nice'),(1666,155,28,'nice'),(1668,156,56,'nice'),(1669,156,55,'nice'),(1670,156,54,'nice'),(1671,156,53,'nice'),(1672,156,52,'nice'),(1673,156,51,'nice'),(1674,156,50,'nice'),(1675,156,49,'nice'),(1676,156,48,'nice'),(1677,156,47,'nice'),(1678,156,46,'nice'),(1679,156,45,'nice'),(1680,156,44,'nice'),(1681,156,43,'nice'),(1682,156,42,'nice'),(1683,156,41,'nice'),(1684,156,40,'nice'),(1685,156,39,'nice'),(1686,156,38,'nice'),(1687,156,37,'nice'),(1688,156,36,'nice'),(1689,156,35,'nice'),(1690,156,34,'nice'),(1691,156,33,'nice'),(1693,156,31,'nice'),(1694,156,30,'nice'),(1695,156,29,'nice'),(1696,156,28,'nice'),(1698,157,56,'nice'),(1699,157,55,'nice'),(1700,157,54,'nice'),(1701,157,53,'nice'),(1702,157,52,'nice'),(1703,157,51,'nice'),(1704,157,50,'nice'),(1705,157,49,'nice'),(1706,157,48,'nice'),(1707,157,47,'nice'),(1708,157,46,'nice'),(1709,157,45,'nice'),(1710,157,44,'nice'),(1711,157,43,'nice'),(1712,157,42,'nice'),(1713,157,41,'nice'),(1714,157,40,'nice'),(1715,157,39,'nice'),(1716,157,38,'nice'),(1717,157,37,'nice'),(1718,157,36,'nice'),(1719,157,35,'nice'),(1720,157,34,'nice'),(1721,157,33,'nice'),(1723,157,31,'nice'),(1724,157,30,'nice'),(1725,157,29,'nice'),(1726,157,28,'nice'),(1728,158,56,'nice'),(1729,158,55,'nice'),(1730,158,54,'nice'),(1731,158,53,'nice'),(1732,158,52,'nice'),(1733,158,51,'nice'),(1734,158,50,'nice'),(1735,158,49,'nice'),(1736,158,48,'nice'),(1737,158,47,'nice'),(1738,158,46,'nice'),(1739,158,45,'nice'),(1740,158,44,'nice'),(1741,158,43,'nice'),(1742,158,42,'nice'),(1743,158,41,'nice'),(1744,158,40,'nice'),(1745,158,39,'nice'),(1746,158,38,'nice'),(1747,158,37,'nice'),(1748,158,36,'nice'),(1749,158,35,'nice'),(1750,158,34,'nice'),(1751,158,33,'nice'),(1753,158,31,'nice'),(1754,158,30,'nice'),(1755,158,29,'nice'),(1756,158,28,'nice'),(1758,159,56,'nice'),(1759,159,55,'nice'),(1760,159,54,'nice'),(1761,159,53,'nice'),(1762,159,52,'nice'),(1763,159,51,'nice'),(1764,159,50,'nice'),(1765,159,49,'nice'),(1766,159,48,'nice'),(1767,159,47,'nice'),(1768,159,46,'nice'),(1769,159,45,'nice'),(1770,159,44,'nice'),(1771,159,43,'nice'),(1772,159,42,'nice'),(1773,159,41,'nice'),(1774,159,40,'nice'),(1775,159,39,'nice'),(1776,159,38,'nice'),(1777,159,37,'nice'),(1778,159,36,'nice'),(1779,159,35,'nice'),(1780,159,34,'nice'),(1781,159,33,'nice'),(1783,159,31,'nice'),(1784,159,30,'nice'),(1785,159,29,'nice'),(1786,159,28,'nice'),(1788,160,56,'nice'),(1789,160,55,'nice'),(1790,160,54,'nice'),(1791,160,53,'nice'),(1792,160,52,'nice'),(1793,160,51,'nice'),(1794,160,50,'nice'),(1795,160,49,'nice'),(1796,160,48,'nice'),(1797,160,47,'nice'),(1798,160,46,'nice'),(1799,160,45,'nice'),(1800,160,44,'nice'),(1801,160,43,'nice'),(1802,160,42,'nice'),(1803,160,41,'nice'),(1804,160,40,'nice'),(1805,160,39,'nice'),(1806,160,38,'nice'),(1807,160,37,'nice'),(1808,160,36,'nice'),(1809,160,35,'nice'),(1810,160,34,'nice'),(1811,160,33,'nice'),(1813,160,31,'nice'),(1814,160,30,'nice'),(1815,160,29,'nice'),(1816,160,28,'nice'),(1818,161,56,'nice'),(1819,161,55,'nice'),(1820,161,54,'nice'),(1821,161,53,'nice'),(1822,161,52,'nice'),(1823,161,51,'nice'),(1824,161,50,'nice'),(1825,161,49,'nice'),(1826,161,48,'nice'),(1827,161,47,'nice'),(1828,161,46,'nice'),(1829,161,45,'nice'),(1830,161,44,'nice'),(1831,161,43,'nice'),(1832,161,42,'nice'),(1833,161,41,'nice'),(1834,161,40,'nice'),(1835,161,39,'nice'),(1836,161,38,'nice'),(1837,161,37,'nice'),(1838,161,36,'nice'),(1839,161,35,'nice'),(1840,161,34,'nice'),(1841,161,33,'nice'),(1843,161,31,'nice'),(1844,161,30,'nice'),(1845,161,29,'nice'),(1846,161,28,'nice'),(1848,162,56,'nice'),(1849,162,55,'nice'),(1850,162,54,'nice'),(1851,162,53,'nice'),(1852,162,52,'nice'),(1853,162,51,'nice'),(1854,162,50,'nice'),(1855,162,49,'nice'),(1856,162,48,'nice'),(1857,162,47,'nice'),(1858,162,46,'nice'),(1859,162,45,'nice'),(1860,162,44,'nice'),(1861,162,43,'nice'),(1862,162,42,'nice'),(1863,162,41,'nice'),(1864,162,40,'nice'),(1865,162,39,'nice'),(1866,162,38,'nice'),(1867,162,37,'nice'),(1868,162,36,'nice'),(1869,162,35,'nice'),(1870,162,34,'nice'),(1871,162,33,'nice'),(1873,162,31,'nice'),(1874,162,30,'nice'),(1875,162,29,'nice'),(1876,162,28,'nice'),(1878,163,56,'nice'),(1879,163,55,'nice'),(1880,163,54,'nice'),(1881,163,53,'nice'),(1882,163,52,'nice'),(1883,163,51,'nice'),(1884,163,50,'nice'),(1885,163,49,'nice'),(1886,163,48,'nice'),(1887,163,47,'nice'),(1888,163,46,'nice'),(1889,163,45,'nice'),(1890,163,44,'nice'),(1891,163,43,'nice'),(1892,163,42,'nice'),(1893,163,41,'nice'),(1894,163,40,'nice'),(1895,163,39,'nice'),(1896,163,38,'nice'),(1897,163,37,'nice'),(1898,163,36,'nice'),(1899,163,35,'nice'),(1900,163,34,'nice'),(1901,163,33,'nice'),(1903,163,31,'nice'),(1904,163,30,'nice'),(1905,163,29,'nice'),(1906,163,28,'nice'),(1908,164,56,'nice'),(1909,164,55,'nice'),(1910,164,54,'nice'),(1911,164,53,'nice'),(1912,164,52,'nice'),(1913,164,51,'nice'),(1914,164,50,'nice'),(1915,164,49,'nice'),(1916,164,48,'nice'),(1917,164,47,'nice'),(1918,164,46,'nice'),(1919,164,45,'nice'),(1920,164,44,'nice'),(1921,164,43,'nice'),(1922,164,42,'nice'),(1923,164,41,'nice'),(1924,164,40,'nice'),(1925,164,39,'nice'),(1926,164,38,'nice'),(1927,164,37,'nice'),(1928,164,36,'nice'),(1929,164,35,'nice'),(1930,164,34,'nice'),(1931,164,33,'nice'),(1933,164,31,'nice'),(1934,164,30,'nice'),(1935,164,29,'nice'),(1936,164,28,'nice'),(1938,165,56,'nice'),(1939,165,55,'nice'),(1940,165,54,'nice'),(1941,165,53,'nice'),(1942,165,52,'nice'),(1943,165,51,'nice'),(1944,165,50,'nice'),(1945,165,49,'nice'),(1946,165,48,'nice'),(1947,165,47,'nice'),(1948,165,46,'nice'),(1949,165,45,'nice'),(1950,165,44,'nice'),(1951,165,43,'nice'),(1952,165,42,'nice'),(1953,165,41,'nice'),(1954,165,40,'nice'),(1955,165,39,'nice'),(1956,165,38,'nice'),(1957,165,37,'nice'),(1958,165,36,'nice'),(1959,165,35,'nice'),(1960,165,34,'nice'),(1961,165,33,'nice'),(1963,165,31,'nice'),(1964,165,30,'nice'),(1965,165,29,'nice'),(1966,165,28,'nice'),(1968,166,56,'nice'),(1969,166,55,'nice'),(1970,166,54,'nice'),(1971,166,53,'nice'),(1972,166,52,'nice'),(1973,166,51,'nice'),(1974,166,50,'nice'),(1975,166,49,'nice'),(1976,166,48,'nice'),(1977,166,47,'nice'),(1978,166,46,'nice'),(1979,166,45,'nice'),(1980,166,44,'nice'),(1981,166,43,'nice'),(1982,166,42,'nice'),(1983,166,41,'nice'),(1984,166,40,'nice'),(1985,166,39,'nice'),(1986,166,38,'nice'),(1987,166,37,'nice'),(1988,166,36,'nice'),(1989,166,35,'nice'),(1990,166,34,'nice'),(1991,166,33,'nice'),(1993,166,31,'nice'),(1994,166,30,'nice'),(1995,166,29,'nice'),(1996,166,28,'nice'),(1998,167,56,'nice'),(1999,167,55,'nice'),(2000,167,54,'nice'),(2001,167,53,'nice'),(2002,167,52,'nice'),(2003,167,51,'nice'),(2004,167,50,'nice'),(2005,167,49,'nice'),(2006,167,48,'nice'),(2007,167,47,'nice'),(2008,167,46,'nice'),(2009,167,45,'nice'),(2010,167,44,'nice'),(2011,167,43,'nice'),(2012,167,42,'nice'),(2013,167,41,'nice'),(2014,167,40,'nice'),(2015,167,39,'nice'),(2016,167,38,'nice'),(2017,167,37,'nice'),(2018,167,36,'nice'),(2019,167,35,'nice'),(2020,167,34,'nice'),(2021,167,33,'nice'),(2023,167,31,'nice'),(2024,167,30,'nice'),(2025,167,29,'nice'),(2026,167,28,'nice'),(2028,168,56,'nice'),(2029,168,55,'nice'),(2030,168,54,'nice'),(2031,168,53,'nice'),(2032,168,52,'nice'),(2033,168,51,'nice'),(2034,168,50,'nice'),(2035,168,49,'nice'),(2036,168,48,'nice'),(2037,168,47,'nice'),(2038,168,46,'nice'),(2039,168,45,'nice'),(2040,168,44,'nice'),(2041,168,43,'nice'),(2042,168,42,'nice'),(2043,168,41,'nice'),(2044,168,40,'nice'),(2045,168,39,'nice'),(2046,168,38,'nice'),(2047,168,37,'nice'),(2048,168,36,'nice'),(2049,168,35,'nice'),(2050,168,34,'nice'),(2051,168,33,'nice'),(2053,168,31,'nice'),(2054,168,30,'nice'),(2055,168,29,'nice'),(2056,168,28,'nice'),(2058,169,56,'nice'),(2059,169,55,'nice'),(2060,169,54,'nice'),(2061,169,53,'nice'),(2062,169,52,'nice'),(2063,169,51,'nice'),(2064,169,50,'nice'),(2065,169,49,'nice'),(2066,169,48,'nice'),(2067,169,47,'nice'),(2068,169,46,'nice'),(2069,169,45,'nice'),(2070,169,44,'nice'),(2071,169,43,'nice'),(2072,169,42,'nice'),(2073,169,41,'nice'),(2074,169,40,'nice'),(2075,169,39,'nice'),(2076,169,38,'nice'),(2077,169,37,'nice'),(2078,169,36,'nice'),(2079,169,35,'nice'),(2080,169,34,'nice'),(2081,169,33,'nice'),(2083,169,31,'nice'),(2084,169,30,'nice'),(2085,169,29,'nice'),(2086,169,28,'nice'),(2088,170,56,'nice'),(2089,170,55,'nice'),(2090,170,54,'nice'),(2091,170,53,'nice'),(2092,170,52,'nice'),(2093,170,51,'nice'),(2094,170,50,'nice'),(2095,170,49,'nice'),(2096,170,48,'nice'),(2097,170,47,'nice'),(2098,170,46,'nice'),(2099,170,45,'nice'),(2100,170,44,'nice'),(2101,170,43,'nice'),(2102,170,42,'nice'),(2103,170,41,'nice'),(2104,170,40,'nice'),(2105,170,39,'nice'),(2106,170,38,'nice'),(2107,170,37,'nice'),(2108,170,36,'nice'),(2109,170,35,'nice'),(2110,170,34,'nice'),(2111,170,33,'nice'),(2113,170,31,'nice'),(2114,170,30,'nice'),(2115,170,29,'nice'),(2116,170,28,'nice'),(2118,171,56,'nice'),(2119,171,55,'nice'),(2120,171,54,'nice'),(2121,171,53,'nice'),(2122,171,52,'nice'),(2123,171,51,'nice'),(2124,171,50,'nice'),(2125,171,49,'nice'),(2126,171,48,'nice'),(2127,171,47,'nice'),(2128,171,46,'nice'),(2129,171,45,'nice'),(2130,171,44,'nice'),(2131,171,43,'nice'),(2132,171,42,'nice'),(2133,171,41,'nice'),(2134,171,40,'nice'),(2135,171,39,'nice'),(2136,171,38,'nice'),(2137,171,37,'nice'),(2138,171,36,'nice'),(2139,171,35,'nice'),(2140,171,34,'nice'),(2141,171,33,'nice'),(2143,171,31,'nice'),(2144,171,30,'nice'),(2145,171,29,'nice'),(2146,171,28,'nice'),(2148,172,56,'nice'),(2149,172,55,'nice'),(2150,172,54,'nice'),(2151,172,53,'nice'),(2152,172,52,'nice'),(2153,172,51,'nice'),(2154,172,50,'nice'),(2155,172,49,'nice'),(2156,172,48,'nice'),(2157,172,47,'nice'),(2158,172,46,'nice'),(2159,172,45,'nice'),(2160,172,44,'nice'),(2161,172,43,'nice'),(2162,172,42,'nice'),(2163,172,41,'nice'),(2164,172,40,'nice'),(2165,172,39,'nice'),(2166,172,38,'nice'),(2167,172,37,'nice'),(2168,172,36,'nice'),(2169,172,35,'nice'),(2170,172,34,'nice'),(2171,172,33,'nice'),(2173,172,31,'nice'),(2174,172,30,'nice'),(2175,172,29,'nice'),(2176,172,28,'nice'),(2178,173,56,'nice'),(2179,173,55,'nice'),(2180,173,54,'nice'),(2181,173,53,'nice'),(2182,173,52,'nice'),(2183,173,51,'nice'),(2184,173,50,'nice'),(2185,173,49,'nice'),(2186,173,48,'nice'),(2187,173,47,'nice'),(2188,173,46,'nice'),(2189,173,45,'nice'),(2190,173,44,'nice'),(2191,173,43,'nice'),(2192,173,42,'nice'),(2193,173,41,'nice'),(2194,173,40,'nice'),(2195,173,39,'nice'),(2196,173,38,'nice'),(2197,173,37,'nice'),(2198,173,36,'nice'),(2199,173,35,'nice'),(2200,173,34,'nice'),(2201,173,33,'nice'),(2203,173,31,'nice'),(2204,173,30,'nice'),(2205,173,29,'nice'),(2206,173,28,'nice'),(2208,174,56,'nice'),(2209,174,55,'nice'),(2210,174,54,'nice'),(2211,174,53,'nice'),(2212,174,52,'nice'),(2213,174,51,'nice'),(2214,174,50,'nice'),(2215,174,49,'nice'),(2216,174,48,'nice'),(2217,174,47,'nice'),(2218,174,46,'nice'),(2219,174,45,'nice'),(2220,174,44,'nice'),(2221,174,43,'nice'),(2222,174,42,'nice'),(2223,174,41,'nice'),(2224,174,40,'nice'),(2225,174,39,'nice'),(2226,174,38,'nice'),(2227,174,37,'nice'),(2228,174,36,'nice'),(2229,174,35,'nice'),(2230,174,34,'nice'),(2231,174,33,'nice'),(2233,174,31,'nice'),(2234,174,30,'nice'),(2235,174,29,'nice'),(2236,174,28,'nice'),(2238,175,56,'nice'),(2239,175,55,'nice'),(2240,175,54,'nice'),(2241,175,53,'nice'),(2242,175,52,'nice'),(2243,175,51,'nice'),(2244,175,50,'nice'),(2245,175,49,'nice'),(2246,175,48,'nice'),(2247,175,47,'nice'),(2248,175,46,'nice'),(2249,175,45,'nice'),(2250,175,44,'nice'),(2251,175,43,'nice'),(2252,175,42,'nice'),(2253,175,41,'nice'),(2254,175,40,'nice'),(2255,175,39,'nice'),(2256,175,38,'nice'),(2257,175,37,'nice'),(2258,175,36,'nice'),(2259,175,35,'nice'),(2260,175,34,'nice'),(2261,175,33,'nice'),(2263,175,31,'nice'),(2264,175,30,'nice'),(2265,175,29,'nice'),(2266,175,28,'nice'),(2268,176,56,'nice'),(2269,176,55,'nice'),(2270,176,54,'nice'),(2271,176,53,'nice'),(2272,176,52,'nice'),(2273,176,51,'nice'),(2274,176,50,'nice'),(2275,176,49,'nice'),(2276,176,48,'nice'),(2277,176,47,'nice'),(2278,176,46,'nice'),(2279,176,45,'nice'),(2280,176,44,'nice'),(2281,176,43,'nice'),(2282,176,42,'nice'),(2283,176,41,'nice'),(2284,176,40,'nice'),(2285,176,39,'nice'),(2286,176,38,'nice'),(2287,176,37,'nice'),(2288,176,36,'nice'),(2289,176,35,'nice'),(2290,176,34,'nice'),(2291,176,33,'nice'),(2293,176,31,'nice'),(2294,176,30,'nice'),(2295,176,29,'nice'),(2296,176,28,'nice'),(2298,177,56,'nice'),(2299,177,55,'nice'),(2300,177,54,'nice'),(2301,177,53,'nice'),(2302,177,52,'nice'),(2303,177,51,'nice'),(2304,177,50,'nice'),(2305,177,49,'nice'),(2306,177,48,'nice'),(2307,177,47,'nice'),(2308,177,46,'nice'),(2309,177,45,'nice'),(2310,177,44,'nice'),(2311,177,43,'nice'),(2312,177,42,'nice'),(2313,177,41,'nice'),(2314,177,40,'nice'),(2315,177,39,'nice'),(2316,177,38,'nice'),(2317,177,37,'nice'),(2318,177,36,'nice'),(2319,177,35,'nice'),(2320,177,34,'nice'),(2321,177,33,'nice'),(2323,177,31,'nice'),(2324,177,30,'nice'),(2325,177,29,'nice'),(2326,177,28,'nice'),(2328,178,56,'nice'),(2329,178,55,'nice'),(2330,178,54,'nice'),(2331,178,53,'nice'),(2332,178,52,'nice'),(2333,178,51,'nice'),(2334,178,50,'nice'),(2335,178,49,'nice'),(2336,178,48,'nice'),(2337,178,47,'nice'),(2338,178,46,'nice'),(2339,178,45,'nice'),(2340,178,44,'nice'),(2341,178,43,'nice'),(2342,178,42,'nice'),(2343,178,41,'nice'),(2344,178,40,'nice'),(2345,178,39,'nice'),(2346,178,38,'nice'),(2347,178,37,'nice'),(2348,178,36,'nice'),(2349,178,35,'nice'),(2350,178,34,'nice'),(2351,178,33,'nice'),(2353,178,31,'nice'),(2354,178,30,'nice'),(2355,178,29,'nice'),(2356,178,28,'nice'),(2358,179,56,'nice'),(2359,179,55,'nice'),(2360,179,54,'nice'),(2361,179,53,'nice'),(2362,179,52,'nice'),(2363,179,51,'nice'),(2364,179,50,'nice'),(2365,179,49,'nice'),(2366,179,48,'nice'),(2367,179,47,'nice'),(2368,179,46,'nice'),(2369,179,45,'nice'),(2370,179,44,'nice'),(2371,179,43,'nice'),(2372,179,42,'nice'),(2373,179,41,'nice'),(2374,179,40,'nice'),(2375,179,39,'nice'),(2376,179,38,'nice'),(2377,179,37,'nice'),(2378,179,36,'nice'),(2379,179,35,'nice'),(2380,179,34,'nice'),(2381,179,33,'nice'),(2383,179,31,'nice'),(2384,179,30,'nice'),(2385,179,29,'nice'),(2386,179,28,'nice'),(2388,180,56,'nice'),(2389,180,55,'nice'),(2390,180,54,'nice'),(2391,180,53,'nice'),(2392,180,52,'nice'),(2393,180,51,'nice'),(2394,180,50,'nice'),(2395,180,49,'nice'),(2396,180,48,'nice'),(2397,180,47,'nice'),(2398,180,46,'nice'),(2399,180,45,'nice'),(2400,180,44,'nice'),(2401,180,43,'nice'),(2402,180,42,'nice'),(2403,180,41,'nice'),(2404,180,40,'nice'),(2405,180,39,'nice'),(2406,180,38,'nice'),(2407,180,37,'nice'),(2408,180,36,'nice'),(2409,180,35,'nice'),(2410,180,34,'nice'),(2411,180,33,'nice'),(2413,180,31,'nice'),(2414,180,30,'nice'),(2415,180,29,'nice'),(2416,180,28,'nice'),(2418,181,56,'nice'),(2419,181,55,'nice'),(2420,181,54,'nice'),(2421,181,53,'nice'),(2422,181,52,'nice'),(2423,181,51,'nice'),(2424,181,50,'nice'),(2425,181,49,'nice'),(2426,181,48,'nice'),(2427,181,47,'nice'),(2428,181,46,'nice'),(2429,181,45,'nice'),(2430,181,44,'nice'),(2431,181,43,'nice'),(2432,181,42,'nice'),(2433,181,41,'nice'),(2434,181,40,'nice'),(2435,181,39,'nice'),(2436,181,38,'nice'),(2437,181,37,'nice'),(2438,181,36,'nice'),(2439,181,35,'nice'),(2440,181,34,'nice'),(2441,181,33,'nice'),(2443,181,31,'nice'),(2444,181,30,'nice'),(2445,181,29,'nice'),(2446,181,28,'nice'),(2448,182,56,'nice'),(2449,182,55,'nice'),(2450,182,54,'nice'),(2451,182,53,'nice'),(2452,182,52,'nice'),(2453,182,51,'nice'),(2454,182,50,'nice'),(2455,182,49,'nice'),(2456,182,48,'nice'),(2457,182,47,'nice'),(2458,182,46,'nice'),(2459,182,45,'nice'),(2460,182,44,'nice'),(2461,182,43,'nice'),(2462,182,42,'nice'),(2463,182,41,'nice'),(2464,182,40,'nice'),(2465,182,39,'nice'),(2466,182,38,'nice'),(2467,182,37,'nice'),(2468,182,36,'nice'),(2469,182,35,'nice'),(2470,182,34,'nice'),(2471,182,33,'nice'),(2473,182,31,'nice'),(2474,182,30,'nice'),(2475,182,29,'nice'),(2476,182,28,'nice'),(2478,183,56,'nice'),(2479,183,55,'nice'),(2480,183,54,'nice'),(2481,183,53,'nice'),(2482,183,52,'nice'),(2483,183,51,'nice'),(2484,183,50,'nice'),(2485,183,49,'nice'),(2486,183,48,'nice'),(2487,183,47,'nice'),(2488,183,46,'nice'),(2489,183,45,'nice'),(2490,183,44,'nice'),(2491,183,43,'nice'),(2492,183,42,'nice'),(2493,183,41,'nice'),(2494,183,40,'nice'),(2495,183,39,'nice'),(2496,183,38,'nice'),(2497,183,37,'nice'),(2498,183,36,'nice'),(2499,183,35,'nice'),(2500,183,34,'nice'),(2501,183,33,'nice'),(2503,183,31,'nice'),(2504,183,30,'nice'),(2505,183,29,'nice'),(2506,183,28,'nice'),(2508,184,56,'nice'),(2509,184,55,'nice'),(2510,184,54,'nice'),(2511,184,53,'nice'),(2512,184,52,'nice'),(2513,184,51,'nice'),(2514,184,50,'nice'),(2515,184,49,'nice'),(2516,184,48,'nice'),(2517,184,47,'nice'),(2518,184,46,'nice'),(2519,184,45,'nice'),(2520,184,44,'nice'),(2521,184,43,'nice'),(2522,184,42,'nice'),(2523,184,41,'nice'),(2524,184,40,'nice'),(2525,184,39,'nice'),(2526,184,38,'nice'),(2527,184,37,'nice'),(2528,184,36,'nice'),(2529,184,35,'nice'),(2530,184,34,'nice'),(2531,184,33,'nice'),(2533,184,31,'nice'),(2534,184,30,'nice'),(2535,184,29,'nice'),(2536,184,28,'nice'),(2538,185,56,'nice'),(2539,185,55,'nice'),(2540,185,54,'nice'),(2541,185,53,'nice'),(2542,185,52,'nice'),(2543,185,51,'nice'),(2544,185,50,'nice'),(2545,185,49,'nice'),(2546,185,48,'nice'),(2547,185,47,'nice'),(2548,185,46,'nice'),(2549,185,45,'nice'),(2550,185,44,'nice'),(2551,185,43,'nice'),(2552,185,42,'nice'),(2553,185,41,'nice'),(2554,185,40,'nice'),(2555,185,39,'nice'),(2556,185,38,'nice'),(2557,185,37,'nice'),(2558,185,36,'nice'),(2559,185,35,'nice'),(2560,185,34,'nice'),(2561,185,33,'nice'),(2563,185,31,'nice'),(2564,185,30,'nice'),(2565,185,29,'nice'),(2566,185,28,'nice'),(2568,186,56,'nice'),(2569,186,55,'nice'),(2570,186,54,'nice'),(2571,186,53,'nice'),(2572,186,52,'nice'),(2573,186,51,'nice'),(2574,186,50,'nice'),(2575,186,49,'nice'),(2576,186,48,'nice'),(2577,186,47,'nice'),(2578,186,46,'nice'),(2579,186,45,'nice'),(2580,186,44,'nice'),(2581,186,43,'nice'),(2582,186,42,'nice'),(2583,186,41,'nice'),(2584,186,40,'nice'),(2585,186,39,'nice'),(2586,186,38,'nice'),(2587,186,37,'nice'),(2588,186,36,'nice'),(2589,186,35,'nice'),(2590,186,34,'nice'),(2591,186,33,'nice'),(2593,186,31,'nice'),(2594,186,30,'nice'),(2595,186,29,'nice'),(2596,186,28,'nice'),(2598,187,56,'nice'),(2599,187,55,'nice'),(2600,187,54,'nice'),(2601,187,53,'nice'),(2602,187,52,'nice'),(2603,187,51,'nice'),(2604,187,50,'nice'),(2605,187,49,'nice'),(2606,187,48,'nice'),(2607,187,47,'nice'),(2608,187,46,'nice'),(2609,187,45,'nice'),(2610,187,44,'nice'),(2611,187,43,'nice'),(2612,187,42,'nice'),(2613,187,41,'nice'),(2614,187,40,'nice'),(2615,187,39,'nice'),(2616,187,38,'nice'),(2617,187,37,'nice'),(2618,187,36,'nice'),(2619,187,35,'nice'),(2620,187,34,'nice'),(2621,187,33,'nice'),(2623,187,31,'nice'),(2624,187,30,'nice'),(2625,187,29,'nice'),(2626,187,28,'nice'),(2628,188,56,'nice'),(2629,188,55,'nice'),(2630,188,54,'nice'),(2631,188,53,'nice'),(2632,188,52,'nice'),(2633,188,51,'nice'),(2634,188,50,'nice'),(2635,188,49,'nice'),(2636,188,48,'nice'),(2637,188,47,'nice'),(2638,188,46,'nice'),(2639,188,45,'nice'),(2640,188,44,'nice'),(2641,188,43,'nice'),(2642,188,42,'nice'),(2643,188,41,'nice'),(2644,188,40,'nice'),(2645,188,39,'nice'),(2646,188,38,'nice'),(2647,188,37,'nice'),(2648,188,36,'nice'),(2649,188,35,'nice'),(2650,188,34,'nice'),(2651,188,33,'nice'),(2653,188,31,'nice'),(2654,188,30,'nice'),(2655,188,29,'nice'),(2656,188,28,'nice'),(2658,189,56,'nice'),(2659,189,55,'nice'),(2660,189,54,'nice'),(2661,189,53,'nice'),(2662,189,52,'nice'),(2663,189,51,'nice'),(2664,189,50,'nice'),(2665,189,49,'nice'),(2666,189,48,'nice'),(2667,189,47,'nice'),(2668,189,46,'nice'),(2669,189,45,'nice'),(2670,189,44,'nice'),(2671,189,43,'nice'),(2672,189,42,'nice'),(2673,189,41,'nice'),(2674,189,40,'nice'),(2675,189,39,'nice'),(2676,189,38,'nice'),(2677,189,37,'nice'),(2678,189,36,'nice'),(2679,189,35,'nice'),(2680,189,34,'nice'),(2681,189,33,'nice'),(2683,189,31,'nice'),(2684,189,30,'nice'),(2685,189,29,'nice'),(2686,189,28,'nice'),(2688,190,56,'nice'),(2689,190,55,'nice'),(2690,190,54,'nice'),(2691,190,53,'nice'),(2692,190,52,'nice'),(2693,190,51,'nice'),(2694,190,50,'nice'),(2695,190,49,'nice'),(2696,190,48,'nice'),(2697,190,47,'nice'),(2698,190,46,'nice'),(2699,190,45,'nice'),(2700,190,44,'nice'),(2701,190,43,'nice'),(2702,190,42,'nice'),(2703,190,41,'nice'),(2704,190,40,'nice'),(2705,190,39,'nice'),(2706,190,38,'nice'),(2707,190,37,'nice'),(2708,190,36,'nice'),(2709,190,35,'nice'),(2710,190,34,'nice'),(2711,190,33,'nice'),(2713,190,31,'nice'),(2714,190,30,'nice'),(2715,190,29,'nice'),(2716,190,28,'nice'),(2718,191,56,'nice'),(2719,191,55,'nice'),(2720,191,54,'nice'),(2721,191,53,'nice'),(2722,191,52,'nice'),(2723,191,51,'nice'),(2724,191,50,'nice'),(2725,191,49,'nice'),(2726,191,48,'nice'),(2727,191,47,'nice'),(2728,191,46,'nice'),(2729,191,45,'nice'),(2730,191,44,'nice'),(2731,191,43,'nice'),(2732,191,42,'nice'),(2733,191,41,'nice'),(2734,191,40,'nice'),(2735,191,39,'nice'),(2736,191,38,'nice'),(2737,191,37,'nice'),(2738,191,36,'nice'),(2739,191,35,'nice'),(2740,191,34,'nice'),(2741,191,33,'nice'),(2743,191,31,'nice'),(2744,191,30,'nice'),(2745,191,29,'nice'),(2746,191,28,'nice'),(2748,192,56,'nice'),(2749,192,55,'nice'),(2750,192,54,'nice'),(2751,192,53,'nice'),(2752,192,52,'nice'),(2753,192,51,'nice'),(2754,192,50,'nice'),(2755,192,49,'nice'),(2756,192,48,'nice'),(2757,192,47,'nice'),(2758,192,46,'nice'),(2759,192,45,'nice'),(2760,192,44,'nice'),(2761,192,43,'nice'),(2762,192,42,'nice'),(2763,192,41,'nice'),(2764,192,40,'nice'),(2765,192,39,'nice'),(2766,192,38,'nice'),(2767,192,37,'nice'),(2768,192,36,'nice'),(2769,192,35,'nice'),(2770,192,34,'nice'),(2771,192,33,'nice'),(2773,192,31,'nice'),(2774,192,30,'nice'),(2775,192,29,'nice'),(2776,192,28,'nice'),(2778,193,56,'nice'),(2779,193,55,'nice'),(2780,193,54,'nice'),(2781,193,53,'nice'),(2782,193,52,'nice'),(2783,193,51,'nice'),(2784,193,50,'nice'),(2785,193,49,'nice'),(2786,193,48,'nice'),(2787,193,47,'nice'),(2788,193,46,'nice'),(2789,193,45,'nice'),(2790,193,44,'nice'),(2791,193,43,'nice'),(2792,193,42,'nice'),(2793,193,41,'nice'),(2794,193,40,'nice'),(2795,193,39,'nice'),(2796,193,38,'nice'),(2797,193,37,'nice'),(2798,193,36,'nice'),(2799,193,35,'nice'),(2800,193,34,'nice'),(2801,193,33,'nice'),(2803,193,31,'nice'),(2804,193,30,'nice'),(2805,193,29,'nice'),(2806,193,28,'nice'),(2808,194,56,'nice'),(2809,194,55,'nice'),(2810,194,54,'nice'),(2811,194,53,'nice'),(2812,194,52,'nice'),(2813,194,51,'nice'),(2814,194,50,'nice'),(2815,194,49,'nice'),(2816,194,48,'nice'),(2817,194,47,'nice'),(2818,194,46,'nice'),(2819,194,45,'nice'),(2820,194,44,'nice'),(2821,194,43,'nice'),(2822,194,42,'nice'),(2823,194,41,'nice'),(2824,194,40,'nice'),(2825,194,39,'nice'),(2826,194,38,'nice'),(2827,194,37,'nice'),(2828,194,36,'nice'),(2829,194,35,'nice'),(2830,194,34,'nice'),(2831,194,33,'nice'),(2833,194,31,'nice'),(2834,194,30,'nice'),(2835,194,29,'nice'),(2836,194,28,'nice'),(2838,195,56,'nice'),(2839,195,55,'nice'),(2840,195,54,'nice'),(2841,195,53,'nice'),(2842,195,52,'nice'),(2843,195,51,'nice'),(2844,195,50,'nice'),(2845,195,49,'nice'),(2846,195,48,'nice'),(2847,195,47,'nice'),(2848,195,46,'nice'),(2849,195,45,'nice'),(2850,195,44,'nice'),(2851,195,43,'nice'),(2852,195,42,'nice'),(2853,195,41,'nice'),(2854,195,40,'nice'),(2855,195,39,'nice'),(2856,195,38,'nice'),(2857,195,37,'nice'),(2858,195,36,'nice'),(2859,195,35,'nice'),(2860,195,34,'nice'),(2861,195,33,'nice'),(2863,195,31,'nice'),(2864,195,30,'nice'),(2865,195,29,'nice'),(2866,195,28,'nice'),(2868,196,56,'nice'),(2869,196,55,'nice'),(2870,196,54,'nice'),(2871,196,53,'nice'),(2872,196,52,'nice'),(2873,196,51,'nice'),(2874,196,50,'nice'),(2875,196,49,'nice'),(2876,196,48,'nice'),(2877,196,47,'nice'),(2878,196,46,'nice'),(2879,196,45,'nice'),(2880,196,44,'nice'),(2881,196,43,'nice'),(2882,196,42,'nice'),(2883,196,41,'nice'),(2884,196,40,'nice'),(2885,196,39,'nice'),(2886,196,38,'nice'),(2887,196,37,'nice'),(2888,196,36,'nice'),(2889,196,35,'nice'),(2890,196,34,'nice'),(2891,196,33,'nice'),(2893,196,31,'nice'),(2894,196,30,'nice'),(2895,196,29,'nice'),(2896,196,28,'nice'),(2898,197,56,'nice'),(2899,197,55,'nice'),(2900,197,54,'nice'),(2901,197,53,'nice'),(2902,197,52,'nice'),(2903,197,51,'nice'),(2904,197,50,'nice'),(2905,197,49,'nice'),(2906,197,48,'nice'),(2907,197,47,'nice'),(2908,197,46,'nice'),(2909,197,45,'nice'),(2910,197,44,'nice'),(2911,197,43,'nice'),(2912,197,42,'nice'),(2913,197,41,'nice'),(2914,197,40,'nice'),(2915,197,39,'nice'),(2916,197,38,'nice'),(2917,197,37,'nice'),(2918,197,36,'nice'),(2919,197,35,'nice'),(2920,197,34,'nice'),(2921,197,33,'nice'),(2923,197,31,'nice'),(2924,197,30,'nice'),(2925,197,29,'nice'),(2926,197,28,'nice'),(2928,198,56,'nice'),(2929,198,55,'nice'),(2930,198,54,'nice'),(2931,198,53,'nice'),(2932,198,52,'nice'),(2933,198,51,'nice'),(2934,198,50,'nice'),(2935,198,49,'nice'),(2936,198,48,'nice'),(2937,198,47,'nice'),(2938,198,46,'nice'),(2939,198,45,'nice'),(2940,198,44,'nice'),(2941,198,43,'nice'),(2942,198,42,'nice'),(2943,198,41,'nice'),(2944,198,40,'nice'),(2945,198,39,'nice'),(2946,198,38,'nice'),(2947,198,37,'nice'),(2948,198,36,'nice'),(2949,198,35,'nice'),(2950,198,34,'nice'),(2951,198,33,'nice'),(2953,198,31,'nice'),(2954,198,30,'nice'),(2955,198,29,'nice'),(2956,198,28,'nice'),(2958,199,56,'nice'),(2959,199,55,'nice'),(2960,199,54,'nice'),(2961,199,53,'nice'),(2962,199,52,'nice'),(2963,199,51,'nice'),(2964,199,50,'nice'),(2965,199,49,'nice'),(2966,199,48,'nice'),(2967,199,47,'nice'),(2968,199,46,'nice'),(2969,199,45,'nice'),(2970,199,44,'nice'),(2971,199,43,'nice'),(2972,199,42,'nice'),(2973,199,41,'nice'),(2974,199,40,'nice'),(2975,199,39,'nice'),(2976,199,38,'nice'),(2977,199,37,'nice'),(2978,199,36,'nice'),(2979,199,35,'nice'),(2980,199,34,'nice'),(2981,199,33,'nice'),(2983,199,31,'nice'),(2984,199,30,'nice'),(2985,199,29,'nice'),(2986,199,28,'nice'),(2988,200,56,'nice'),(2989,200,55,'nice'),(2990,200,54,'nice'),(2991,200,53,'nice'),(2992,200,52,'nice'),(2993,200,51,'nice'),(2994,200,50,'nice'),(2995,200,49,'nice'),(2996,200,48,'nice'),(2997,200,47,'nice'),(2998,200,46,'nice'),(2999,200,45,'nice'),(3000,200,44,'nice'),(3001,200,43,'nice'),(3002,200,42,'nice'),(3003,200,41,'nice'),(3004,200,40,'nice'),(3005,200,39,'nice'),(3006,200,38,'nice'),(3007,200,37,'nice'),(3008,200,36,'nice'),(3009,200,35,'nice'),(3010,200,34,'nice'),(3011,200,33,'nice'),(3013,200,31,'nice'),(3014,200,30,'nice'),(3015,200,29,'nice'),(3016,200,28,'nice'),(3018,201,56,'nice'),(3019,201,55,'nice'),(3020,201,54,'nice'),(3021,201,53,'nice'),(3022,201,52,'nice'),(3023,201,51,'nice'),(3024,201,50,'nice'),(3025,201,49,'nice'),(3026,201,48,'nice'),(3027,201,47,'nice'),(3028,201,46,'nice'),(3029,201,45,'nice'),(3030,201,44,'nice'),(3031,201,43,'nice'),(3032,201,42,'nice'),(3033,201,41,'nice'),(3034,201,40,'nice'),(3035,201,39,'nice'),(3036,201,38,'nice'),(3037,201,37,'nice'),(3038,201,36,'nice'),(3039,201,35,'nice'),(3040,201,34,'nice'),(3041,201,33,'nice'),(3043,201,31,'nice'),(3044,201,30,'nice'),(3045,201,29,'nice'),(3046,201,28,'nice'),(3048,202,56,'nice'),(3049,202,55,'nice'),(3050,202,54,'nice'),(3051,202,53,'nice'),(3052,202,52,'nice'),(3053,202,51,'nice'),(3054,202,50,'nice'),(3055,202,49,'nice'),(3056,202,48,'nice'),(3057,202,47,'nice'),(3058,202,46,'nice'),(3059,202,45,'nice'),(3060,202,44,'nice'),(3061,202,43,'nice'),(3062,202,42,'nice'),(3063,202,41,'nice'),(3064,202,40,'nice'),(3065,202,39,'nice'),(3066,202,38,'nice'),(3067,202,37,'nice'),(3068,202,36,'nice'),(3069,202,35,'nice'),(3070,202,34,'nice'),(3071,202,33,'nice'),(3073,202,31,'nice'),(3074,202,30,'nice'),(3075,202,29,'nice'),(3076,202,28,'nice'),(3078,203,56,'nice'),(3079,203,55,'nice'),(3080,203,54,'nice'),(3081,203,53,'nice'),(3082,203,52,'nice'),(3083,203,51,'nice'),(3084,203,50,'nice'),(3085,203,49,'nice'),(3086,203,48,'nice'),(3087,203,47,'nice'),(3088,203,46,'nice'),(3089,203,45,'nice'),(3090,203,44,'nice'),(3091,203,43,'nice'),(3092,203,42,'nice'),(3093,203,41,'nice'),(3094,203,40,'nice'),(3095,203,39,'nice'),(3096,203,38,'nice'),(3097,203,37,'nice'),(3098,203,36,'nice'),(3099,203,35,'nice'),(3100,203,34,'nice'),(3101,203,33,'nice'),(3103,203,31,'nice'),(3104,203,30,'nice'),(3105,203,29,'nice'),(3106,203,28,'nice'),(3108,204,56,'nice'),(3109,204,55,'nice'),(3110,204,54,'nice'),(3111,204,53,'nice'),(3112,204,52,'nice'),(3113,204,51,'nice'),(3114,204,50,'nice'),(3115,204,49,'nice'),(3116,204,48,'nice'),(3117,204,47,'nice'),(3118,204,46,'nice'),(3119,204,45,'nice'),(3120,204,44,'nice'),(3121,204,43,'nice'),(3122,204,42,'nice'),(3123,204,41,'nice'),(3124,204,40,'nice'),(3125,204,39,'nice'),(3126,204,38,'nice'),(3127,204,37,'nice'),(3128,204,36,'nice'),(3129,204,35,'nice'),(3130,204,34,'nice'),(3131,204,33,'nice'),(3133,204,31,'nice'),(3134,204,30,'nice'),(3135,204,29,'nice'),(3136,204,28,'nice'),(3138,205,56,'nice'),(3139,205,55,'nice'),(3140,205,54,'nice'),(3141,205,53,'nice'),(3142,205,52,'nice'),(3143,205,51,'nice'),(3144,205,50,'nice'),(3145,205,49,'nice'),(3146,205,48,'nice'),(3147,205,47,'nice'),(3148,205,46,'nice'),(3149,205,45,'nice'),(3150,205,44,'nice'),(3151,205,43,'nice'),(3152,205,42,'nice'),(3153,205,41,'nice'),(3154,205,40,'nice'),(3155,205,39,'nice'),(3156,205,38,'nice'),(3157,205,37,'nice'),(3158,205,36,'nice'),(3159,205,35,'nice'),(3160,205,34,'nice'),(3161,205,33,'nice'),(3163,205,31,'nice'),(3164,205,30,'nice'),(3165,205,29,'nice'),(3166,205,28,'nice'),(3168,206,56,'nice'),(3169,206,55,'nice'),(3170,206,54,'nice'),(3171,206,53,'nice'),(3172,206,52,'nice'),(3173,206,51,'nice'),(3174,206,50,'nice'),(3175,206,49,'nice'),(3176,206,48,'nice'),(3177,206,47,'nice'),(3178,206,46,'nice'),(3179,206,45,'nice'),(3180,206,44,'nice'),(3181,206,43,'nice'),(3182,206,42,'nice'),(3183,206,41,'nice'),(3184,206,40,'nice'),(3185,206,39,'nice'),(3186,206,38,'nice'),(3187,206,37,'nice'),(3188,206,36,'nice'),(3189,206,35,'nice'),(3190,206,34,'nice'),(3191,206,33,'nice'),(3193,206,31,'nice'),(3194,206,30,'nice'),(3195,206,29,'nice'),(3196,206,28,'nice'),(3198,207,67,'nice'),(3199,207,66,'nice'),(3200,207,65,'nice'),(3201,207,64,'nice'),(3202,207,63,'nice'),(3203,207,62,'nice'),(3204,207,61,'nice'),(3205,207,60,'nice'),(3206,207,59,'nice'),(3207,207,58,'nice'),(3208,207,57,'nice'),(3209,208,67,'nice'),(3210,208,66,'nice'),(3211,208,65,'nice'),(3212,208,64,'nice'),(3213,208,63,'nice'),(3214,208,62,'nice'),(3215,208,61,'nice'),(3216,208,60,'nice'),(3217,208,59,'nice'),(3218,208,58,'nice'),(3219,208,57,'nice'),(3220,209,67,'nice'),(3221,209,66,'nice'),(3222,209,65,'nice'),(3223,209,64,'nice'),(3224,209,63,'nice'),(3225,209,62,'nice'),(3226,209,61,'nice'),(3227,209,60,'nice'),(3228,209,59,'nice'),(3229,209,58,'nice'),(3230,209,57,'nice'),(3231,210,67,'nice'),(3232,210,66,'nice'),(3233,210,65,'nice'),(3234,210,64,'nice'),(3235,210,63,'nice'),(3236,210,62,'nice'),(3237,210,61,'nice'),(3238,210,60,'nice'),(3239,210,59,'nice'),(3240,210,58,'nice'),(3241,210,57,'nice'),(3242,211,67,'nice'),(3243,211,66,'nice'),(3244,211,65,'nice'),(3245,211,64,'nice'),(3246,211,63,'nice'),(3247,211,62,'nice'),(3248,211,61,'nice'),(3249,211,60,'nice'),(3250,211,59,'nice'),(3251,211,58,'nice'),(3252,211,57,'nice'),(3253,212,67,'nice'),(3254,212,66,'nice'),(3255,212,65,'nice'),(3256,212,64,'nice'),(3257,212,63,'nice'),(3258,212,62,'nice'),(3259,212,61,'nice'),(3260,212,60,'nice'),(3261,212,59,'nice'),(3262,212,58,'nice'),(3263,212,57,'nice'),(3264,213,67,'nice'),(3265,213,66,'nice'),(3266,213,65,'nice'),(3267,213,64,'nice'),(3268,213,63,'nice'),(3269,213,62,'nice'),(3270,213,61,'nice'),(3271,213,60,'nice'),(3272,213,59,'nice'),(3273,213,58,'nice'),(3274,213,57,'nice'),(3275,214,67,'nice'),(3276,214,66,'nice'),(3277,214,65,'nice'),(3278,214,64,'nice'),(3279,214,63,'nice'),(3280,214,62,'nice'),(3281,214,61,'nice'),(3282,214,60,'nice'),(3283,214,59,'nice'),(3284,214,58,'nice'),(3285,214,57,'nice'),(3286,215,67,'nice'),(3287,215,66,'nice'),(3288,215,65,'nice'),(3289,215,64,'nice'),(3290,215,63,'nice'),(3291,215,62,'nice'),(3292,215,61,'nice'),(3293,215,60,'nice'),(3294,215,59,'nice'),(3295,215,58,'nice'),(3296,215,57,'nice'),(3297,216,67,'nice'),(3298,216,66,'nice'),(3299,216,65,'nice'),(3300,216,64,'nice'),(3301,216,63,'nice'),(3302,216,62,'nice'),(3303,216,61,'nice'),(3304,216,60,'nice'),(3305,216,59,'nice'),(3306,216,58,'nice'),(3307,216,57,'nice'),(3308,217,67,'nice'),(3309,217,66,'nice'),(3310,217,65,'nice'),(3311,217,64,'nice'),(3312,217,63,'nice'),(3313,217,62,'nice'),(3314,217,61,'nice'),(3315,217,60,'nice'),(3316,217,59,'nice'),(3317,217,58,'nice'),(3318,217,57,'nice'),(3319,218,67,'nice'),(3320,218,66,'nice'),(3321,218,65,'nice'),(3322,218,64,'nice'),(3323,218,63,'nice'),(3324,218,62,'nice'),(3325,218,61,'nice'),(3326,218,60,'nice'),(3327,218,59,'nice'),(3328,218,58,'nice'),(3329,218,57,'nice'),(3330,219,67,'nice'),(3331,219,66,'nice'),(3332,219,65,'nice'),(3333,219,64,'nice'),(3334,219,63,'nice'),(3335,219,62,'nice'),(3336,219,61,'nice'),(3337,219,60,'nice'),(3338,219,59,'nice'),(3339,219,58,'nice'),(3340,219,57,'nice'),(3341,220,67,'nice'),(3342,220,66,'nice'),(3343,220,65,'nice'),(3344,220,64,'nice'),(3345,220,63,'nice'),(3346,220,62,'nice'),(3347,220,61,'nice'),(3348,220,60,'nice'),(3349,220,59,'nice'),(3350,220,58,'nice'),(3351,220,57,'nice'),(3352,221,67,'nice'),(3353,221,66,'nice'),(3354,221,65,'nice'),(3355,221,64,'nice'),(3356,221,63,'nice'),(3357,221,62,'nice'),(3358,221,61,'nice'),(3359,221,60,'nice'),(3360,221,59,'nice'),(3361,221,58,'nice'),(3362,221,57,'nice'),(3363,222,67,'nice'),(3364,222,66,'nice'),(3365,222,65,'nice'),(3366,222,64,'nice'),(3367,222,63,'nice'),(3368,222,62,'nice'),(3369,222,61,'nice'),(3370,222,60,'nice'),(3371,222,59,'nice'),(3372,222,58,'nice'),(3373,222,57,'nice'),(3374,223,67,'nice'),(3375,223,66,'nice'),(3376,223,65,'nice'),(3377,223,64,'nice'),(3378,223,63,'nice'),(3379,223,62,'nice'),(3380,223,61,'nice'),(3381,223,60,'nice'),(3382,223,59,'nice'),(3383,223,58,'nice'),(3384,223,57,'nice'),(3385,224,67,'nice'),(3386,224,66,'nice'),(3387,224,65,'nice'),(3388,224,64,'nice'),(3389,224,63,'nice'),(3390,224,62,'nice'),(3391,224,61,'nice'),(3392,224,60,'nice'),(3393,224,59,'nice'),(3394,224,58,'nice'),(3395,224,57,'nice'),(3396,225,67,'nice'),(3397,225,66,'nice'),(3398,225,65,'nice'),(3399,225,64,'nice'),(3400,225,63,'nice'),(3401,225,62,'nice'),(3402,225,61,'nice'),(3403,225,60,'nice'),(3404,225,59,'nice'),(3405,225,58,'nice'),(3406,225,57,'nice'),(3407,226,67,'nice'),(3408,226,66,'nice'),(3409,226,65,'nice'),(3410,226,64,'nice'),(3411,226,63,'nice'),(3412,226,62,'nice'),(3413,226,61,'nice'),(3414,226,60,'nice'),(3415,226,59,'nice'),(3416,226,58,'nice'),(3417,226,57,'nice'),(3418,227,67,'nice'),(3419,227,66,'nice'),(3420,227,65,'nice'),(3421,227,64,'nice'),(3422,227,63,'nice'),(3423,227,62,'nice'),(3424,227,61,'nice'),(3425,227,60,'nice'),(3426,227,59,'nice'),(3427,227,58,'nice'),(3428,227,57,'nice'),(3429,228,67,'nice'),(3430,228,66,'nice'),(3431,228,65,'nice'),(3432,228,64,'nice'),(3433,228,63,'nice'),(3434,228,62,'nice'),(3435,228,61,'nice'),(3436,228,60,'nice'),(3437,228,59,'nice'),(3438,228,58,'nice'),(3439,228,57,'nice'),(3440,229,67,'nice'),(3441,229,66,'nice'),(3442,229,65,'nice'),(3443,229,64,'nice'),(3444,229,63,'nice'),(3445,229,62,'nice'),(3446,229,61,'nice'),(3447,229,60,'nice'),(3448,229,59,'nice'),(3449,229,58,'nice'),(3450,229,57,'nice'),(3451,230,67,'nice'),(3452,230,66,'nice'),(3453,230,65,'nice'),(3454,230,64,'nice'),(3455,230,63,'nice'),(3456,230,62,'nice'),(3457,230,61,'nice'),(3458,230,60,'nice'),(3459,230,59,'nice'),(3460,230,58,'nice'),(3461,230,57,'nice'),(3462,231,67,'nice'),(3463,231,66,'nice'),(3464,231,65,'nice'),(3465,231,64,'nice'),(3466,231,63,'nice'),(3467,231,62,'nice'),(3468,231,61,'nice'),(3469,231,60,'nice'),(3470,231,59,'nice'),(3471,231,58,'nice'),(3472,231,57,'nice'),(3473,232,67,'nice'),(3474,232,66,'nice'),(3475,232,65,'nice'),(3476,232,64,'nice'),(3477,232,63,'nice'),(3478,232,62,'nice'),(3479,232,61,'nice'),(3480,232,60,'nice'),(3481,232,59,'nice'),(3482,232,58,'nice'),(3483,232,57,'nice'),(3484,233,67,'nice'),(3485,233,66,'nice'),(3486,233,65,'nice'),(3487,233,64,'nice'),(3488,233,63,'nice'),(3489,233,62,'nice'),(3490,233,61,'nice'),(3491,233,60,'nice'),(3492,233,59,'nice'),(3493,233,58,'nice'),(3494,233,57,'nice'),(3495,234,67,'nice'),(3496,234,66,'nice'),(3497,234,65,'nice'),(3498,234,64,'nice'),(3499,234,63,'nice'),(3500,234,62,'nice'),(3501,234,61,'nice'),(3502,234,60,'nice'),(3503,234,59,'nice'),(3504,234,58,'nice'),(3505,234,57,'nice'),(3506,235,67,'nice'),(3507,235,66,'nice'),(3508,235,65,'nice'),(3509,235,64,'nice'),(3510,235,63,'nice'),(3511,235,62,'nice'),(3512,235,61,'nice'),(3513,235,60,'nice'),(3514,235,59,'nice'),(3515,235,58,'nice'),(3516,235,57,'nice'),(3517,236,67,'nice'),(3518,236,66,'nice'),(3519,236,65,'nice'),(3520,236,64,'nice'),(3521,236,63,'nice'),(3522,236,62,'nice'),(3523,236,61,'nice'),(3524,236,60,'nice'),(3525,236,59,'nice'),(3526,236,58,'nice'),(3527,236,57,'nice'),(3528,237,67,'nice'),(3529,237,66,'nice'),(3530,237,65,'nice'),(3531,237,64,'nice'),(3532,237,63,'nice'),(3533,237,62,'nice'),(3534,237,61,'nice'),(3535,237,60,'nice'),(3536,237,59,'nice'),(3537,237,58,'nice'),(3538,237,57,'nice'),(3539,238,67,'nice'),(3540,238,66,'nice'),(3541,238,65,'nice'),(3542,238,64,'nice'),(3543,238,63,'nice'),(3544,238,62,'nice'),(3545,238,61,'nice'),(3546,238,60,'nice'),(3547,238,59,'nice'),(3548,238,58,'nice'),(3549,238,57,'nice'),(3550,239,67,'nice'),(3551,239,66,'nice'),(3552,239,65,'nice'),(3553,239,64,'nice'),(3554,239,63,'nice'),(3555,239,62,'nice'),(3556,239,61,'nice'),(3557,239,60,'nice'),(3558,239,59,'nice'),(3559,239,58,'nice'),(3560,239,57,'nice'),(3561,240,67,'nice'),(3562,240,66,'nice'),(3563,240,65,'nice'),(3564,240,64,'nice'),(3565,240,63,'nice'),(3566,240,62,'nice'),(3567,240,61,'nice'),(3568,240,60,'nice'),(3569,240,59,'nice'),(3570,240,58,'nice'),(3571,240,57,'nice'),(3572,241,67,'nice'),(3573,241,66,'nice'),(3574,241,65,'nice'),(3575,241,64,'nice'),(3576,241,63,'nice'),(3577,241,62,'nice'),(3578,241,61,'nice'),(3579,241,60,'nice'),(3580,241,59,'nice'),(3581,241,58,'nice'),(3582,241,57,'nice'),(3583,242,67,'nice'),(3584,242,66,'nice'),(3585,242,65,'nice'),(3586,242,64,'nice'),(3587,242,63,'nice'),(3588,242,62,'nice'),(3589,242,61,'nice'),(3590,242,60,'nice'),(3591,242,59,'nice'),(3592,242,58,'nice'),(3593,242,57,'nice'),(3594,243,67,'nice'),(3595,243,66,'nice'),(3596,243,65,'nice'),(3597,243,64,'nice'),(3598,243,63,'nice'),(3599,243,62,'nice'),(3600,243,61,'nice'),(3601,243,60,'nice'),(3602,243,59,'nice'),(3603,243,58,'nice'),(3604,243,57,'nice'),(3605,244,67,'nice'),(3606,244,66,'nice'),(3607,244,65,'nice'),(3608,244,64,'nice'),(3609,244,63,'nice'),(3610,244,62,'nice'),(3611,244,61,'nice'),(3612,244,60,'nice'),(3613,244,59,'nice'),(3614,244,58,'nice'),(3615,244,57,'nice'),(3616,245,67,'nice'),(3617,245,66,'nice'),(3618,245,65,'nice'),(3619,245,64,'nice'),(3620,245,63,'nice'),(3621,245,62,'nice'),(3622,245,61,'nice'),(3623,245,60,'nice'),(3624,245,59,'nice'),(3625,245,58,'nice'),(3626,245,57,'nice'),(3627,246,67,'nice'),(3628,246,66,'nice'),(3629,246,65,'nice'),(3630,246,64,'nice'),(3631,246,63,'nice'),(3632,246,62,'nice'),(3633,246,61,'nice'),(3634,246,60,'nice'),(3635,246,59,'nice'),(3636,246,58,'nice'),(3637,246,57,'nice'),(3638,247,67,'nice'),(3639,247,66,'nice'),(3640,247,65,'nice'),(3641,247,64,'nice'),(3642,247,63,'nice'),(3643,247,62,'nice'),(3644,247,61,'nice'),(3645,247,60,'nice'),(3646,247,59,'nice'),(3647,247,58,'nice'),(3648,247,57,'nice'),(3649,248,67,'nice'),(3650,248,66,'nice'),(3651,248,65,'nice'),(3652,248,64,'nice'),(3653,248,63,'nice'),(3654,248,62,'nice'),(3655,248,61,'nice'),(3656,248,60,'nice'),(3657,248,59,'nice'),(3658,248,58,'nice'),(3659,248,57,'nice'),(3660,249,67,'nice'),(3661,249,66,'nice'),(3662,249,65,'nice'),(3663,249,64,'nice'),(3664,249,63,'nice'),(3665,249,62,'nice'),(3666,249,61,'nice'),(3667,249,60,'nice'),(3668,249,59,'nice'),(3669,249,58,'nice'),(3670,249,57,'nice'),(3671,250,67,'nice'),(3672,250,66,'nice'),(3673,250,65,'nice'),(3674,250,64,'nice'),(3675,250,63,'nice'),(3676,250,62,'nice'),(3677,250,61,'nice'),(3678,250,60,'nice'),(3679,250,59,'nice'),(3680,250,58,'nice'),(3681,250,57,'nice'),(3682,251,67,'nice'),(3683,251,66,'nice'),(3684,251,65,'nice'),(3685,251,64,'nice'),(3686,251,63,'nice'),(3687,251,62,'nice'),(3688,251,61,'nice'),(3689,251,60,'nice'),(3690,251,59,'nice'),(3691,251,58,'nice'),(3692,251,57,'nice'),(3693,252,67,'nice'),(3694,252,66,'nice'),(3695,252,65,'nice'),(3696,252,64,'nice'),(3697,252,63,'nice'),(3698,252,62,'nice'),(3699,252,61,'nice'),(3700,252,60,'nice'),(3701,252,59,'nice'),(3702,252,58,'nice'),(3703,252,57,'nice'),(3704,253,67,'nice'),(3705,253,66,'nice'),(3706,253,65,'nice'),(3707,253,64,'nice'),(3708,253,63,'nice'),(3709,253,62,'nice'),(3710,253,61,'nice'),(3711,253,60,'nice'),(3712,253,59,'nice'),(3713,253,58,'nice'),(3714,253,57,'nice'),(3715,254,67,'nice'),(3716,254,66,'nice'),(3717,254,65,'nice'),(3718,254,64,'nice'),(3719,254,63,'nice'),(3720,254,62,'nice'),(3721,254,61,'nice'),(3722,254,60,'nice'),(3723,254,59,'nice'),(3724,254,58,'nice'),(3725,254,57,'nice'),(3726,255,67,'nice'),(3727,255,66,'nice'),(3728,255,65,'nice'),(3729,255,64,'nice'),(3730,255,63,'nice'),(3731,255,62,'nice'),(3732,255,61,'nice'),(3733,255,60,'nice'),(3734,255,59,'nice'),(3735,255,58,'nice'),(3736,255,57,'nice'),(3737,256,67,'nice'),(3738,256,66,'nice'),(3739,256,65,'nice'),(3740,256,64,'nice'),(3741,256,63,'nice'),(3742,256,62,'nice'),(3743,256,61,'nice'),(3744,256,60,'nice'),(3745,256,59,'nice'),(3746,256,58,'nice'),(3747,256,57,'nice'),(3748,257,67,'nice'),(3749,257,66,'nice'),(3750,257,65,'nice'),(3751,257,64,'nice'),(3752,257,63,'nice'),(3753,257,62,'nice'),(3754,257,61,'nice'),(3755,257,60,'nice'),(3756,257,59,'nice'),(3757,257,58,'nice'),(3758,257,57,'nice'),(3759,258,67,'nice'),(3760,258,66,'nice'),(3761,258,65,'nice'),(3762,258,64,'nice'),(3763,258,63,'nice'),(3764,258,62,'nice'),(3765,258,61,'nice'),(3766,258,60,'nice'),(3767,258,59,'nice'),(3768,258,58,'nice'),(3769,258,57,'nice'),(3770,259,67,'nice'),(3771,259,66,'nice'),(3772,259,65,'nice'),(3773,259,64,'nice'),(3774,259,63,'nice'),(3775,259,62,'nice'),(3776,259,61,'nice'),(3777,259,60,'nice'),(3778,259,59,'nice'),(3779,259,58,'nice'),(3780,259,57,'nice'),(3781,260,67,'nice'),(3782,260,66,'nice'),(3783,260,65,'nice'),(3784,260,64,'nice'),(3785,260,63,'nice'),(3786,260,62,'nice'),(3787,260,61,'nice'),(3788,260,60,'nice'),(3789,260,59,'nice'),(3790,260,58,'nice'),(3791,260,57,'nice'),(3792,261,67,'nice'),(3793,261,66,'nice'),(3794,261,65,'nice'),(3795,261,64,'nice'),(3796,261,63,'nice'),(3797,261,62,'nice'),(3798,261,61,'nice'),(3799,261,60,'nice'),(3800,261,59,'nice'),(3801,261,58,'nice'),(3802,261,57,'nice'),(3803,262,67,'nice'),(3804,262,66,'nice'),(3805,262,65,'nice'),(3806,262,64,'nice'),(3807,262,63,'nice'),(3808,262,62,'nice'),(3809,262,61,'nice'),(3810,262,60,'nice'),(3811,262,59,'nice'),(3812,262,58,'nice'),(3813,262,57,'nice'),(3814,263,67,'nice'),(3815,263,66,'nice'),(3816,263,65,'nice'),(3817,263,64,'nice'),(3818,263,63,'nice'),(3819,263,62,'nice'),(3820,263,61,'nice'),(3821,263,60,'nice'),(3822,263,59,'nice'),(3823,263,58,'nice'),(3824,263,57,'nice'),(3825,264,67,'nice'),(3826,264,66,'nice'),(3827,264,65,'nice'),(3828,264,64,'nice'),(3829,264,63,'nice'),(3830,264,62,'nice'),(3831,264,61,'nice'),(3832,264,60,'nice'),(3833,264,59,'nice'),(3834,264,58,'nice'),(3835,264,57,'nice'),(3836,265,67,'nice'),(3837,265,66,'nice'),(3838,265,65,'nice'),(3839,265,64,'nice'),(3840,265,63,'nice'),(3841,265,62,'nice'),(3842,265,61,'nice'),(3843,265,60,'nice'),(3844,265,59,'nice'),(3845,265,58,'nice'),(3846,265,57,'nice'),(3847,266,67,'nice'),(3848,266,66,'nice'),(3849,266,65,'nice'),(3850,266,64,'nice'),(3851,266,63,'nice'),(3852,266,62,'nice'),(3853,266,61,'nice'),(3854,266,60,'nice'),(3855,266,59,'nice'),(3856,266,58,'nice'),(3857,266,57,'nice'),(3858,267,72,'nice'),(3859,267,71,'nice'),(3860,267,70,'nice'),(3861,267,69,'nice'),(3862,267,68,'nice'),(3863,268,72,'nice'),(3864,268,71,'nice'),(3865,268,70,'nice'),(3866,268,69,'nice'),(3867,268,68,'nice'),(3868,269,72,'nice'),(3869,269,71,'nice'),(3870,269,70,'nice'),(3871,269,69,'nice'),(3872,269,68,'nice'),(3873,270,72,'nice'),(3874,270,71,'nice'),(3875,270,70,'nice'),(3876,270,69,'nice'),(3877,270,68,'nice'),(3878,271,72,'nice'),(3879,271,71,'nice'),(3880,271,70,'nice'),(3881,271,69,'nice'),(3882,271,68,'nice'),(3883,272,72,'nice'),(3884,272,71,'nice'),(3885,272,70,'nice'),(3886,272,69,'nice'),(3887,272,68,'nice'),(3888,273,72,'nice'),(3889,273,71,'nice'),(3890,273,70,'nice'),(3891,273,69,'nice'),(3892,273,68,'nice'),(3893,274,72,'nice'),(3894,274,71,'nice'),(3895,274,70,'nice'),(3896,274,69,'nice'),(3897,274,68,'nice'),(3898,275,72,'nice'),(3899,275,71,'nice'),(3900,275,70,'nice'),(3901,275,69,'nice'),(3902,275,68,'nice'),(3903,276,72,'nice'),(3904,276,71,'nice'),(3905,276,70,'nice'),(3906,276,69,'nice'),(3907,276,68,'nice'),(3908,277,72,'nice'),(3909,277,71,'nice'),(3910,277,70,'nice'),(3911,277,69,'nice'),(3912,277,68,'nice'),(3913,278,72,'nice'),(3914,278,71,'nice'),(3915,278,70,'nice'),(3916,278,69,'nice'),(3917,278,68,'nice'),(3918,279,72,'nice'),(3919,279,71,'nice'),(3920,279,70,'nice'),(3921,279,69,'nice'),(3922,279,68,'nice'),(3923,280,72,'nice'),(3924,280,71,'nice'),(3925,280,70,'nice'),(3926,280,69,'nice'),(3927,280,68,'nice'),(3928,281,72,'nice'),(3929,281,71,'nice'),(3930,281,70,'nice'),(3931,281,69,'nice'),(3932,281,68,'nice'),(3933,282,72,'nice'),(3934,282,71,'nice'),(3935,282,70,'nice'),(3936,282,69,'nice'),(3937,282,68,'nice'),(3938,283,72,'nice'),(3939,283,71,'nice'),(3940,283,70,'nice'),(3941,283,69,'nice'),(3942,283,68,'nice'),(3943,284,72,'nice'),(3944,284,71,'nice'),(3945,284,70,'nice'),(3946,284,69,'nice'),(3947,284,68,'nice'),(3948,285,72,'nice'),(3949,285,71,'nice'),(3950,285,70,'nice'),(3951,285,69,'nice'),(3952,285,68,'nice'),(3953,286,72,'nice'),(3954,286,71,'nice'),(3955,286,70,'nice'),(3956,286,69,'nice'),(3957,286,68,'nice'),(3958,287,72,'nice'),(3959,287,71,'nice'),(3960,287,70,'nice'),(3961,287,69,'nice'),(3962,287,68,'nice'),(3963,288,72,'nice'),(3964,288,71,'nice'),(3965,288,70,'nice'),(3966,288,69,'nice'),(3967,288,68,'nice'),(3968,289,72,'nice'),(3969,289,71,'nice'),(3970,289,70,'nice'),(3971,289,69,'nice'),(3972,289,68,'nice'),(3973,290,72,'nice'),(3974,290,71,'nice'),(3975,290,70,'nice'),(3976,290,69,'nice'),(3977,290,68,'nice'),(3978,291,72,'nice'),(3979,291,71,'nice'),(3980,291,70,'nice'),(3981,291,69,'nice'),(3982,291,68,'nice'),(3983,292,72,'nice'),(3984,292,71,'nice'),(3985,292,70,'nice'),(3986,292,69,'nice'),(3987,292,68,'nice'),(3988,293,72,'nice'),(3989,293,71,'nice'),(3990,293,70,'nice'),(3991,293,69,'nice'),(3992,293,68,'nice'),(3993,294,72,'nice'),(3994,294,71,'nice'),(3995,294,70,'nice'),(3996,294,69,'nice'),(3997,294,68,'nice'),(3998,295,72,'nice'),(3999,295,71,'nice'),(4000,295,70,'nice'),(4001,295,69,'nice'),(4002,295,68,'nice'),(4003,296,72,'nice'),(4004,296,71,'nice'),(4005,296,70,'nice'),(4006,296,69,'nice'),(4007,296,68,'nice'),(4008,297,72,'nice'),(4009,297,71,'nice'),(4010,297,70,'nice'),(4011,297,69,'nice'),(4012,297,68,'nice'),(4013,298,72,'nice'),(4014,298,71,'nice'),(4015,298,70,'nice'),(4016,298,69,'nice'),(4017,298,68,'nice'),(4018,299,72,'nice'),(4019,299,71,'nice'),(4020,299,70,'nice'),(4021,299,69,'nice'),(4022,299,68,'nice'),(4023,300,72,'nice'),(4024,300,71,'nice'),(4025,300,70,'nice'),(4026,300,69,'nice'),(4027,300,68,'nice'),(4028,301,72,'nice'),(4029,301,71,'nice'),(4030,301,70,'nice'),(4031,301,69,'nice'),(4032,301,68,'nice'),(4033,302,72,'nice'),(4034,302,71,'nice'),(4035,302,70,'nice'),(4036,302,69,'nice'),(4037,302,68,'nice'),(4038,303,72,'nice'),(4039,303,71,'nice'),(4040,303,70,'nice'),(4041,303,69,'nice'),(4042,303,68,'nice'),(4043,304,72,'nice'),(4044,304,71,'nice'),(4045,304,70,'nice'),(4046,304,69,'nice'),(4047,304,68,'nice'),(4048,305,72,'nice'),(4049,305,71,'nice'),(4050,305,70,'nice'),(4051,305,69,'nice'),(4052,305,68,'nice'),(4053,306,72,'nice'),(4054,306,71,'nice'),(4055,306,70,'nice'),(4056,306,69,'nice'),(4057,306,68,'nice'),(4058,307,72,'nice'),(4059,307,71,'nice'),(4060,307,70,'nice'),(4061,307,69,'nice'),(4062,307,68,'nice'),(4063,308,72,'nice'),(4064,308,71,'nice'),(4065,308,70,'nice'),(4066,308,69,'nice'),(4067,308,68,'nice'),(4068,309,72,'nice'),(4069,309,71,'nice'),(4070,309,70,'nice'),(4071,309,69,'nice'),(4072,309,68,'nice'),(4073,310,72,'nice'),(4074,310,71,'nice'),(4075,310,70,'nice'),(4076,310,69,'nice'),(4077,310,68,'nice'),(4078,311,72,'nice'),(4079,311,71,'nice'),(4080,311,70,'nice'),(4081,311,69,'nice'),(4082,311,68,'nice'),(4083,312,72,'nice'),(4084,312,71,'nice'),(4085,312,70,'nice'),(4086,312,69,'nice'),(4087,312,68,'nice'),(4088,313,72,'nice'),(4089,313,71,'nice'),(4090,313,70,'nice'),(4091,313,69,'nice'),(4092,313,68,'nice'),(4093,314,72,'nice'),(4094,314,71,'nice'),(4095,314,70,'nice'),(4096,314,69,'nice'),(4097,314,68,'nice'),(4098,315,72,'nice'),(4099,315,71,'nice'),(4100,315,70,'nice'),(4101,315,69,'nice'),(4102,315,68,'nice'),(4103,316,72,'nice'),(4104,316,71,'nice'),(4105,316,70,'nice'),(4106,316,69,'nice'),(4107,316,68,'nice'),(4108,317,72,'nice'),(4109,317,71,'nice'),(4110,317,70,'nice'),(4111,317,69,'nice'),(4112,317,68,'nice'),(4113,318,72,'nice'),(4114,318,71,'nice'),(4115,318,70,'nice'),(4116,318,69,'nice'),(4117,318,68,'nice'),(4118,319,72,'nice'),(4119,319,71,'nice'),(4120,319,70,'nice'),(4121,319,69,'nice'),(4122,319,68,'nice'),(4123,320,72,'nice'),(4124,320,71,'nice'),(4125,320,70,'nice'),(4126,320,69,'nice'),(4127,320,68,'nice'),(4128,321,72,'nice'),(4129,321,71,'nice'),(4130,321,70,'nice'),(4131,321,69,'nice'),(4132,321,68,'nice'),(4133,322,86,'nice'),(4134,322,85,'nice'),(4135,322,84,'nice'),(4136,322,83,'nice'),(4137,322,82,'nice'),(4138,322,81,'nice'),(4139,322,80,'nice'),(4140,322,79,'nice'),(4141,322,78,'nice'),(4142,322,77,'nice'),(4143,322,76,'nice'),(4144,322,75,'nice'),(4145,322,74,'nice'),(4146,322,73,'nice'),(4147,323,86,'nice'),(4148,323,85,'nice'),(4149,323,84,'nice'),(4150,323,83,'nice'),(4151,323,82,'nice'),(4152,323,81,'nice'),(4153,323,80,'nice'),(4154,323,79,'nice'),(4155,323,78,'nice'),(4156,323,77,'nice'),(4157,323,76,'nice'),(4158,323,75,'nice'),(4159,323,74,'nice'),(4160,323,73,'nice'),(4161,324,86,'nice'),(4162,324,85,'nice'),(4163,324,84,'nice'),(4164,324,83,'nice'),(4165,324,82,'nice'),(4166,324,81,'nice'),(4167,324,80,'nice'),(4168,324,79,'nice'),(4169,324,78,'nice'),(4170,324,77,'nice'),(4171,324,76,'nice'),(4172,324,75,'nice'),(4173,324,74,'nice'),(4174,324,73,'nice'),(4175,325,86,'nice'),(4176,325,85,'nice'),(4177,325,84,'nice'),(4178,325,83,'nice'),(4179,325,82,'nice'),(4180,325,81,'nice'),(4181,325,80,'nice'),(4182,325,79,'nice'),(4183,325,78,'nice'),(4184,325,77,'nice'),(4185,325,76,'nice'),(4186,325,75,'nice'),(4187,325,74,'nice'),(4188,325,73,'nice'),(4189,326,86,'nice'),(4190,326,85,'nice'),(4191,326,84,'nice'),(4192,326,83,'nice'),(4193,326,82,'nice'),(4194,326,81,'nice'),(4195,326,80,'nice'),(4196,326,79,'nice'),(4197,326,78,'nice'),(4198,326,77,'nice'),(4199,326,76,'nice'),(4200,326,75,'nice'),(4201,326,74,'nice'),(4202,326,73,'nice'),(4203,327,86,'nice'),(4204,327,85,'nice'),(4205,327,84,'nice'),(4206,327,83,'nice'),(4207,327,82,'nice'),(4208,327,81,'nice'),(4209,327,80,'nice'),(4210,327,79,'nice'),(4211,327,78,'nice'),(4212,327,77,'nice'),(4213,327,76,'nice'),(4214,327,75,'nice'),(4215,327,74,'nice'),(4216,327,73,'nice'),(4217,328,86,'nice'),(4218,328,85,'nice'),(4219,328,84,'nice'),(4220,328,83,'nice'),(4221,328,82,'nice'),(4222,328,81,'nice'),(4223,328,80,'nice'),(4224,328,79,'nice'),(4225,328,78,'nice'),(4226,328,77,'nice'),(4227,328,76,'nice'),(4228,328,75,'nice'),(4229,328,74,'nice'),(4230,328,73,'nice'),(4231,329,86,'nice'),(4232,329,85,'nice'),(4233,329,84,'nice'),(4234,329,83,'nice'),(4235,329,82,'nice'),(4236,329,81,'nice'),(4237,329,80,'nice'),(4238,329,79,'nice'),(4239,329,78,'nice'),(4240,329,77,'nice'),(4241,329,76,'nice'),(4242,329,75,'nice'),(4243,329,74,'nice'),(4244,329,73,'nice'),(4245,330,86,'nice'),(4246,330,85,'nice'),(4247,330,84,'nice'),(4248,330,83,'nice'),(4249,330,82,'nice'),(4250,330,81,'nice'),(4251,330,80,'nice'),(4252,330,79,'nice'),(4253,330,78,'nice'),(4254,330,77,'nice'),(4255,330,76,'nice'),(4256,330,75,'nice'),(4257,330,74,'nice'),(4258,330,73,'nice'),(4259,331,86,'nice'),(4260,331,85,'nice'),(4261,331,84,'nice'),(4262,331,83,'nice'),(4263,331,82,'nice'),(4264,331,81,'nice'),(4265,331,80,'nice'),(4266,331,79,'nice'),(4267,331,78,'nice'),(4268,331,77,'nice'),(4269,331,76,'nice'),(4270,331,75,'nice'),(4271,331,74,'nice'),(4272,331,73,'nice'),(4273,332,86,'nice'),(4274,332,85,'nice'),(4275,332,84,'nice'),(4276,332,83,'nice'),(4277,332,82,'nice'),(4278,332,81,'nice'),(4279,332,80,'nice'),(4280,332,79,'nice'),(4281,332,78,'nice'),(4282,332,77,'nice'),(4283,332,76,'nice'),(4284,332,75,'nice'),(4285,332,74,'nice'),(4286,332,73,'nice'),(4287,333,86,'nice'),(4288,333,85,'nice'),(4289,333,84,'nice'),(4290,333,83,'nice'),(4291,333,82,'nice'),(4292,333,81,'nice'),(4293,333,80,'nice'),(4294,333,79,'nice'),(4295,333,78,'nice'),(4296,333,77,'nice'),(4297,333,76,'nice'),(4298,333,75,'nice'),(4299,333,74,'nice'),(4300,333,73,'nice'),(4301,334,86,'nice'),(4302,334,85,'nice'),(4303,334,84,'nice'),(4304,334,83,'nice'),(4305,334,82,'nice'),(4306,334,81,'nice'),(4307,334,80,'nice'),(4308,334,79,'nice'),(4309,334,78,'nice'),(4310,334,77,'nice'),(4311,334,76,'nice'),(4312,334,75,'nice'),(4313,334,74,'nice'),(4314,334,73,'nice'),(4315,335,86,'nice'),(4316,335,85,'nice'),(4317,335,84,'nice'),(4318,335,83,'nice'),(4319,335,82,'nice'),(4320,335,81,'nice'),(4321,335,80,'nice'),(4322,335,79,'nice'),(4323,335,78,'nice'),(4324,335,77,'nice'),(4325,335,76,'nice'),(4326,335,75,'nice'),(4327,335,74,'nice'),(4328,335,73,'nice'),(4329,336,86,'nice'),(4330,336,85,'nice'),(4331,336,84,'nice'),(4332,336,83,'nice'),(4333,336,82,'nice'),(4334,336,81,'nice'),(4335,336,80,'nice'),(4336,336,79,'nice'),(4337,336,78,'nice'),(4338,336,77,'nice'),(4339,336,76,'nice'),(4340,336,75,'nice'),(4341,336,74,'nice'),(4342,336,73,'nice'),(4343,337,86,'nice'),(4344,337,85,'nice'),(4345,337,84,'nice'),(4346,337,83,'nice'),(4347,337,82,'nice'),(4348,337,81,'nice'),(4349,337,80,'nice'),(4350,337,79,'nice'),(4351,337,78,'nice'),(4352,337,77,'nice'),(4353,337,76,'nice'),(4354,337,75,'nice'),(4355,337,74,'nice'),(4356,337,73,'nice'),(4357,338,86,'nice'),(4358,338,85,'nice'),(4359,338,84,'nice'),(4360,338,83,'nice'),(4361,338,82,'nice'),(4362,338,81,'nice'),(4363,338,80,'nice'),(4364,338,79,'nice'),(4365,338,78,'nice'),(4366,338,77,'nice'),(4367,338,76,'nice'),(4368,338,75,'nice'),(4369,338,74,'nice'),(4370,338,73,'nice'),(4371,339,86,'nice'),(4372,339,85,'nice'),(4373,339,84,'nice'),(4374,339,83,'nice'),(4375,339,82,'nice'),(4376,339,81,'nice'),(4377,339,80,'nice'),(4378,339,79,'nice'),(4379,339,78,'nice'),(4380,339,77,'nice'),(4381,339,76,'nice'),(4382,339,75,'nice'),(4383,339,74,'nice'),(4384,339,73,'nice'),(4385,340,86,'nice'),(4386,340,85,'nice'),(4387,340,84,'nice'),(4388,340,83,'nice'),(4389,340,82,'nice'),(4390,340,81,'nice'),(4391,340,80,'nice'),(4392,340,79,'nice'),(4393,340,78,'nice'),(4394,340,77,'nice'),(4395,340,76,'nice'),(4396,340,75,'nice'),(4397,340,74,'nice'),(4398,340,73,'nice'),(4399,341,86,'nice'),(4400,341,85,'nice'),(4401,341,84,'nice'),(4402,341,83,'nice'),(4403,341,82,'nice'),(4404,341,81,'nice'),(4405,341,80,'nice'),(4406,341,79,'nice'),(4407,341,78,'nice'),(4408,341,77,'nice'),(4409,341,76,'nice'),(4410,341,75,'nice'),(4411,341,74,'nice'),(4412,341,73,'nice'),(4413,342,86,'nice'),(4414,342,85,'nice'),(4415,342,84,'nice'),(4416,342,83,'nice'),(4417,342,82,'nice'),(4418,342,81,'nice'),(4419,342,80,'nice'),(4420,342,79,'nice'),(4421,342,78,'nice'),(4422,342,77,'nice'),(4423,342,76,'nice'),(4424,342,75,'nice'),(4425,342,74,'nice'),(4426,342,73,'nice'),(4427,343,86,'nice'),(4428,343,85,'nice'),(4429,343,84,'nice'),(4430,343,83,'nice'),(4431,343,82,'nice'),(4432,343,81,'nice'),(4433,343,80,'nice'),(4434,343,79,'nice'),(4435,343,78,'nice'),(4436,343,77,'nice'),(4437,343,76,'nice'),(4438,343,75,'nice'),(4439,343,74,'nice'),(4440,343,73,'nice'),(4441,344,86,'nice'),(4442,344,85,'nice'),(4443,344,84,'nice'),(4444,344,83,'nice'),(4445,344,82,'nice'),(4446,344,81,'nice'),(4447,344,80,'nice'),(4448,344,79,'nice'),(4449,344,78,'nice'),(4450,344,77,'nice'),(4451,344,76,'nice'),(4452,344,75,'nice'),(4453,344,74,'nice'),(4454,344,73,'nice'),(4455,345,86,'nice'),(4456,345,85,'nice'),(4457,345,84,'nice'),(4458,345,83,'nice'),(4459,345,82,'nice'),(4460,345,81,'nice'),(4461,345,80,'nice'),(4462,345,79,'nice'),(4463,345,78,'nice'),(4464,345,77,'nice'),(4465,345,76,'nice'),(4466,345,75,'nice'),(4467,345,74,'nice'),(4468,345,73,'nice'),(4469,346,86,'nice'),(4470,346,85,'nice'),(4471,346,84,'nice'),(4472,346,83,'nice'),(4473,346,82,'nice'),(4474,346,81,'nice'),(4475,346,80,'nice'),(4476,346,79,'nice'),(4477,346,78,'nice'),(4478,346,77,'nice'),(4479,346,76,'nice'),(4480,346,75,'nice'),(4481,346,74,'nice'),(4482,346,73,'nice'),(4483,347,86,'nice'),(4484,347,85,'nice'),(4485,347,84,'nice'),(4486,347,83,'nice'),(4487,347,82,'nice'),(4488,347,81,'nice'),(4489,347,80,'nice'),(4490,347,79,'nice'),(4491,347,78,'nice'),(4492,347,77,'nice'),(4493,347,76,'nice'),(4494,347,75,'nice'),(4495,347,74,'nice'),(4496,347,73,'nice'),(4497,348,86,'nice'),(4498,348,85,'nice'),(4499,348,84,'nice'),(4500,348,83,'nice'),(4501,348,82,'nice'),(4502,348,81,'nice'),(4503,348,80,'nice'),(4504,348,79,'nice'),(4505,348,78,'nice'),(4506,348,77,'nice'),(4507,348,76,'nice'),(4508,348,75,'nice'),(4509,348,74,'nice'),(4510,348,73,'nice'),(4511,349,86,'nice'),(4512,349,85,'nice'),(4513,349,84,'nice'),(4514,349,83,'nice'),(4515,349,82,'nice'),(4516,349,81,'nice'),(4517,349,80,'nice'),(4518,349,79,'nice'),(4519,349,78,'nice'),(4520,349,77,'nice'),(4521,349,76,'nice'),(4522,349,75,'nice'),(4523,349,74,'nice'),(4524,349,73,'nice'),(4525,350,86,'nice'),(4526,350,85,'nice'),(4527,350,84,'nice'),(4528,350,83,'nice'),(4529,350,82,'nice'),(4530,350,81,'nice'),(4531,350,80,'nice'),(4532,350,79,'nice'),(4533,350,78,'nice'),(4534,350,77,'nice'),(4535,350,76,'nice'),(4536,350,75,'nice'),(4537,350,74,'nice'),(4538,350,73,'nice'),(4539,351,86,'nice'),(4540,351,85,'nice'),(4541,351,84,'nice'),(4542,351,83,'nice'),(4543,351,82,'nice'),(4544,351,81,'nice'),(4545,351,80,'nice'),(4546,351,79,'nice'),(4547,351,78,'nice'),(4548,351,77,'nice'),(4549,351,76,'nice'),(4550,351,75,'nice'),(4551,351,74,'nice'),(4552,351,73,'nice'),(4553,352,86,'nice'),(4554,352,85,'nice'),(4555,352,84,'nice'),(4556,352,83,'nice'),(4557,352,82,'nice'),(4558,352,81,'nice'),(4559,352,80,'nice'),(4560,352,79,'nice'),(4561,352,78,'nice'),(4562,352,77,'nice'),(4563,352,76,'nice'),(4564,352,75,'nice'),(4565,352,74,'nice'),(4566,352,73,'nice'),(4567,353,86,'nice'),(4568,353,85,'nice'),(4569,353,84,'nice'),(4570,353,83,'nice'),(4571,353,82,'nice'),(4572,353,81,'nice'),(4573,353,80,'nice'),(4574,353,79,'nice'),(4575,353,78,'nice'),(4576,353,77,'nice'),(4577,353,76,'nice'),(4578,353,75,'nice'),(4579,353,74,'nice'),(4580,353,73,'nice'),(4581,354,86,'nice'),(4582,354,85,'nice'),(4583,354,84,'nice'),(4584,354,83,'nice'),(4585,354,82,'nice'),(4586,354,81,'nice'),(4587,354,80,'nice'),(4588,354,79,'nice'),(4589,354,78,'nice'),(4590,354,77,'nice'),(4591,354,76,'nice'),(4592,354,75,'nice'),(4593,354,74,'nice'),(4594,354,73,'nice'),(4595,355,86,'nice'),(4596,355,85,'nice'),(4597,355,84,'nice'),(4598,355,83,'nice'),(4599,355,82,'nice'),(4600,355,81,'nice'),(4601,355,80,'nice'),(4602,355,79,'nice'),(4603,355,78,'nice'),(4604,355,77,'nice'),(4605,355,76,'nice'),(4606,355,75,'nice'),(4607,355,74,'nice'),(4608,355,73,'nice'),(4609,356,86,'nice'),(4610,356,85,'nice'),(4611,356,84,'nice'),(4612,356,83,'nice'),(4613,356,82,'nice'),(4614,356,81,'nice'),(4615,356,80,'nice'),(4616,356,79,'nice'),(4617,356,78,'nice'),(4618,356,77,'nice'),(4619,356,76,'nice'),(4620,356,75,'nice'),(4621,356,74,'nice'),(4622,356,73,'nice'),(4623,357,86,'nice'),(4624,357,85,'nice'),(4625,357,84,'nice'),(4626,357,83,'nice'),(4627,357,82,'nice'),(4628,357,81,'nice'),(4629,357,80,'nice'),(4630,357,79,'nice'),(4631,357,78,'nice'),(4632,357,77,'nice'),(4633,357,76,'nice'),(4634,357,75,'nice'),(4635,357,74,'nice'),(4636,357,73,'nice'),(4637,358,86,'nice'),(4638,358,85,'nice'),(4639,358,84,'nice'),(4640,358,83,'nice'),(4641,358,82,'nice'),(4642,358,81,'nice'),(4643,358,80,'nice'),(4644,358,79,'nice'),(4645,358,78,'nice'),(4646,358,77,'nice'),(4647,358,76,'nice'),(4648,358,75,'nice'),(4649,358,74,'nice'),(4650,358,73,'nice'),(4651,359,86,'nice'),(4652,359,85,'nice'),(4653,359,84,'nice'),(4654,359,83,'nice'),(4655,359,82,'nice'),(4656,359,81,'nice'),(4657,359,80,'nice'),(4658,359,79,'nice'),(4659,359,78,'nice'),(4660,359,77,'nice'),(4661,359,76,'nice'),(4662,359,75,'nice'),(4663,359,74,'nice'),(4664,359,73,'nice'),(4665,360,86,'nice'),(4666,360,85,'nice'),(4667,360,84,'nice'),(4668,360,83,'nice'),(4669,360,82,'nice'),(4670,360,81,'nice'),(4671,360,80,'nice'),(4672,360,79,'nice'),(4673,360,78,'nice'),(4674,360,77,'nice'),(4675,360,76,'nice'),(4676,360,75,'nice'),(4677,360,74,'nice'),(4678,360,73,'nice'),(4679,361,86,'nice'),(4680,361,85,'nice'),(4681,361,84,'nice'),(4682,361,83,'nice'),(4683,361,82,'nice'),(4684,361,81,'nice'),(4685,361,80,'nice'),(4686,361,79,'nice'),(4687,361,78,'nice'),(4688,361,77,'nice'),(4689,361,76,'nice'),(4690,361,75,'nice'),(4691,361,74,'nice'),(4692,361,73,'nice'),(4693,362,86,'nice'),(4694,362,85,'nice'),(4695,362,84,'nice'),(4696,362,83,'nice'),(4697,362,82,'nice'),(4698,362,81,'nice'),(4699,362,80,'nice'),(4700,362,79,'nice'),(4701,362,78,'nice'),(4702,362,77,'nice'),(4703,362,76,'nice'),(4704,362,75,'nice'),(4705,362,74,'nice'),(4706,362,73,'nice'),(4707,363,86,'nice'),(4708,363,85,'nice'),(4709,363,84,'nice'),(4710,363,83,'nice'),(4711,363,82,'nice'),(4712,363,81,'nice'),(4713,363,80,'nice'),(4714,363,79,'nice'),(4715,363,78,'nice'),(4716,363,77,'nice'),(4717,363,76,'nice'),(4718,363,75,'nice'),(4719,363,74,'nice'),(4720,363,73,'nice'),(4721,364,86,'nice'),(4722,364,85,'nice'),(4723,364,84,'nice'),(4724,364,83,'nice'),(4725,364,82,'nice'),(4726,364,81,'nice'),(4727,364,80,'nice'),(4728,364,79,'nice'),(4729,364,78,'nice'),(4730,364,77,'nice'),(4731,364,76,'nice'),(4732,364,75,'nice'),(4733,364,74,'nice'),(4734,364,73,'nice'),(4735,365,86,'nice'),(4736,365,85,'nice'),(4737,365,84,'nice'),(4738,365,83,'nice'),(4739,365,82,'nice'),(4740,365,81,'nice'),(4741,365,80,'nice'),(4742,365,79,'nice'),(4743,365,78,'nice'),(4744,365,77,'nice'),(4745,365,76,'nice'),(4746,365,75,'nice'),(4747,365,74,'nice'),(4748,365,73,'nice'),(4749,366,86,'nice'),(4750,366,85,'nice'),(4751,366,84,'nice'),(4752,366,83,'nice'),(4753,366,82,'nice'),(4754,366,81,'nice'),(4755,366,80,'nice'),(4756,366,79,'nice'),(4757,366,78,'nice'),(4758,366,77,'nice'),(4759,366,76,'nice'),(4760,366,75,'nice'),(4761,366,74,'nice'),(4762,366,73,'nice'),(4763,367,86,'nice'),(4764,367,85,'nice'),(4765,367,84,'nice'),(4766,367,83,'nice'),(4767,367,82,'nice'),(4768,367,81,'nice'),(4769,367,80,'nice'),(4770,367,79,'nice'),(4771,367,78,'nice'),(4772,367,77,'nice'),(4773,367,76,'nice'),(4774,367,75,'nice'),(4775,367,74,'nice'),(4776,367,73,'nice'),(4777,368,86,'nice'),(4778,368,85,'nice'),(4779,368,84,'nice'),(4780,368,83,'nice'),(4781,368,82,'nice'),(4782,368,81,'nice'),(4783,368,80,'nice'),(4784,368,79,'nice'),(4785,368,78,'nice'),(4786,368,77,'nice'),(4787,368,76,'nice'),(4788,368,75,'nice'),(4789,368,74,'nice'),(4790,368,73,'nice'),(4791,369,86,'nice'),(4792,369,85,'nice'),(4793,369,84,'nice'),(4794,369,83,'nice'),(4795,369,82,'nice'),(4796,369,81,'nice'),(4797,369,80,'nice'),(4798,369,79,'nice'),(4799,369,78,'nice'),(4800,369,77,'nice'),(4801,369,76,'nice'),(4802,369,75,'nice'),(4803,369,74,'nice'),(4804,369,73,'nice'),(4805,370,86,'nice'),(4806,370,85,'nice'),(4807,370,84,'nice'),(4808,370,83,'nice'),(4809,370,82,'nice'),(4810,370,81,'nice'),(4811,370,80,'nice'),(4812,370,79,'nice'),(4813,370,78,'nice'),(4814,370,77,'nice'),(4815,370,76,'nice'),(4816,370,75,'nice'),(4817,370,74,'nice'),(4818,370,73,'nice'),(4819,371,86,'nice'),(4820,371,85,'nice'),(4821,371,84,'nice'),(4822,371,83,'nice'),(4823,371,82,'nice'),(4824,371,81,'nice'),(4825,371,80,'nice'),(4826,371,79,'nice'),(4827,371,78,'nice'),(4828,371,77,'nice'),(4829,371,76,'nice'),(4830,371,75,'nice'),(4831,371,74,'nice'),(4832,371,73,'nice'),(4833,372,86,'nice'),(4834,372,85,'nice'),(4835,372,84,'nice'),(4836,372,83,'nice'),(4837,372,82,'nice'),(4838,372,81,'nice'),(4839,372,80,'nice'),(4840,372,79,'nice'),(4841,372,78,'nice'),(4842,372,77,'nice'),(4843,372,76,'nice'),(4844,372,75,'nice'),(4845,372,74,'nice'),(4846,372,73,'nice'),(4847,373,86,'nice'),(4848,373,85,'nice'),(4849,373,84,'nice'),(4850,373,83,'nice'),(4851,373,82,'nice'),(4852,373,81,'nice'),(4853,373,80,'nice'),(4854,373,79,'nice'),(4855,373,78,'nice'),(4856,373,77,'nice'),(4857,373,76,'nice'),(4858,373,75,'nice'),(4859,373,74,'nice'),(4860,373,73,'nice'),(4861,374,86,'nice'),(4862,374,85,'nice'),(4863,374,84,'nice'),(4864,374,83,'nice'),(4865,374,82,'nice'),(4866,374,81,'nice'),(4867,374,80,'nice'),(4868,374,79,'nice'),(4869,374,78,'nice'),(4870,374,77,'nice'),(4871,374,76,'nice'),(4872,374,75,'nice'),(4873,374,74,'nice'),(4874,374,73,'nice'),(4875,375,86,'nice'),(4876,375,85,'nice'),(4877,375,84,'nice'),(4878,375,83,'nice'),(4879,375,82,'nice'),(4880,375,81,'nice'),(4881,375,80,'nice'),(4882,375,79,'nice'),(4883,375,78,'nice'),(4884,375,77,'nice'),(4885,375,76,'nice'),(4886,375,75,'nice'),(4887,375,74,'nice'),(4888,375,73,'nice'),(4889,376,86,'nice'),(4890,376,85,'nice'),(4891,376,84,'nice'),(4892,376,83,'nice'),(4893,376,82,'nice'),(4894,376,81,'nice'),(4895,376,80,'nice'),(4896,376,79,'nice'),(4897,376,78,'nice'),(4898,376,77,'nice'),(4899,376,76,'nice'),(4900,376,75,'nice'),(4901,376,74,'nice'),(4902,376,73,'nice'),(4903,377,86,'nice'),(4904,377,85,'nice'),(4905,377,84,'nice'),(4906,377,83,'nice'),(4907,377,82,'nice'),(4908,377,81,'nice'),(4909,377,80,'nice'),(4910,377,79,'nice'),(4911,377,78,'nice'),(4912,377,77,'nice'),(4913,377,76,'nice'),(4914,377,75,'nice'),(4915,377,74,'nice'),(4916,377,73,'nice'),(4917,378,101,'nice'),(4918,378,100,'nice'),(4919,378,99,'nice'),(4920,378,98,'nice'),(4921,378,97,'nice'),(4922,378,96,'nice'),(4923,378,95,'nice'),(4924,378,94,'nice'),(4925,378,93,'nice'),(4926,378,92,'nice'),(4927,378,91,'nice'),(4928,378,90,'nice'),(4929,378,89,'nice'),(4930,378,88,'nice'),(4932,379,101,'nice'),(4933,379,100,'nice'),(4934,379,99,'nice'),(4935,379,98,'nice'),(4936,379,97,'nice'),(4937,379,96,'nice'),(4938,379,95,'nice'),(4939,379,94,'nice'),(4940,379,93,'nice'),(4941,379,92,'nice'),(4942,379,91,'nice'),(4943,379,90,'nice'),(4944,379,89,'nice'),(4945,379,88,'nice'),(4947,380,101,'nice'),(4948,380,100,'nice'),(4949,380,99,'nice'),(4950,380,98,'nice'),(4951,380,97,'nice'),(4952,380,96,'nice'),(4953,380,95,'nice'),(4954,380,94,'nice'),(4955,380,93,'nice'),(4956,380,92,'nice'),(4957,380,91,'nice'),(4958,380,90,'nice'),(4959,380,89,'nice'),(4960,380,88,'nice'),(4962,381,101,'nice'),(4963,381,100,'nice'),(4964,381,99,'nice'),(4965,381,98,'nice'),(4966,381,97,'nice'),(4967,381,96,'nice'),(4968,381,95,'nice'),(4969,381,94,'nice'),(4970,381,93,'nice'),(4971,381,92,'nice'),(4972,381,91,'nice'),(4973,381,90,'nice'),(4974,381,89,'nice'),(4975,381,88,'nice'),(4977,382,101,'nice'),(4978,382,100,'nice'),(4979,382,99,'nice'),(4980,382,98,'nice'),(4981,382,97,'nice'),(4982,382,96,'nice'),(4983,382,95,'nice'),(4984,382,94,'nice'),(4985,382,93,'nice'),(4986,382,92,'nice'),(4987,382,91,'nice'),(4988,382,90,'nice'),(4989,382,89,'nice'),(4990,382,88,'nice'),(4992,383,101,'nice'),(4993,383,100,'nice'),(4994,383,99,'nice'),(4995,383,98,'nice'),(4996,383,97,'nice'),(4997,383,96,'nice'),(4998,383,95,'nice'),(4999,383,94,'nice'),(5000,383,93,'nice'),(5001,383,92,'nice'),(5002,383,91,'nice'),(5003,383,90,'nice'),(5004,383,89,'nice'),(5005,383,88,'nice'),(5007,384,101,'nice'),(5008,384,100,'nice'),(5009,384,99,'nice'),(5010,384,98,'nice'),(5011,384,97,'nice'),(5012,384,96,'nice'),(5013,384,95,'nice'),(5014,384,94,'nice'),(5015,384,93,'nice'),(5016,384,92,'nice'),(5017,384,91,'nice'),(5018,384,90,'nice'),(5019,384,89,'nice'),(5020,384,88,'nice'),(5022,385,101,'nice'),(5023,385,100,'nice'),(5024,385,99,'nice'),(5025,385,98,'nice'),(5026,385,97,'nice'),(5027,385,96,'nice'),(5028,385,95,'nice'),(5029,385,94,'nice'),(5030,385,93,'nice'),(5031,385,92,'nice'),(5032,385,91,'nice'),(5033,385,90,'nice'),(5034,385,89,'nice'),(5035,385,88,'nice'),(5037,386,101,'nice'),(5038,386,100,'nice'),(5039,386,99,'nice'),(5040,386,98,'nice'),(5041,386,97,'nice'),(5042,386,96,'nice'),(5043,386,95,'nice'),(5044,386,94,'nice'),(5045,386,93,'nice'),(5046,386,92,'nice'),(5047,386,91,'nice'),(5048,386,90,'nice'),(5049,386,89,'nice'),(5050,386,88,'nice'),(5052,387,101,'nice'),(5053,387,100,'nice'),(5054,387,99,'nice'),(5055,387,98,'nice'),(5056,387,97,'nice'),(5057,387,96,'nice'),(5058,387,95,'nice'),(5059,387,94,'nice'),(5060,387,93,'nice'),(5061,387,92,'nice'),(5062,387,91,'nice'),(5063,387,90,'nice'),(5064,387,89,'nice'),(5065,387,88,'nice'),(5067,388,101,'nice'),(5068,388,100,'nice'),(5069,388,99,'nice'),(5070,388,98,'nice'),(5071,388,97,'nice'),(5072,388,96,'nice'),(5073,388,95,'nice'),(5074,388,94,'nice'),(5075,388,93,'nice'),(5076,388,92,'nice'),(5077,388,91,'nice'),(5078,388,90,'nice'),(5079,388,89,'nice'),(5080,388,88,'nice'),(5082,389,101,'nice'),(5083,389,100,'nice'),(5084,389,99,'nice'),(5085,389,98,'nice'),(5086,389,97,'nice'),(5087,389,96,'nice'),(5088,389,95,'nice'),(5089,389,94,'nice'),(5090,389,93,'nice'),(5091,389,92,'nice'),(5092,389,91,'nice'),(5093,389,90,'nice'),(5094,389,89,'nice'),(5095,389,88,'nice'),(5097,390,101,'nice'),(5098,390,100,'nice'),(5099,390,99,'nice'),(5100,390,98,'nice'),(5101,390,97,'nice'),(5102,390,96,'nice'),(5103,390,95,'nice'),(5104,390,94,'nice'),(5105,390,93,'nice'),(5106,390,92,'nice'),(5107,390,91,'nice'),(5108,390,90,'nice'),(5109,390,89,'nice'),(5110,390,88,'nice'),(5112,391,101,'nice'),(5113,391,100,'nice'),(5114,391,99,'nice'),(5115,391,98,'nice'),(5116,391,97,'nice'),(5117,391,96,'nice'),(5118,391,95,'nice'),(5119,391,94,'nice'),(5120,391,93,'nice'),(5121,391,92,'nice'),(5122,391,91,'nice'),(5123,391,90,'nice'),(5124,391,89,'nice'),(5125,391,88,'nice'),(5127,392,101,'nice'),(5128,392,100,'nice'),(5129,392,99,'nice'),(5130,392,98,'nice'),(5131,392,97,'nice'),(5132,392,96,'nice'),(5133,392,95,'nice'),(5134,392,94,'nice'),(5135,392,93,'nice'),(5136,392,92,'nice'),(5137,392,91,'nice'),(5138,392,90,'nice'),(5139,392,89,'nice'),(5140,392,88,'nice'),(5142,393,101,'nice'),(5143,393,100,'nice'),(5144,393,99,'nice'),(5145,393,98,'nice'),(5146,393,97,'nice'),(5147,393,96,'nice'),(5148,393,95,'nice'),(5149,393,94,'nice'),(5150,393,93,'nice'),(5151,393,92,'nice'),(5152,393,91,'nice'),(5153,393,90,'nice'),(5154,393,89,'nice'),(5155,393,88,'nice'),(5157,394,101,'nice'),(5158,394,100,'nice'),(5159,394,99,'nice'),(5160,394,98,'nice'),(5161,394,97,'nice'),(5162,394,96,'nice'),(5163,394,95,'nice'),(5164,394,94,'nice'),(5165,394,93,'nice'),(5166,394,92,'nice'),(5167,394,91,'nice'),(5168,394,90,'nice'),(5169,394,89,'nice'),(5170,394,88,'nice'),(5172,395,101,'nice'),(5173,395,100,'nice'),(5174,395,99,'nice'),(5175,395,98,'nice'),(5176,395,97,'nice'),(5177,395,96,'nice'),(5178,395,95,'nice'),(5179,395,94,'nice'),(5180,395,93,'nice'),(5181,395,92,'nice'),(5182,395,91,'nice'),(5183,395,90,'nice'),(5184,395,89,'nice'),(5185,395,88,'nice'),(5187,396,101,'nice'),(5188,396,100,'nice'),(5189,396,99,'nice'),(5190,396,98,'nice'),(5191,396,97,'nice'),(5192,396,96,'nice'),(5193,396,95,'nice'),(5194,396,94,'nice'),(5195,396,93,'nice'),(5196,396,92,'nice'),(5197,396,91,'nice'),(5198,396,90,'nice'),(5199,396,89,'nice'),(5200,396,88,'nice'),(5202,397,101,'nice'),(5203,397,100,'nice'),(5204,397,99,'nice'),(5205,397,98,'nice'),(5206,397,97,'nice'),(5207,397,96,'nice'),(5208,397,95,'nice'),(5209,397,94,'nice'),(5210,397,93,'nice'),(5211,397,92,'nice'),(5212,397,91,'nice'),(5213,397,90,'nice'),(5214,397,89,'nice'),(5215,397,88,'nice'),(5217,398,101,'nice'),(5218,398,100,'nice'),(5219,398,99,'nice'),(5220,398,98,'nice'),(5221,398,97,'nice'),(5222,398,96,'nice'),(5223,398,95,'nice'),(5224,398,94,'nice'),(5225,398,93,'nice'),(5226,398,92,'nice'),(5227,398,91,'nice'),(5228,398,90,'nice'),(5229,398,89,'nice'),(5230,398,88,'nice'),(5232,399,101,'nice'),(5233,399,100,'nice'),(5234,399,99,'nice'),(5235,399,98,'nice'),(5236,399,97,'nice'),(5237,399,96,'nice'),(5238,399,95,'nice'),(5239,399,94,'nice'),(5240,399,93,'nice'),(5241,399,92,'nice'),(5242,399,91,'nice'),(5243,399,90,'nice'),(5244,399,89,'nice'),(5245,399,88,'nice'),(5247,400,101,'nice'),(5248,400,100,'nice'),(5249,400,99,'nice'),(5250,400,98,'nice'),(5251,400,97,'nice'),(5252,400,96,'nice'),(5253,400,95,'nice'),(5254,400,94,'nice'),(5255,400,93,'nice'),(5256,400,92,'nice'),(5257,400,91,'nice'),(5258,400,90,'nice'),(5259,400,89,'nice'),(5260,400,88,'nice'),(5262,401,101,'nice'),(5263,401,100,'nice'),(5264,401,99,'nice'),(5265,401,98,'nice'),(5266,401,97,'nice'),(5267,401,96,'nice'),(5268,401,95,'nice'),(5269,401,94,'nice'),(5270,401,93,'nice'),(5271,401,92,'nice'),(5272,401,91,'nice'),(5273,401,90,'nice'),(5274,401,89,'nice'),(5275,401,88,'nice'),(5277,402,101,'nice'),(5278,402,100,'nice'),(5279,402,99,'nice'),(5280,402,98,'nice'),(5281,402,97,'nice'),(5282,402,96,'nice'),(5283,402,95,'nice'),(5284,402,94,'nice'),(5285,402,93,'nice'),(5286,402,92,'nice'),(5287,402,91,'nice'),(5288,402,90,'nice'),(5289,402,89,'nice'),(5290,402,88,'nice'),(5292,403,101,'nice'),(5293,403,100,'nice'),(5294,403,99,'nice'),(5295,403,98,'nice'),(5296,403,97,'nice'),(5297,403,96,'nice'),(5298,403,95,'nice'),(5299,403,94,'nice'),(5300,403,93,'nice'),(5301,403,92,'nice'),(5302,403,91,'nice'),(5303,403,90,'nice'),(5304,403,89,'nice'),(5305,403,88,'nice'),(5307,404,101,'nice'),(5308,404,100,'nice'),(5309,404,99,'nice'),(5310,404,98,'nice'),(5311,404,97,'nice'),(5312,404,96,'nice'),(5313,404,95,'nice'),(5314,404,94,'nice'),(5315,404,93,'nice'),(5316,404,92,'nice'),(5317,404,91,'nice'),(5318,404,90,'nice'),(5319,404,89,'nice'),(5320,404,88,'nice'),(5322,405,101,'nice'),(5323,405,100,'nice'),(5324,405,99,'nice'),(5325,405,98,'nice'),(5326,405,97,'nice'),(5327,405,96,'nice'),(5328,405,95,'nice'),(5329,405,94,'nice'),(5330,405,93,'nice'),(5331,405,92,'nice'),(5332,405,91,'nice'),(5333,405,90,'nice'),(5334,405,89,'nice'),(5335,405,88,'nice'),(5337,406,101,'nice'),(5338,406,100,'nice'),(5339,406,99,'nice'),(5340,406,98,'nice'),(5341,406,97,'nice'),(5342,406,96,'nice'),(5343,406,95,'nice'),(5344,406,94,'nice'),(5345,406,93,'nice'),(5346,406,92,'nice'),(5347,406,91,'nice'),(5348,406,90,'nice'),(5349,406,89,'nice'),(5350,406,88,'nice'),(5352,407,101,'nice'),(5353,407,100,'nice'),(5354,407,99,'nice'),(5355,407,98,'nice'),(5356,407,97,'nice'),(5357,407,96,'nice'),(5358,407,95,'nice'),(5359,407,94,'nice'),(5360,407,93,'nice'),(5361,407,92,'nice'),(5362,407,91,'nice'),(5363,407,90,'nice'),(5364,407,89,'nice'),(5365,407,88,'nice'),(5367,408,101,'nice'),(5368,408,100,'nice'),(5369,408,99,'nice'),(5370,408,98,'nice'),(5371,408,97,'nice'),(5372,408,96,'nice'),(5373,408,95,'nice'),(5374,408,94,'nice'),(5375,408,93,'nice'),(5376,408,92,'nice'),(5377,408,91,'nice'),(5378,408,90,'nice'),(5379,408,89,'nice'),(5380,408,88,'nice'),(5382,409,101,'nice'),(5383,409,100,'nice'),(5384,409,99,'nice'),(5385,409,98,'nice'),(5386,409,97,'nice'),(5387,409,96,'nice'),(5388,409,95,'nice'),(5389,409,94,'nice'),(5390,409,93,'nice'),(5391,409,92,'nice'),(5392,409,91,'nice'),(5393,409,90,'nice'),(5394,409,89,'nice'),(5395,409,88,'nice'),(5397,410,101,'nice'),(5398,410,100,'nice'),(5399,410,99,'nice'),(5400,410,98,'nice'),(5401,410,97,'nice'),(5402,410,96,'nice'),(5403,410,95,'nice'),(5404,410,94,'nice'),(5405,410,93,'nice'),(5406,410,92,'nice'),(5407,410,91,'nice'),(5408,410,90,'nice'),(5409,410,89,'nice'),(5410,410,88,'nice'),(5412,411,101,'nice'),(5413,411,100,'nice'),(5414,411,99,'nice'),(5415,411,98,'nice'),(5416,411,97,'nice'),(5417,411,96,'nice'),(5418,411,95,'nice'),(5419,411,94,'nice'),(5420,411,93,'nice'),(5421,411,92,'nice'),(5422,411,91,'nice'),(5423,411,90,'nice'),(5424,411,89,'nice'),(5425,411,88,'nice'),(5427,412,101,'nice'),(5428,412,100,'nice'),(5429,412,99,'nice'),(5430,412,98,'nice'),(5431,412,97,'nice'),(5432,412,96,'nice'),(5433,412,95,'nice'),(5434,412,94,'nice'),(5435,412,93,'nice'),(5436,412,92,'nice'),(5437,412,91,'nice'),(5438,412,90,'nice'),(5439,412,89,'nice'),(5440,412,88,'nice'),(5442,413,101,'nice'),(5443,413,100,'nice'),(5444,413,99,'nice'),(5445,413,98,'nice'),(5446,413,97,'nice'),(5447,413,96,'nice'),(5448,413,95,'nice'),(5449,413,94,'nice'),(5450,413,93,'nice'),(5451,413,92,'nice'),(5452,413,91,'nice'),(5453,413,90,'nice'),(5454,413,89,'nice'),(5455,413,88,'nice'),(5457,414,101,'nice'),(5458,414,100,'nice'),(5459,414,99,'nice'),(5460,414,98,'nice'),(5461,414,97,'nice'),(5462,414,96,'nice'),(5463,414,95,'nice'),(5464,414,94,'nice'),(5465,414,93,'nice'),(5466,414,92,'nice'),(5467,414,91,'nice'),(5468,414,90,'nice'),(5469,414,89,'nice'),(5470,414,88,'nice'),(5472,415,101,'nice'),(5473,415,100,'nice'),(5474,415,99,'nice'),(5475,415,98,'nice'),(5476,415,97,'nice'),(5477,415,96,'nice'),(5478,415,95,'nice'),(5479,415,94,'nice'),(5480,415,93,'nice'),(5481,415,92,'nice'),(5482,415,91,'nice'),(5483,415,90,'nice'),(5484,415,89,'nice'),(5485,415,88,'nice'),(5487,416,101,'nice'),(5488,416,100,'nice'),(5489,416,99,'nice'),(5490,416,98,'nice'),(5491,416,97,'nice'),(5492,416,96,'nice'),(5493,416,95,'nice'),(5494,416,94,'nice'),(5495,416,93,'nice'),(5496,416,92,'nice'),(5497,416,91,'nice'),(5498,416,90,'nice'),(5499,416,89,'nice'),(5500,416,88,'nice'),(5502,417,101,'nice'),(5503,417,100,'nice'),(5504,417,99,'nice'),(5505,417,98,'nice'),(5506,417,97,'nice'),(5507,417,96,'nice'),(5508,417,95,'nice'),(5509,417,94,'nice'),(5510,417,93,'nice'),(5511,417,92,'nice'),(5512,417,91,'nice'),(5513,417,90,'nice'),(5514,417,89,'nice'),(5515,417,88,'nice'),(5517,418,101,'nice'),(5518,418,100,'nice'),(5519,418,99,'nice'),(5520,418,98,'nice'),(5521,418,97,'nice'),(5522,418,96,'nice'),(5523,418,95,'nice'),(5524,418,94,'nice'),(5525,418,93,'nice'),(5526,418,92,'nice'),(5527,418,91,'nice'),(5528,418,90,'nice'),(5529,418,89,'nice'),(5530,418,88,'nice'),(5532,419,101,'nice'),(5533,419,100,'nice'),(5534,419,99,'nice'),(5535,419,98,'nice'),(5536,419,97,'nice'),(5537,419,96,'nice'),(5538,419,95,'nice'),(5539,419,94,'nice'),(5540,419,93,'nice'),(5541,419,92,'nice'),(5542,419,91,'nice'),(5543,419,90,'nice'),(5544,419,89,'nice'),(5545,419,88,'nice'),(5547,420,101,'nice'),(5548,420,100,'nice'),(5549,420,99,'nice'),(5550,420,98,'nice'),(5551,420,97,'nice'),(5552,420,96,'nice'),(5553,420,95,'nice'),(5554,420,94,'nice'),(5555,420,93,'nice'),(5556,420,92,'nice'),(5557,420,91,'nice'),(5558,420,90,'nice'),(5559,420,89,'nice'),(5560,420,88,'nice'),(5562,421,101,'nice'),(5563,421,100,'nice'),(5564,421,99,'nice'),(5565,421,98,'nice'),(5566,421,97,'nice'),(5567,421,96,'nice'),(5568,421,95,'nice'),(5569,421,94,'nice'),(5570,421,93,'nice'),(5571,421,92,'nice'),(5572,421,91,'nice'),(5573,421,90,'nice'),(5574,421,89,'nice'),(5575,421,88,'nice'),(5577,422,101,'nice'),(5578,422,100,'nice'),(5579,422,99,'nice'),(5580,422,98,'nice'),(5581,422,97,'nice'),(5582,422,96,'nice'),(5583,422,95,'nice'),(5584,422,94,'nice'),(5585,422,93,'nice'),(5586,422,92,'nice'),(5587,422,91,'nice'),(5588,422,90,'nice'),(5589,422,89,'nice'),(5590,422,88,'nice'),(5592,423,101,'nice'),(5593,423,100,'nice'),(5594,423,99,'nice'),(5595,423,98,'nice'),(5596,423,97,'nice'),(5597,423,96,'nice'),(5598,423,95,'nice'),(5599,423,94,'nice'),(5600,423,93,'nice'),(5601,423,92,'nice'),(5602,423,91,'nice'),(5603,423,90,'nice'),(5604,423,89,'nice'),(5605,423,88,'nice'),(5607,424,101,'nice'),(5608,424,100,'nice'),(5609,424,99,'nice'),(5610,424,98,'nice'),(5611,424,97,'nice'),(5612,424,96,'nice'),(5613,424,95,'nice'),(5614,424,94,'nice'),(5615,424,93,'nice'),(5616,424,92,'nice'),(5617,424,91,'nice'),(5618,424,90,'nice'),(5619,424,89,'nice'),(5620,424,88,'nice'),(5622,425,101,'nice'),(5623,425,100,'nice'),(5624,425,99,'nice'),(5625,425,98,'nice'),(5626,425,97,'nice'),(5627,425,96,'nice'),(5628,425,95,'nice'),(5629,425,94,'nice'),(5630,425,93,'nice'),(5631,425,92,'nice'),(5632,425,91,'nice'),(5633,425,90,'nice'),(5634,425,89,'nice'),(5635,425,88,'nice'),(5637,426,101,'nice'),(5638,426,100,'nice'),(5639,426,99,'nice'),(5640,426,98,'nice'),(5641,426,97,'nice'),(5642,426,96,'nice'),(5643,426,95,'nice'),(5644,426,94,'nice'),(5645,426,93,'nice'),(5646,426,92,'nice'),(5647,426,91,'nice'),(5648,426,90,'nice'),(5649,426,89,'nice'),(5650,426,88,'nice'),(5652,427,101,'nice'),(5653,427,100,'nice'),(5654,427,99,'nice'),(5655,427,98,'nice'),(5656,427,97,'nice'),(5657,427,96,'nice'),(5658,427,95,'nice'),(5659,427,94,'nice'),(5660,427,93,'nice'),(5661,427,92,'nice'),(5662,427,91,'nice'),(5663,427,90,'nice'),(5664,427,89,'nice'),(5665,427,88,'nice'),(5667,428,101,'nice'),(5668,428,100,'nice'),(5669,428,99,'nice'),(5670,428,98,'nice'),(5671,428,97,'nice'),(5672,428,96,'nice'),(5673,428,95,'nice'),(5674,428,94,'nice'),(5675,428,93,'nice'),(5676,428,92,'nice'),(5677,428,91,'nice'),(5678,428,90,'nice'),(5679,428,89,'nice'),(5680,428,88,'nice'),(5682,429,101,'nice'),(5683,429,100,'nice'),(5684,429,99,'nice'),(5685,429,98,'nice'),(5686,429,97,'nice'),(5687,429,96,'nice'),(5688,429,95,'nice'),(5689,429,94,'nice'),(5690,429,93,'nice'),(5691,429,92,'nice'),(5692,429,91,'nice'),(5693,429,90,'nice'),(5694,429,89,'nice'),(5695,429,88,'nice'),(5697,430,101,'nice'),(5698,430,100,'nice'),(5699,430,99,'nice'),(5700,430,98,'nice'),(5701,430,97,'nice'),(5702,430,96,'nice'),(5703,430,95,'nice'),(5704,430,94,'nice'),(5705,430,93,'nice'),(5706,430,92,'nice'),(5707,430,91,'nice'),(5708,430,90,'nice'),(5709,430,89,'nice'),(5710,430,88,'nice'),(5712,431,101,'nice'),(5713,431,100,'nice'),(5714,431,99,'nice'),(5715,431,98,'nice'),(5716,431,97,'nice'),(5717,431,96,'nice'),(5718,431,95,'nice'),(5719,431,94,'nice'),(5720,431,93,'nice'),(5721,431,92,'nice'),(5722,431,91,'nice'),(5723,431,90,'nice'),(5724,431,89,'nice'),(5725,431,88,'nice'),(5727,432,101,'nice'),(5728,432,100,'nice'),(5729,432,99,'nice'),(5730,432,98,'nice'),(5731,432,97,'nice'),(5732,432,96,'nice'),(5733,432,95,'nice'),(5734,432,94,'nice'),(5735,432,93,'nice'),(5736,432,92,'nice'),(5737,432,91,'nice'),(5738,432,90,'nice'),(5739,432,89,'nice'),(5740,432,88,'nice'),(5742,433,101,'nice'),(5743,433,100,'nice'),(5744,433,99,'nice'),(5745,433,98,'nice'),(5746,433,97,'nice'),(5747,433,96,'nice'),(5748,433,95,'nice'),(5749,433,94,'nice'),(5750,433,93,'nice'),(5751,433,92,'nice'),(5752,433,91,'nice'),(5753,433,90,'nice'),(5754,433,89,'nice'),(5755,433,88,'nice'),(5757,434,112,'nice'),(5758,434,111,'nice'),(5759,434,110,'nice'),(5760,434,109,'nice'),(5761,434,108,'nice'),(5762,434,107,'nice'),(5763,434,106,'nice'),(5764,434,105,'nice'),(5765,434,104,'nice'),(5766,434,103,'nice'),(5767,434,102,'nice'),(5768,435,112,'nice'),(5769,435,111,'nice'),(5770,435,110,'nice'),(5771,435,109,'nice'),(5772,435,108,'nice'),(5773,435,107,'nice'),(5774,435,106,'nice'),(5775,435,105,'nice'),(5776,435,104,'nice'),(5777,435,103,'nice'),(5778,435,102,'nice'),(5779,436,112,'nice'),(5780,436,111,'nice'),(5781,436,110,'nice'),(5782,436,109,'nice'),(5783,436,108,'nice'),(5784,436,107,'nice'),(5785,436,106,'nice'),(5786,436,105,'nice'),(5787,436,104,'nice'),(5788,436,103,'nice'),(5789,436,102,'nice'),(5790,437,112,'nice'),(5791,437,111,'nice'),(5792,437,110,'nice'),(5793,437,109,'nice'),(5794,437,108,'nice'),(5795,437,107,'nice'),(5796,437,106,'nice'),(5797,437,105,'nice'),(5798,437,104,'nice'),(5799,437,103,'nice'),(5800,437,102,'nice'),(5801,438,112,'nice'),(5802,438,111,'nice'),(5803,438,110,'nice'),(5804,438,109,'nice'),(5805,438,108,'nice'),(5806,438,107,'nice'),(5807,438,106,'nice'),(5808,438,105,'nice'),(5809,438,104,'nice'),(5810,438,103,'nice'),(5811,438,102,'nice'),(5812,439,112,'nice'),(5813,439,111,'nice'),(5814,439,110,'nice'),(5815,439,109,'nice'),(5816,439,108,'nice'),(5817,439,107,'nice'),(5818,439,106,'nice'),(5819,439,105,'nice'),(5820,439,104,'nice'),(5821,439,103,'nice'),(5822,439,102,'nice'),(5823,440,112,'nice'),(5824,440,111,'nice'),(5825,440,110,'nice'),(5826,440,109,'nice'),(5827,440,108,'nice'),(5828,440,107,'nice'),(5829,440,106,'nice'),(5830,440,105,'nice'),(5831,440,104,'nice'),(5832,440,103,'nice'),(5833,440,102,'nice'),(5834,441,112,'nice'),(5835,441,111,'nice'),(5836,441,110,'nice'),(5837,441,109,'nice'),(5838,441,108,'nice'),(5839,441,107,'nice'),(5840,441,106,'nice'),(5841,441,105,'nice'),(5842,441,104,'nice'),(5843,441,103,'nice'),(5844,441,102,'nice'),(5845,442,112,'nice'),(5846,442,111,'nice'),(5847,442,110,'nice'),(5848,442,109,'nice'),(5849,442,108,'nice'),(5850,442,107,'nice'),(5851,442,106,'nice'),(5852,442,105,'nice'),(5853,442,104,'nice'),(5854,442,103,'nice'),(5855,442,102,'nice'),(5856,443,112,'nice'),(5857,443,111,'nice'),(5858,443,110,'nice'),(5859,443,109,'nice'),(5860,443,108,'nice'),(5861,443,107,'nice'),(5862,443,106,'nice'),(5863,443,105,'nice'),(5864,443,104,'nice'),(5865,443,103,'nice'),(5866,443,102,'nice'),(5867,444,112,'nice'),(5868,444,111,'nice'),(5869,444,110,'nice'),(5870,444,109,'nice'),(5871,444,108,'nice'),(5872,444,107,'nice'),(5873,444,106,'nice'),(5874,444,105,'nice'),(5875,444,104,'nice'),(5876,444,103,'nice'),(5877,444,102,'nice'),(5878,445,112,'nice'),(5879,445,111,'nice'),(5880,445,110,'nice'),(5881,445,109,'nice'),(5882,445,108,'nice'),(5883,445,107,'nice'),(5884,445,106,'nice'),(5885,445,105,'nice'),(5886,445,104,'nice'),(5887,445,103,'nice'),(5888,445,102,'nice'),(5889,446,112,'nice'),(5890,446,111,'nice'),(5891,446,110,'nice'),(5892,446,109,'nice'),(5893,446,108,'nice'),(5894,446,107,'nice'),(5895,446,106,'nice'),(5896,446,105,'nice'),(5897,446,104,'nice'),(5898,446,103,'nice'),(5899,446,102,'nice'),(5900,447,112,'nice'),(5901,447,111,'nice'),(5902,447,110,'nice'),(5903,447,109,'nice'),(5904,447,108,'nice'),(5905,447,107,'nice'),(5906,447,106,'nice'),(5907,447,105,'nice'),(5908,447,104,'nice'),(5909,447,103,'nice'),(5910,447,102,'nice'),(5911,448,112,'nice'),(5912,448,111,'nice'),(5913,448,110,'nice'),(5914,448,109,'nice'),(5915,448,108,'nice'),(5916,448,107,'nice'),(5917,448,106,'nice'),(5918,448,105,'nice'),(5919,448,104,'nice'),(5920,448,103,'nice'),(5921,448,102,'nice'),(5922,449,112,'nice'),(5923,449,111,'nice'),(5924,449,110,'nice'),(5925,449,109,'nice'),(5926,449,108,'nice'),(5927,449,107,'nice'),(5928,449,106,'nice'),(5929,449,105,'nice'),(5930,449,104,'nice'),(5931,449,103,'nice'),(5932,449,102,'nice'),(5933,450,112,'nice'),(5934,450,111,'nice'),(5935,450,110,'nice'),(5936,450,109,'nice'),(5937,450,108,'nice'),(5938,450,107,'nice'),(5939,450,106,'nice'),(5940,450,105,'nice'),(5941,450,104,'nice'),(5942,450,103,'nice'),(5943,450,102,'nice'),(5944,451,112,'nice'),(5945,451,111,'nice'),(5946,451,110,'nice'),(5947,451,109,'nice'),(5948,451,108,'nice'),(5949,451,107,'nice'),(5950,451,106,'nice'),(5951,451,105,'nice'),(5952,451,104,'nice'),(5953,451,103,'nice'),(5954,451,102,'nice'),(5955,452,112,'nice'),(5956,452,111,'nice'),(5957,452,110,'nice'),(5958,452,109,'nice'),(5959,452,108,'nice'),(5960,452,107,'nice'),(5961,452,106,'nice'),(5962,452,105,'nice'),(5963,452,104,'nice'),(5964,452,103,'nice'),(5965,452,102,'nice'),(5966,453,112,'nice'),(5967,453,111,'nice'),(5968,453,110,'nice'),(5969,453,109,'nice'),(5970,453,108,'nice'),(5971,453,107,'nice'),(5972,453,106,'nice'),(5973,453,105,'nice'),(5974,453,104,'nice'),(5975,453,103,'nice'),(5976,453,102,'nice'),(5977,454,122,'nice'),(5978,454,121,'nice'),(5979,454,120,'nice'),(5980,454,119,'nice'),(5981,454,118,'nice'),(5982,454,117,'nice'),(5983,454,116,'nice'),(5984,454,115,'nice'),(5985,454,114,'nice'),(5986,454,113,'nice'),(5987,455,122,'nice'),(5988,455,121,'nice'),(5989,455,120,'nice'),(5990,455,119,'nice'),(5991,455,118,'nice'),(5992,455,117,'nice'),(5993,455,116,'nice'),(5994,455,115,'nice'),(5995,455,114,'nice'),(5996,455,113,'nice'),(5997,456,122,'nice'),(5998,456,121,'nice'),(5999,456,120,'nice'),(6000,456,119,'nice'),(6001,456,118,'nice'),(6002,456,117,'nice'),(6003,456,116,'nice'),(6004,456,115,'nice'),(6005,456,114,'nice'),(6006,456,113,'nice'),(6007,457,122,'nice'),(6008,457,121,'nice'),(6009,457,120,'nice'),(6010,457,119,'nice'),(6011,457,118,'nice'),(6012,457,117,'nice'),(6013,457,116,'nice'),(6014,457,115,'nice'),(6015,457,114,'nice'),(6016,457,113,'nice'),(6017,458,122,'nice'),(6018,458,121,'nice'),(6019,458,120,'nice'),(6020,458,119,'nice'),(6021,458,118,'nice'),(6022,458,117,'nice'),(6023,458,116,'nice'),(6024,458,115,'nice'),(6025,458,114,'nice'),(6026,458,113,'nice'),(6027,459,122,'nice'),(6028,459,121,'nice'),(6029,459,120,'nice'),(6030,459,119,'nice'),(6031,459,118,'nice'),(6032,459,117,'nice'),(6033,459,116,'nice'),(6034,459,115,'nice'),(6035,459,114,'nice'),(6036,459,113,'nice'),(6037,460,122,'nice'),(6038,460,121,'nice'),(6039,460,120,'nice'),(6040,460,119,'nice'),(6041,460,118,'nice'),(6042,460,117,'nice'),(6043,460,116,'nice'),(6044,460,115,'nice'),(6045,460,114,'nice'),(6046,460,113,'nice'),(6047,461,122,'nice'),(6048,461,121,'nice'),(6049,461,120,'nice'),(6050,461,119,'nice'),(6051,461,118,'nice'),(6052,461,117,'nice'),(6053,461,116,'nice'),(6054,461,115,'nice'),(6055,461,114,'nice'),(6056,461,113,'nice'),(6057,462,122,'nice'),(6058,462,121,'nice'),(6059,462,120,'nice'),(6060,462,119,'nice'),(6061,462,118,'nice'),(6062,462,117,'nice'),(6063,462,116,'nice'),(6064,462,115,'nice'),(6065,462,114,'nice'),(6066,462,113,'nice'),(6067,463,122,'nice'),(6068,463,121,'nice'),(6069,463,120,'nice'),(6070,463,119,'nice'),(6071,463,118,'nice'),(6072,463,117,'nice'),(6073,463,116,'nice'),(6074,463,115,'nice'),(6075,463,114,'nice'),(6076,463,113,'nice'),(6077,464,122,'nice'),(6078,464,121,'nice'),(6079,464,120,'nice'),(6080,464,119,'nice'),(6081,464,118,'nice'),(6082,464,117,'nice'),(6083,464,116,'nice'),(6084,464,115,'nice'),(6085,464,114,'nice'),(6086,464,113,'nice'),(6087,465,122,'nice'),(6088,465,121,'nice'),(6089,465,120,'nice'),(6090,465,119,'nice'),(6091,465,118,'nice'),(6092,465,117,'nice'),(6093,465,116,'nice'),(6094,465,115,'nice'),(6095,465,114,'nice'),(6096,465,113,'nice'),(6097,466,122,'nice'),(6098,466,121,'nice'),(6099,466,120,'nice'),(6100,466,119,'nice'),(6101,466,118,'nice'),(6102,466,117,'nice'),(6103,466,116,'nice'),(6104,466,115,'nice'),(6105,466,114,'nice'),(6106,466,113,'nice'),(6107,467,122,'nice'),(6108,467,121,'nice'),(6109,467,120,'nice'),(6110,467,119,'nice'),(6111,467,118,'nice'),(6112,467,117,'nice'),(6113,467,116,'nice'),(6114,467,115,'nice'),(6115,467,114,'nice'),(6116,467,113,'nice'),(6117,468,122,'nice'),(6118,468,121,'nice'),(6119,468,120,'nice'),(6120,468,119,'nice'),(6121,468,118,'nice'),(6122,468,117,'nice'),(6123,468,116,'nice'),(6124,468,115,'nice'),(6125,468,114,'nice'),(6126,468,113,'nice'),(6127,469,122,'nice'),(6128,469,121,'nice'),(6129,469,120,'nice'),(6130,469,119,'nice'),(6131,469,118,'nice'),(6132,469,117,'nice'),(6133,469,116,'nice'),(6134,469,115,'nice'),(6135,469,114,'nice'),(6136,469,113,'nice'),(6137,470,122,'nice'),(6138,470,121,'nice'),(6139,470,120,'nice'),(6140,470,119,'nice'),(6141,470,118,'nice'),(6142,470,117,'nice'),(6143,470,116,'nice'),(6144,470,115,'nice'),(6145,470,114,'nice'),(6146,470,113,'nice'),(6147,471,122,'nice'),(6148,471,121,'nice'),(6149,471,120,'nice'),(6150,471,119,'nice'),(6151,471,118,'nice'),(6152,471,117,'nice'),(6153,471,116,'nice'),(6154,471,115,'nice'),(6155,471,114,'nice'),(6156,471,113,'nice'),(6157,472,122,'nice'),(6158,472,121,'nice'),(6159,472,120,'nice'),(6160,472,119,'nice'),(6161,472,118,'nice'),(6162,472,117,'nice'),(6163,472,116,'nice'),(6164,472,115,'nice'),(6165,472,114,'nice'),(6166,472,113,'nice'),(6167,473,122,'nice'),(6168,473,121,'nice'),(6169,473,120,'nice'),(6170,473,119,'nice'),(6171,473,118,'nice'),(6172,473,117,'nice'),(6173,473,116,'nice'),(6174,473,115,'nice'),(6175,473,114,'nice'),(6176,473,113,'nice'),(6177,474,122,'nice'),(6178,474,121,'nice'),(6179,474,120,'nice'),(6180,474,119,'nice'),(6181,474,118,'nice'),(6182,474,117,'nice'),(6183,474,116,'nice'),(6184,474,115,'nice'),(6185,474,114,'nice'),(6186,474,113,'nice'),(6187,475,122,'nice'),(6188,475,121,'nice'),(6189,475,120,'nice'),(6190,475,119,'nice'),(6191,475,118,'nice'),(6192,475,117,'nice'),(6193,475,116,'nice'),(6194,475,115,'nice'),(6195,475,114,'nice'),(6196,475,113,'nice'),(6197,476,122,'nice'),(6198,476,121,'nice'),(6199,476,120,'nice'),(6200,476,119,'nice'),(6201,476,118,'nice'),(6202,476,117,'nice'),(6203,476,116,'nice'),(6204,476,115,'nice'),(6205,476,114,'nice'),(6206,476,113,'nice'),(6207,477,122,'nice'),(6208,477,121,'nice'),(6209,477,120,'nice'),(6210,477,119,'nice'),(6211,477,118,'nice'),(6212,477,117,'nice'),(6213,477,116,'nice'),(6214,477,115,'nice'),(6215,477,114,'nice'),(6216,477,113,'nice'),(6217,478,122,'nice'),(6218,478,121,'nice'),(6219,478,120,'nice'),(6220,478,119,'nice'),(6221,478,118,'nice'),(6222,478,117,'nice'),(6223,478,116,'nice'),(6224,478,115,'nice'),(6225,478,114,'nice'),(6226,478,113,'nice'),(6227,479,122,'nice'),(6228,479,121,'nice'),(6229,479,120,'nice'),(6230,479,119,'nice'),(6231,479,118,'nice'),(6232,479,117,'nice'),(6233,479,116,'nice'),(6234,479,115,'nice'),(6235,479,114,'nice'),(6236,479,113,'nice'),(6237,480,122,'nice'),(6238,480,121,'nice'),(6239,480,120,'nice'),(6240,480,119,'nice'),(6241,480,118,'nice'),(6242,480,117,'nice'),(6243,480,116,'nice'),(6244,480,115,'nice'),(6245,480,114,'nice'),(6246,480,113,'nice'),(6247,481,122,'nice'),(6248,481,121,'nice'),(6249,481,120,'nice'),(6250,481,119,'nice'),(6251,481,118,'nice'),(6252,481,117,'nice'),(6253,481,116,'nice'),(6254,481,115,'nice'),(6255,481,114,'nice'),(6256,481,113,'nice'),(6257,482,122,'nice'),(6258,482,121,'nice'),(6259,482,120,'nice'),(6260,482,119,'nice'),(6261,482,118,'nice'),(6262,482,117,'nice'),(6263,482,116,'nice'),(6264,482,115,'nice'),(6265,482,114,'nice'),(6266,482,113,'nice'),(6267,483,122,'nice'),(6268,483,121,'nice'),(6269,483,120,'nice'),(6270,483,119,'nice'),(6271,483,118,'nice'),(6272,483,117,'nice'),(6273,483,116,'nice'),(6274,483,115,'nice'),(6275,483,114,'nice'),(6276,483,113,'nice'),(6277,485,122,'nice'),(6278,485,121,'nice'),(6279,485,120,'nice'),(6280,485,119,'nice'),(6281,485,118,'nice'),(6282,485,117,'nice'),(6283,485,116,'nice'),(6284,485,115,'nice'),(6285,485,114,'nice'),(6286,485,113,'nice'),(6287,486,122,'nice'),(6288,486,121,'nice'),(6289,486,120,'nice'),(6290,486,119,'nice'),(6291,486,118,'nice'),(6292,486,117,'nice'),(6293,486,116,'nice'),(6294,486,115,'nice'),(6295,486,114,'nice'),(6296,486,113,'nice'),(6297,487,122,'nice'),(6298,487,121,'nice'),(6299,487,120,'nice'),(6300,487,119,'nice'),(6301,487,118,'nice'),(6302,487,117,'nice'),(6303,487,116,'nice'),(6304,487,115,'nice'),(6305,487,114,'nice'),(6306,487,113,'nice'),(6307,488,122,'nice'),(6308,488,121,'nice'),(6309,488,120,'nice'),(6310,488,119,'nice'),(6311,488,118,'nice'),(6312,488,117,'nice'),(6313,488,116,'nice'),(6314,488,115,'nice'),(6315,488,114,'nice'),(6316,488,113,'nice'),(6317,489,122,'nice'),(6318,489,121,'nice'),(6319,489,120,'nice'),(6320,489,119,'nice'),(6321,489,118,'nice'),(6322,489,117,'nice'),(6323,489,116,'nice'),(6324,489,115,'nice'),(6325,489,114,'nice'),(6326,489,113,'nice'),(6327,490,122,'nice'),(6328,490,121,'nice'),(6329,490,120,'nice'),(6330,490,119,'nice'),(6331,490,118,'nice'),(6332,490,117,'nice'),(6333,490,116,'nice'),(6334,490,115,'nice'),(6335,490,114,'nice'),(6336,490,113,'nice'),(6337,491,122,'nice'),(6338,491,121,'nice'),(6339,491,120,'nice'),(6340,491,119,'nice'),(6341,491,118,'nice'),(6342,491,117,'nice'),(6343,491,116,'nice'),(6344,491,115,'nice'),(6345,491,114,'nice'),(6346,491,113,'nice'),(6347,492,122,'nice'),(6348,492,121,'nice'),(6349,492,120,'nice'),(6350,492,119,'nice'),(6351,492,118,'nice'),(6352,492,117,'nice'),(6353,492,116,'nice'),(6354,492,115,'nice'),(6355,492,114,'nice'),(6356,492,113,'nice'),(6357,493,122,'nice'),(6358,493,121,'nice'),(6359,493,120,'nice'),(6360,493,119,'nice'),(6361,493,118,'nice'),(6362,493,117,'nice'),(6363,493,116,'nice'),(6364,493,115,'nice'),(6365,493,114,'nice'),(6366,493,113,'nice'),(6367,494,122,'nice'),(6368,494,121,'nice'),(6369,494,120,'nice'),(6370,494,119,'nice'),(6371,494,118,'nice'),(6372,494,117,'nice'),(6373,494,116,'nice'),(6374,494,115,'nice'),(6375,494,114,'nice'),(6376,494,113,'nice'),(6377,495,122,'nice'),(6378,495,121,'nice'),(6379,495,120,'nice'),(6380,495,119,'nice'),(6381,495,118,'nice'),(6382,495,117,'nice'),(6383,495,116,'nice'),(6384,495,115,'nice'),(6385,495,114,'nice'),(6386,495,113,'nice'),(6387,496,122,'nice'),(6388,496,121,'nice'),(6389,496,120,'nice'),(6390,496,119,'nice'),(6391,496,118,'nice'),(6392,496,117,'nice'),(6393,496,116,'nice'),(6394,496,115,'nice'),(6395,496,114,'nice'),(6396,496,113,'nice'),(6397,497,122,'nice'),(6398,497,121,'nice'),(6399,497,120,'nice'),(6400,497,119,'nice'),(6401,497,118,'nice'),(6402,497,117,'nice'),(6403,497,116,'nice'),(6404,497,115,'nice'),(6405,497,114,'nice'),(6406,497,113,'nice'),(6407,498,122,'nice'),(6408,498,121,'nice'),(6409,498,120,'nice'),(6410,498,119,'nice'),(6411,498,118,'nice'),(6412,498,117,'nice'),(6413,498,116,'nice'),(6414,498,115,'nice'),(6415,498,114,'nice'),(6416,498,113,'nice'),(6417,499,122,'nice'),(6418,499,121,'nice'),(6419,499,120,'nice'),(6420,499,119,'nice'),(6421,499,118,'nice'),(6422,499,117,'nice'),(6423,499,116,'nice'),(6424,499,115,'nice'),(6425,499,114,'nice'),(6426,499,113,'nice'),(6427,500,122,'nice'),(6428,500,121,'nice'),(6429,500,120,'nice'),(6430,500,119,'nice'),(6431,500,118,'nice'),(6432,500,117,'nice'),(6433,500,116,'nice'),(6434,500,115,'nice'),(6435,500,114,'nice'),(6436,500,113,'nice'),(6437,501,122,'nice'),(6438,501,121,'nice'),(6439,501,120,'nice'),(6440,501,119,'nice'),(6441,501,118,'nice'),(6442,501,117,'nice'),(6443,501,116,'nice'),(6444,501,115,'nice'),(6445,501,114,'nice'),(6446,501,113,'nice'),(6447,502,122,'nice'),(6448,502,121,'nice'),(6449,502,120,'nice'),(6450,502,119,'nice'),(6451,502,118,'nice'),(6452,502,117,'nice'),(6453,502,116,'nice'),(6454,502,115,'nice'),(6455,502,114,'nice'),(6456,502,113,'nice'),(6457,503,122,'nice'),(6458,503,121,'nice'),(6459,503,120,'nice'),(6460,503,119,'nice'),(6461,503,118,'nice'),(6462,503,117,'nice'),(6463,503,116,'nice'),(6464,503,115,'nice'),(6465,503,114,'nice'),(6466,503,113,'nice'),(6467,504,122,'nice'),(6468,504,121,'nice'),(6469,504,120,'nice'),(6470,504,119,'nice'),(6471,504,118,'nice'),(6472,504,117,'nice'),(6473,504,116,'nice'),(6474,504,115,'nice'),(6475,504,114,'nice'),(6476,504,113,'nice'),(6477,505,122,'nice'),(6478,505,121,'nice'),(6479,505,120,'nice'),(6480,505,119,'nice'),(6481,505,118,'nice'),(6482,505,117,'nice'),(6483,505,116,'nice'),(6484,505,115,'nice'),(6485,505,114,'nice'),(6486,505,113,'nice'),(6487,506,122,'nice'),(6488,506,121,'nice'),(6489,506,120,'nice'),(6490,506,119,'nice'),(6491,506,118,'nice'),(6492,506,117,'nice'),(6493,506,116,'nice'),(6494,506,115,'nice'),(6495,506,114,'nice'),(6496,506,113,'nice'),(6497,507,122,'nice'),(6498,507,121,'nice'),(6499,507,120,'nice'),(6500,507,119,'nice'),(6501,507,118,'nice'),(6502,507,117,'nice'),(6503,507,116,'nice'),(6504,507,115,'nice'),(6505,507,114,'nice'),(6506,507,113,'nice'),(6507,508,122,'nice'),(6508,508,121,'nice'),(6509,508,120,'nice'),(6510,508,119,'nice'),(6511,508,118,'nice'),(6512,508,117,'nice'),(6513,508,116,'nice'),(6514,508,115,'nice'),(6515,508,114,'nice'),(6516,508,113,'nice'),(6517,509,122,'nice'),(6518,509,121,'nice'),(6519,509,120,'nice'),(6520,509,119,'nice'),(6521,509,118,'nice'),(6522,509,117,'nice'),(6523,509,116,'nice'),(6524,509,115,'nice'),(6525,509,114,'nice'),(6526,509,113,'nice'),(6527,510,122,'nice'),(6528,510,121,'nice'),(6529,510,120,'nice'),(6530,510,119,'nice'),(6531,510,118,'nice'),(6532,510,117,'nice'),(6533,510,116,'nice'),(6534,510,115,'nice'),(6535,510,114,'nice'),(6536,510,113,'nice'),(6537,511,122,'nice'),(6538,511,121,'nice'),(6539,511,120,'nice'),(6540,511,119,'nice'),(6541,511,118,'nice'),(6542,511,117,'nice'),(6543,511,116,'nice'),(6544,511,115,'nice'),(6545,511,114,'nice'),(6546,511,113,'nice'),(6547,512,122,'nice'),(6548,512,121,'nice'),(6549,512,120,'nice'),(6550,512,119,'nice'),(6551,512,118,'nice'),(6552,512,117,'nice'),(6553,512,116,'nice'),(6554,512,115,'nice'),(6555,512,114,'nice'),(6556,512,113,'nice'),(6557,513,122,'nice'),(6558,513,121,'nice'),(6559,513,120,'nice'),(6560,513,119,'nice'),(6561,513,118,'nice'),(6562,513,117,'nice'),(6563,513,116,'nice'),(6564,513,115,'nice'),(6565,513,114,'nice'),(6566,513,113,'nice'),(6567,514,142,'nice'),(6568,514,141,'nice'),(6569,514,140,'nice'),(6570,514,139,'nice'),(6571,514,138,'nice'),(6572,514,137,'nice'),(6573,514,136,'nice'),(6574,514,135,'nice'),(6575,514,134,'nice'),(6576,514,133,'nice'),(6577,514,132,'nice'),(6578,514,131,'nice'),(6579,514,130,'nice'),(6580,514,129,'nice'),(6581,514,128,'nice'),(6582,514,127,'nice'),(6583,514,126,'nice'),(6584,514,125,'nice'),(6585,514,124,'nice'),(6586,514,123,'nice'),(6587,515,142,'nice'),(6588,515,141,'nice'),(6589,515,140,'nice'),(6590,515,139,'nice'),(6591,515,138,'nice'),(6592,515,137,'nice'),(6593,515,136,'nice'),(6594,515,135,'nice'),(6595,515,134,'nice'),(6596,515,133,'nice'),(6597,515,132,'nice'),(6598,515,131,'nice'),(6599,515,130,'nice'),(6600,515,129,'nice'),(6601,515,128,'nice'),(6602,515,127,'nice'),(6603,515,126,'nice'),(6604,515,125,'nice'),(6605,515,124,'nice'),(6606,515,123,'nice'),(6607,516,142,'nice'),(6608,516,141,'nice'),(6609,516,140,'nice'),(6610,516,139,'nice'),(6611,516,138,'nice'),(6612,516,137,'nice'),(6613,516,136,'nice'),(6614,516,135,'nice'),(6615,516,134,'nice'),(6616,516,133,'nice'),(6617,516,132,'nice'),(6618,516,131,'nice'),(6619,516,130,'nice'),(6620,516,129,'nice'),(6621,516,128,'nice'),(6622,516,127,'nice'),(6623,516,126,'nice'),(6624,516,125,'nice'),(6625,516,124,'nice'),(6626,516,123,'nice'),(6627,517,142,'nice'),(6628,517,141,'nice'),(6629,517,140,'nice'),(6630,517,139,'nice'),(6631,517,138,'nice'),(6632,517,137,'nice'),(6633,517,136,'nice'),(6634,517,135,'nice'),(6635,517,134,'nice'),(6636,517,133,'nice'),(6637,517,132,'nice'),(6638,517,131,'nice'),(6639,517,130,'nice'),(6640,517,129,'nice'),(6641,517,128,'nice'),(6642,517,127,'nice'),(6643,517,126,'nice'),(6644,517,125,'nice'),(6645,517,124,'nice'),(6646,517,123,'nice'),(6647,518,142,'nice'),(6648,518,141,'nice'),(6649,518,140,'nice'),(6650,518,139,'nice'),(6651,518,138,'nice'),(6652,518,137,'nice'),(6653,518,136,'nice'),(6654,518,135,'nice'),(6655,518,134,'nice'),(6656,518,133,'nice'),(6657,518,132,'nice'),(6658,518,131,'nice'),(6659,518,130,'nice'),(6660,518,129,'nice'),(6661,518,128,'nice'),(6662,518,127,'nice'),(6663,518,126,'nice'),(6664,518,125,'nice'),(6665,518,124,'nice'),(6666,518,123,'nice'),(6667,519,142,'nice'),(6668,519,141,'nice'),(6669,519,140,'nice'),(6670,519,139,'nice'),(6671,519,138,'nice'),(6672,519,137,'nice'),(6673,519,136,'nice'),(6674,519,135,'nice'),(6675,519,134,'nice'),(6676,519,133,'nice'),(6677,519,132,'nice'),(6678,519,131,'nice'),(6679,519,130,'nice'),(6680,519,129,'nice'),(6681,519,128,'nice'),(6682,519,127,'nice'),(6683,519,126,'nice'),(6684,519,125,'nice'),(6685,519,124,'nice'),(6686,519,123,'nice'),(6687,520,142,'nice'),(6688,520,141,'nice'),(6689,520,140,'nice'),(6690,520,139,'nice'),(6691,520,138,'nice'),(6692,520,137,'nice'),(6693,520,136,'nice'),(6694,520,135,'nice'),(6695,520,134,'nice'),(6696,520,133,'nice'),(6697,520,132,'nice'),(6698,520,131,'nice'),(6699,520,130,'nice'),(6700,520,129,'nice'),(6701,520,128,'nice'),(6702,520,127,'nice'),(6703,520,126,'nice'),(6704,520,125,'nice'),(6705,520,124,'nice'),(6706,520,123,'nice'),(6707,521,142,'nice'),(6708,521,141,'nice'),(6709,521,140,'nice'),(6710,521,139,'nice'),(6711,521,138,'nice'),(6712,521,137,'nice'),(6713,521,136,'nice'),(6714,521,135,'nice'),(6715,521,134,'nice'),(6716,521,133,'nice'),(6717,521,132,'nice'),(6718,521,131,'nice'),(6719,521,130,'nice'),(6720,521,129,'nice'),(6721,521,128,'nice'),(6722,521,127,'nice'),(6723,521,126,'nice'),(6724,521,125,'nice'),(6725,521,124,'nice'),(6726,521,123,'nice'),(6727,522,142,'nice'),(6728,522,141,'nice'),(6729,522,140,'nice'),(6730,522,139,'nice'),(6731,522,138,'nice'),(6732,522,137,'nice'),(6733,522,136,'nice'),(6734,522,135,'nice'),(6735,522,134,'nice'),(6736,522,133,'nice'),(6737,522,132,'nice'),(6738,522,131,'nice'),(6739,522,130,'nice'),(6740,522,129,'nice'),(6741,522,128,'nice'),(6742,522,127,'nice'),(6743,522,126,'nice'),(6744,522,125,'nice'),(6745,522,124,'nice'),(6746,522,123,'nice'),(6747,523,142,'nice'),(6748,523,141,'nice'),(6749,523,140,'nice'),(6750,523,139,'nice'),(6751,523,138,'nice'),(6752,523,137,'nice'),(6753,523,136,'nice'),(6754,523,135,'nice'),(6755,523,134,'nice'),(6756,523,133,'nice'),(6757,523,132,'nice'),(6758,523,131,'nice'),(6759,523,130,'nice'),(6760,523,129,'nice'),(6761,523,128,'nice'),(6762,523,127,'nice'),(6763,523,126,'nice'),(6764,523,125,'nice'),(6765,523,124,'nice'),(6766,523,123,'nice'),(6767,524,142,'nice'),(6768,524,141,'nice'),(6769,524,140,'nice'),(6770,524,139,'nice'),(6771,524,138,'nice'),(6772,524,137,'nice'),(6773,524,136,'nice'),(6774,524,135,'nice'),(6775,524,134,'nice'),(6776,524,133,'nice'),(6777,524,132,'nice'),(6778,524,131,'nice'),(6779,524,130,'nice'),(6780,524,129,'nice'),(6781,524,128,'nice'),(6782,524,127,'nice'),(6783,524,126,'nice'),(6784,524,125,'nice'),(6785,524,124,'nice'),(6786,524,123,'nice'),(6787,525,142,'nice'),(6788,525,141,'nice'),(6789,525,140,'nice'),(6790,525,139,'nice'),(6791,525,138,'nice'),(6792,525,137,'nice'),(6793,525,136,'nice'),(6794,525,135,'nice'),(6795,525,134,'nice'),(6796,525,133,'nice'),(6797,525,132,'nice'),(6798,525,131,'nice'),(6799,525,130,'nice'),(6800,525,129,'nice'),(6801,525,128,'nice'),(6802,525,127,'nice'),(6803,525,126,'nice'),(6804,525,125,'nice'),(6805,525,124,'nice'),(6806,525,123,'nice'),(6807,526,142,'nice'),(6808,526,141,'nice'),(6809,526,140,'nice'),(6810,526,139,'nice'),(6811,526,138,'nice'),(6812,526,137,'nice'),(6813,526,136,'nice'),(6814,526,135,'nice'),(6815,526,134,'nice'),(6816,526,133,'nice'),(6817,526,132,'nice'),(6818,526,131,'nice'),(6819,526,130,'nice'),(6820,526,129,'nice'),(6821,526,128,'nice'),(6822,526,127,'nice'),(6823,526,126,'nice'),(6824,526,125,'nice'),(6825,526,124,'nice'),(6826,526,123,'nice'),(6827,527,142,'nice'),(6828,527,141,'nice'),(6829,527,140,'nice'),(6830,527,139,'nice'),(6831,527,138,'nice'),(6832,527,137,'nice'),(6833,527,136,'nice'),(6834,527,135,'nice'),(6835,527,134,'nice'),(6836,527,133,'nice'),(6837,527,132,'nice'),(6838,527,131,'nice'),(6839,527,130,'nice'),(6840,527,129,'nice'),(6841,527,128,'nice'),(6842,527,127,'nice'),(6843,527,126,'nice'),(6844,527,125,'nice'),(6845,527,124,'nice'),(6846,527,123,'nice'),(6847,528,142,'nice'),(6848,528,141,'nice'),(6849,528,140,'nice'),(6850,528,139,'nice'),(6851,528,138,'nice'),(6852,528,137,'nice'),(6853,528,136,'nice'),(6854,528,135,'nice'),(6855,528,134,'nice'),(6856,528,133,'nice'),(6857,528,132,'nice'),(6858,528,131,'nice'),(6859,528,130,'nice'),(6860,528,129,'nice'),(6861,528,128,'nice'),(6862,528,127,'nice'),(6863,528,126,'nice'),(6864,528,125,'nice'),(6865,528,124,'nice'),(6866,528,123,'nice'),(6867,529,142,'nice'),(6868,529,141,'nice'),(6869,529,140,'nice'),(6870,529,139,'nice'),(6871,529,138,'nice'),(6872,529,137,'nice'),(6873,529,136,'nice'),(6874,529,135,'nice'),(6875,529,134,'nice'),(6876,529,133,'nice'),(6877,529,132,'nice'),(6878,529,131,'nice'),(6879,529,130,'nice'),(6880,529,129,'nice'),(6881,529,128,'nice'),(6882,529,127,'nice'),(6883,529,126,'nice'),(6884,529,125,'nice'),(6885,529,124,'nice'),(6886,529,123,'nice'),(6887,530,142,'nice'),(6888,530,141,'nice'),(6889,530,140,'nice'),(6890,530,139,'nice'),(6891,530,138,'nice'),(6892,530,137,'nice'),(6893,530,136,'nice'),(6894,530,135,'nice'),(6895,530,134,'nice'),(6896,530,133,'nice'),(6897,530,132,'nice'),(6898,530,131,'nice'),(6899,530,130,'nice'),(6900,530,129,'nice'),(6901,530,128,'nice'),(6902,530,127,'nice'),(6903,530,126,'nice'),(6904,530,125,'nice'),(6905,530,124,'nice'),(6906,530,123,'nice'),(6907,531,142,'nice'),(6908,531,141,'nice'),(6909,531,140,'nice'),(6910,531,139,'nice'),(6911,531,138,'nice'),(6912,531,137,'nice'),(6913,531,136,'nice'),(6914,531,135,'nice'),(6915,531,134,'nice'),(6916,531,133,'nice'),(6917,531,132,'nice'),(6918,531,131,'nice'),(6919,531,130,'nice'),(6920,531,129,'nice'),(6921,531,128,'nice'),(6922,531,127,'nice'),(6923,531,126,'nice'),(6924,531,125,'nice'),(6925,531,124,'nice'),(6926,531,123,'nice'),(6927,532,142,'nice'),(6928,532,141,'nice'),(6929,532,140,'nice'),(6930,532,139,'nice'),(6931,532,138,'nice'),(6932,532,137,'nice'),(6933,532,136,'nice'),(6934,532,135,'nice'),(6935,532,134,'nice'),(6936,532,133,'nice'),(6937,532,132,'nice'),(6938,532,131,'nice'),(6939,532,130,'nice'),(6940,532,129,'nice'),(6941,532,128,'nice'),(6942,532,127,'nice'),(6943,532,126,'nice'),(6944,532,125,'nice'),(6945,532,124,'nice'),(6946,532,123,'nice'),(6947,533,142,'nice'),(6948,533,141,'nice'),(6949,533,140,'nice'),(6950,533,139,'nice'),(6951,533,138,'nice'),(6952,533,137,'nice'),(6953,533,136,'nice'),(6954,533,135,'nice'),(6955,533,134,'nice'),(6956,533,133,'nice'),(6957,533,132,'nice'),(6958,533,131,'nice'),(6959,533,130,'nice'),(6960,533,129,'nice'),(6961,533,128,'nice'),(6962,533,127,'nice'),(6963,533,126,'nice'),(6964,533,125,'nice'),(6965,533,124,'nice'),(6966,533,123,'nice'),(6967,534,142,'nice'),(6968,534,141,'nice'),(6969,534,140,'nice'),(6970,534,139,'nice'),(6971,534,138,'nice'),(6972,534,137,'nice'),(6973,534,136,'nice'),(6974,534,135,'nice'),(6975,534,134,'nice'),(6976,534,133,'nice'),(6977,534,132,'nice'),(6978,534,131,'nice'),(6979,534,130,'nice'),(6980,534,129,'nice'),(6981,534,128,'nice'),(6982,534,127,'nice'),(6983,534,126,'nice'),(6984,534,125,'nice'),(6985,534,124,'nice'),(6986,534,123,'nice'),(6987,535,142,'nice'),(6988,535,141,'nice'),(6989,535,140,'nice'),(6990,535,139,'nice'),(6991,535,138,'nice'),(6992,535,137,'nice'),(6993,535,136,'nice'),(6994,535,135,'nice'),(6995,535,134,'nice'),(6996,535,133,'nice'),(6997,535,132,'nice'),(6998,535,131,'nice'),(6999,535,130,'nice'),(7000,535,129,'nice'),(7001,535,128,'nice'),(7002,535,127,'nice'),(7003,535,126,'nice'),(7004,535,125,'nice'),(7005,535,124,'nice'),(7006,535,123,'nice'),(7007,536,142,'nice'),(7008,536,141,'nice'),(7009,536,140,'nice'),(7010,536,139,'nice'),(7011,536,138,'nice'),(7012,536,137,'nice'),(7013,536,136,'nice'),(7014,536,135,'nice'),(7015,536,134,'nice'),(7016,536,133,'nice'),(7017,536,132,'nice'),(7018,536,131,'nice'),(7019,536,130,'nice'),(7020,536,129,'nice'),(7021,536,128,'nice'),(7022,536,127,'nice'),(7023,536,126,'nice'),(7024,536,125,'nice'),(7025,536,124,'nice'),(7026,536,123,'nice'),(7027,537,142,'nice'),(7028,537,141,'nice'),(7029,537,140,'nice'),(7030,537,139,'nice'),(7031,537,138,'nice'),(7032,537,137,'nice'),(7033,537,136,'nice'),(7034,537,135,'nice'),(7035,537,134,'nice'),(7036,537,133,'nice'),(7037,537,132,'nice'),(7038,537,131,'nice'),(7039,537,130,'nice'),(7040,537,129,'nice'),(7041,537,128,'nice'),(7042,537,127,'nice'),(7043,537,126,'nice'),(7044,537,125,'nice'),(7045,537,124,'nice'),(7046,537,123,'nice'),(7047,538,142,'nice'),(7048,538,141,'nice'),(7049,538,140,'nice'),(7050,538,139,'nice'),(7051,538,138,'nice'),(7052,538,137,'nice'),(7053,538,136,'nice'),(7054,538,135,'nice'),(7055,538,134,'nice'),(7056,538,133,'nice'),(7057,538,132,'nice'),(7058,538,131,'nice'),(7059,538,130,'nice'),(7060,538,129,'nice'),(7061,538,128,'nice'),(7062,538,127,'nice'),(7063,538,126,'nice'),(7064,538,125,'nice'),(7065,538,124,'nice'),(7066,538,123,'nice'),(7067,539,142,'nice'),(7068,539,141,'nice'),(7069,539,140,'nice'),(7070,539,139,'nice'),(7071,539,138,'nice'),(7072,539,137,'nice'),(7073,539,136,'nice'),(7074,539,135,'nice'),(7075,539,134,'nice'),(7076,539,133,'nice'),(7077,539,132,'nice'),(7078,539,131,'nice'),(7079,539,130,'nice'),(7080,539,129,'nice'),(7081,539,128,'nice'),(7082,539,127,'nice'),(7083,539,126,'nice'),(7084,539,125,'nice'),(7085,539,124,'nice'),(7086,539,123,'nice'),(7087,540,142,'nice'),(7088,540,141,'nice'),(7089,540,140,'nice'),(7090,540,139,'nice'),(7091,540,138,'nice'),(7092,540,137,'nice'),(7093,540,136,'nice'),(7094,540,135,'nice'),(7095,540,134,'nice'),(7096,540,133,'nice'),(7097,540,132,'nice'),(7098,540,131,'nice'),(7099,540,130,'nice'),(7100,540,129,'nice'),(7101,540,128,'nice'),(7102,540,127,'nice'),(7103,540,126,'nice'),(7104,540,125,'nice'),(7105,540,124,'nice'),(7106,540,123,'nice'),(7107,541,142,'nice'),(7108,541,141,'nice'),(7109,541,140,'nice'),(7110,541,139,'nice'),(7111,541,138,'nice'),(7112,541,137,'nice'),(7113,541,136,'nice'),(7114,541,135,'nice'),(7115,541,134,'nice'),(7116,541,133,'nice'),(7117,541,132,'nice'),(7118,541,131,'nice'),(7119,541,130,'nice'),(7120,541,129,'nice'),(7121,541,128,'nice'),(7122,541,127,'nice'),(7123,541,126,'nice'),(7124,541,125,'nice'),(7125,541,124,'nice'),(7126,541,123,'nice'),(7127,542,142,'nice'),(7128,542,141,'nice'),(7129,542,140,'nice'),(7130,542,139,'nice'),(7131,542,138,'nice'),(7132,542,137,'nice'),(7133,542,136,'nice'),(7134,542,135,'nice'),(7135,542,134,'nice'),(7136,542,133,'nice'),(7137,542,132,'nice'),(7138,542,131,'nice'),(7139,542,130,'nice'),(7140,542,129,'nice'),(7141,542,128,'nice'),(7142,542,127,'nice'),(7143,542,126,'nice'),(7144,542,125,'nice'),(7145,542,124,'nice'),(7146,542,123,'nice'),(7147,543,142,'nice'),(7148,543,141,'nice'),(7149,543,140,'nice'),(7150,543,139,'nice'),(7151,543,138,'nice'),(7152,543,137,'nice'),(7153,543,136,'nice'),(7154,543,135,'nice'),(7155,543,134,'nice'),(7156,543,133,'nice'),(7157,543,132,'nice'),(7158,543,131,'nice'),(7159,543,130,'nice'),(7160,543,129,'nice'),(7161,543,128,'nice'),(7162,543,127,'nice'),(7163,543,126,'nice'),(7164,543,125,'nice'),(7165,543,124,'nice'),(7166,543,123,'nice'),(7167,544,142,'nice'),(7168,544,141,'nice'),(7169,544,140,'nice'),(7170,544,139,'nice'),(7171,544,138,'nice'),(7172,544,137,'nice'),(7173,544,136,'nice'),(7174,544,135,'nice'),(7175,544,134,'nice'),(7176,544,133,'nice'),(7177,544,132,'nice'),(7178,544,131,'nice'),(7179,544,130,'nice'),(7180,544,129,'nice'),(7181,544,128,'nice'),(7182,544,127,'nice'),(7183,544,126,'nice'),(7184,544,125,'nice'),(7185,544,124,'nice'),(7186,544,123,'nice'),(7187,545,142,'nice'),(7188,545,141,'nice'),(7189,545,140,'nice'),(7190,545,139,'nice'),(7191,545,138,'nice'),(7192,545,137,'nice'),(7193,545,136,'nice'),(7194,545,135,'nice'),(7195,545,134,'nice'),(7196,545,133,'nice'),(7197,545,132,'nice'),(7198,545,131,'nice'),(7199,545,130,'nice'),(7200,545,129,'nice'),(7201,545,128,'nice'),(7202,545,127,'nice'),(7203,545,126,'nice'),(7204,545,125,'nice'),(7205,545,124,'nice'),(7206,545,123,'nice'),(7207,546,142,'nice'),(7208,546,141,'nice'),(7209,546,140,'nice'),(7210,546,139,'nice'),(7211,546,138,'nice'),(7212,546,137,'nice'),(7213,546,136,'nice'),(7214,546,135,'nice'),(7215,546,134,'nice'),(7216,546,133,'nice'),(7217,546,132,'nice'),(7218,546,131,'nice'),(7219,546,130,'nice'),(7220,546,129,'nice'),(7221,546,128,'nice'),(7222,546,127,'nice'),(7223,546,126,'nice'),(7224,546,125,'nice'),(7225,546,124,'nice'),(7226,546,123,'nice'),(7227,547,142,'nice'),(7228,547,141,'nice'),(7229,547,140,'nice'),(7230,547,139,'nice'),(7231,547,138,'nice'),(7232,547,137,'nice'),(7233,547,136,'nice'),(7234,547,135,'nice'),(7235,547,134,'nice'),(7236,547,133,'nice'),(7237,547,132,'nice'),(7238,547,131,'nice'),(7239,547,130,'nice'),(7240,547,129,'nice'),(7241,547,128,'nice'),(7242,547,127,'nice'),(7243,547,126,'nice'),(7244,547,125,'nice'),(7245,547,124,'nice'),(7246,547,123,'nice'),(7247,548,142,'nice'),(7248,548,141,'nice'),(7249,548,140,'nice'),(7250,548,139,'nice'),(7251,548,138,'nice'),(7252,548,137,'nice'),(7253,548,136,'nice'),(7254,548,135,'nice'),(7255,548,134,'nice'),(7256,548,133,'nice'),(7257,548,132,'nice'),(7258,548,131,'nice'),(7259,548,130,'nice'),(7260,548,129,'nice'),(7261,548,128,'nice'),(7262,548,127,'nice'),(7263,548,126,'nice'),(7264,548,125,'nice'),(7265,548,124,'nice'),(7266,548,123,'nice'),(7267,549,142,'nice'),(7268,549,141,'nice'),(7269,549,140,'nice'),(7270,549,139,'nice'),(7271,549,138,'nice'),(7272,549,137,'nice'),(7273,549,136,'nice'),(7274,549,135,'nice'),(7275,549,134,'nice'),(7276,549,133,'nice'),(7277,549,132,'nice'),(7278,549,131,'nice'),(7279,549,130,'nice'),(7280,549,129,'nice'),(7281,549,128,'nice'),(7282,549,127,'nice'),(7283,549,126,'nice'),(7284,549,125,'nice'),(7285,549,124,'nice'),(7286,549,123,'nice'),(7287,550,142,'nice'),(7288,550,141,'nice'),(7289,550,140,'nice'),(7290,550,139,'nice'),(7291,550,138,'nice'),(7292,550,137,'nice'),(7293,550,136,'nice'),(7294,550,135,'nice'),(7295,550,134,'nice'),(7296,550,133,'nice'),(7297,550,132,'nice'),(7298,550,131,'nice'),(7299,550,130,'nice'),(7300,550,129,'nice'),(7301,550,128,'nice'),(7302,550,127,'nice'),(7303,550,126,'nice'),(7304,550,125,'nice'),(7305,550,124,'nice'),(7306,550,123,'nice'),(7307,551,142,'nice'),(7308,551,141,'nice'),(7309,551,140,'nice'),(7310,551,139,'nice'),(7311,551,138,'nice'),(7312,551,137,'nice'),(7313,551,136,'nice'),(7314,551,135,'nice'),(7315,551,134,'nice'),(7316,551,133,'nice'),(7317,551,132,'nice'),(7318,551,131,'nice'),(7319,551,130,'nice'),(7320,551,129,'nice'),(7321,551,128,'nice'),(7322,551,127,'nice'),(7323,551,126,'nice'),(7324,551,125,'nice'),(7325,551,124,'nice'),(7326,551,123,'nice'),(7327,552,142,'nice'),(7328,552,141,'nice'),(7329,552,140,'nice'),(7330,552,139,'nice'),(7331,552,138,'nice'),(7332,552,137,'nice'),(7333,552,136,'nice'),(7334,552,135,'nice'),(7335,552,134,'nice'),(7336,552,133,'nice'),(7337,552,132,'nice'),(7338,552,131,'nice'),(7339,552,130,'nice'),(7340,552,129,'nice'),(7341,552,128,'nice'),(7342,552,127,'nice'),(7343,552,126,'nice'),(7344,552,125,'nice'),(7345,552,124,'nice'),(7346,552,123,'nice'),(7347,553,142,'nice'),(7348,553,141,'nice'),(7349,553,140,'nice'),(7350,553,139,'nice'),(7351,553,138,'nice'),(7352,553,137,'nice'),(7353,553,136,'nice'),(7354,553,135,'nice'),(7355,553,134,'nice'),(7356,553,133,'nice'),(7357,553,132,'nice'),(7358,553,131,'nice'),(7359,553,130,'nice'),(7360,553,129,'nice'),(7361,553,128,'nice'),(7362,553,127,'nice'),(7363,553,126,'nice'),(7364,553,125,'nice'),(7365,553,124,'nice'),(7366,553,123,'nice'),(7367,554,142,'nice'),(7368,554,141,'nice'),(7369,554,140,'nice'),(7370,554,139,'nice'),(7371,554,138,'nice'),(7372,554,137,'nice'),(7373,554,136,'nice'),(7374,554,135,'nice'),(7375,554,134,'nice'),(7376,554,133,'nice'),(7377,554,132,'nice'),(7378,554,131,'nice'),(7379,554,130,'nice'),(7380,554,129,'nice'),(7381,554,128,'nice'),(7382,554,127,'nice'),(7383,554,126,'nice'),(7384,554,125,'nice'),(7385,554,124,'nice'),(7386,554,123,'nice'),(7387,555,142,'nice'),(7388,555,141,'nice'),(7389,555,140,'nice'),(7390,555,139,'nice'),(7391,555,138,'nice'),(7392,555,137,'nice'),(7393,555,136,'nice'),(7394,555,135,'nice'),(7395,555,134,'nice'),(7396,555,133,'nice'),(7397,555,132,'nice'),(7398,555,131,'nice'),(7399,555,130,'nice'),(7400,555,129,'nice'),(7401,555,128,'nice'),(7402,555,127,'nice'),(7403,555,126,'nice'),(7404,555,125,'nice'),(7405,555,124,'nice'),(7406,555,123,'nice'),(7407,556,142,'nice'),(7408,556,141,'nice'),(7409,556,140,'nice'),(7410,556,139,'nice'),(7411,556,138,'nice'),(7412,556,137,'nice'),(7413,556,136,'nice'),(7414,556,135,'nice'),(7415,556,134,'nice'),(7416,556,133,'nice'),(7417,556,132,'nice'),(7418,556,131,'nice'),(7419,556,130,'nice'),(7420,556,129,'nice'),(7421,556,128,'nice'),(7422,556,127,'nice'),(7423,556,126,'nice'),(7424,556,125,'nice'),(7425,556,124,'nice'),(7426,556,123,'nice'),(7427,557,142,'nice'),(7428,557,141,'nice'),(7429,557,140,'nice'),(7430,557,139,'nice'),(7431,557,138,'nice'),(7432,557,137,'nice'),(7433,557,136,'nice'),(7434,557,135,'nice'),(7435,557,134,'nice'),(7436,557,133,'nice'),(7437,557,132,'nice'),(7438,557,131,'nice'),(7439,557,130,'nice'),(7440,557,129,'nice'),(7441,557,128,'nice'),(7442,557,127,'nice'),(7443,557,126,'nice'),(7444,557,125,'nice'),(7445,557,124,'nice'),(7446,557,123,'nice'),(7447,558,142,'nice'),(7448,558,141,'nice'),(7449,558,140,'nice'),(7450,558,139,'nice'),(7451,558,138,'nice'),(7452,558,137,'nice'),(7453,558,136,'nice'),(7454,558,135,'nice'),(7455,558,134,'nice'),(7456,558,133,'nice'),(7457,558,132,'nice'),(7458,558,131,'nice'),(7459,558,130,'nice'),(7460,558,129,'nice'),(7461,558,128,'nice'),(7462,558,127,'nice'),(7463,558,126,'nice'),(7464,558,125,'nice'),(7465,558,124,'nice'),(7466,558,123,'nice'),(7467,559,142,'nice'),(7468,559,141,'nice'),(7469,559,140,'nice'),(7470,559,139,'nice'),(7471,559,138,'nice'),(7472,559,137,'nice'),(7473,559,136,'nice'),(7474,559,135,'nice'),(7475,559,134,'nice'),(7476,559,133,'nice'),(7477,559,132,'nice'),(7478,559,131,'nice'),(7479,559,130,'nice'),(7480,559,129,'nice'),(7481,559,128,'nice'),(7482,559,127,'nice'),(7483,559,126,'nice'),(7484,559,125,'nice'),(7485,559,124,'nice'),(7486,559,123,'nice'),(7487,560,142,'nice'),(7488,560,141,'nice'),(7489,560,140,'nice'),(7490,560,139,'nice'),(7491,560,138,'nice'),(7492,560,137,'nice'),(7493,560,136,'nice'),(7494,560,135,'nice'),(7495,560,134,'nice'),(7496,560,133,'nice'),(7497,560,132,'nice'),(7498,560,131,'nice'),(7499,560,130,'nice'),(7500,560,129,'nice'),(7501,560,128,'nice'),(7502,560,127,'nice'),(7503,560,126,'nice'),(7504,560,125,'nice'),(7505,560,124,'nice'),(7506,560,123,'nice'),(7507,561,142,'nice'),(7508,561,141,'nice'),(7509,561,140,'nice'),(7510,561,139,'nice'),(7511,561,138,'nice'),(7512,561,137,'nice'),(7513,561,136,'nice'),(7514,561,135,'nice'),(7515,561,134,'nice'),(7516,561,133,'nice'),(7517,561,132,'nice'),(7518,561,131,'nice'),(7519,561,130,'nice'),(7520,561,129,'nice'),(7521,561,128,'nice'),(7522,561,127,'nice'),(7523,561,126,'nice'),(7524,561,125,'nice'),(7525,561,124,'nice'),(7526,561,123,'nice'),(7527,562,142,'nice'),(7528,562,141,'nice'),(7529,562,140,'nice'),(7530,562,139,'nice'),(7531,562,138,'nice'),(7532,562,137,'nice'),(7533,562,136,'nice'),(7534,562,135,'nice'),(7535,562,134,'nice'),(7536,562,133,'nice'),(7537,562,132,'nice'),(7538,562,131,'nice'),(7539,562,130,'nice'),(7540,562,129,'nice'),(7541,562,128,'nice'),(7542,562,127,'nice'),(7543,562,126,'nice'),(7544,562,125,'nice'),(7545,562,124,'nice'),(7546,562,123,'nice'),(7547,563,142,'nice'),(7548,563,141,'nice'),(7549,563,140,'nice'),(7550,563,139,'nice'),(7551,563,138,'nice'),(7552,563,137,'nice'),(7553,563,136,'nice'),(7554,563,135,'nice'),(7555,563,134,'nice'),(7556,563,133,'nice'),(7557,563,132,'nice'),(7558,563,131,'nice'),(7559,563,130,'nice'),(7560,563,129,'nice'),(7561,563,128,'nice'),(7562,563,127,'nice'),(7563,563,126,'nice'),(7564,563,125,'nice'),(7565,563,124,'nice'),(7566,563,123,'nice'),(7567,564,142,'nice'),(7568,564,141,'nice'),(7569,564,140,'nice'),(7570,564,139,'nice'),(7571,564,138,'nice'),(7572,564,137,'nice'),(7573,564,136,'nice'),(7574,564,135,'nice'),(7575,564,134,'nice'),(7576,564,133,'nice'),(7577,564,132,'nice'),(7578,564,131,'nice'),(7579,564,130,'nice'),(7580,564,129,'nice'),(7581,564,128,'nice'),(7582,564,127,'nice'),(7583,564,126,'nice'),(7584,564,125,'nice'),(7585,564,124,'nice'),(7586,564,123,'nice'),(7587,565,142,'nice'),(7588,565,141,'nice'),(7589,565,140,'nice'),(7590,565,139,'nice'),(7591,565,138,'nice'),(7592,565,137,'nice'),(7593,565,136,'nice'),(7594,565,135,'nice'),(7595,565,134,'nice'),(7596,565,133,'nice'),(7597,565,132,'nice'),(7598,565,131,'nice'),(7599,565,130,'nice'),(7600,565,129,'nice'),(7601,565,128,'nice'),(7602,565,127,'nice'),(7603,565,126,'nice'),(7604,565,125,'nice'),(7605,565,124,'nice'),(7606,565,123,'nice'),(7607,566,142,'nice'),(7608,566,141,'nice'),(7609,566,140,'nice'),(7610,566,139,'nice'),(7611,566,138,'nice'),(7612,566,137,'nice'),(7613,566,136,'nice'),(7614,566,135,'nice'),(7615,566,134,'nice'),(7616,566,133,'nice'),(7617,566,132,'nice'),(7618,566,131,'nice'),(7619,566,130,'nice'),(7620,566,129,'nice'),(7621,566,128,'nice'),(7622,566,127,'nice'),(7623,566,126,'nice'),(7624,566,125,'nice'),(7625,566,124,'nice'),(7626,566,123,'nice'),(7627,567,142,'nice'),(7628,567,141,'nice'),(7629,567,140,'nice'),(7630,567,139,'nice'),(7631,567,138,'nice'),(7632,567,137,'nice'),(7633,567,136,'nice'),(7634,567,135,'nice'),(7635,567,134,'nice'),(7636,567,133,'nice'),(7637,567,132,'nice'),(7638,567,131,'nice'),(7639,567,130,'nice'),(7640,567,129,'nice'),(7641,567,128,'nice'),(7642,567,127,'nice'),(7643,567,126,'nice'),(7644,567,125,'nice'),(7645,567,124,'nice'),(7646,567,123,'nice'),(7647,568,142,'nice'),(7648,568,141,'nice'),(7649,568,140,'nice'),(7650,568,139,'nice'),(7651,568,138,'nice'),(7652,568,137,'nice'),(7653,568,136,'nice'),(7654,568,135,'nice'),(7655,568,134,'nice'),(7656,568,133,'nice'),(7657,568,132,'nice'),(7658,568,131,'nice'),(7659,568,130,'nice'),(7660,568,129,'nice'),(7661,568,128,'nice'),(7662,568,127,'nice'),(7663,568,126,'nice'),(7664,568,125,'nice'),(7665,568,124,'nice'),(7666,568,123,'nice'),(7667,569,142,'nice'),(7668,569,141,'nice'),(7669,569,140,'nice'),(7670,569,139,'nice'),(7671,569,138,'nice'),(7672,569,137,'nice'),(7673,569,136,'nice'),(7674,569,135,'nice'),(7675,569,134,'nice'),(7676,569,133,'nice'),(7677,569,132,'nice'),(7678,569,131,'nice'),(7679,569,130,'nice'),(7680,569,129,'nice'),(7681,569,128,'nice'),(7682,569,127,'nice'),(7683,569,126,'nice'),(7684,569,125,'nice'),(7685,569,124,'nice'),(7686,569,123,'nice'),(7687,570,164,'nice'),(7688,570,163,'nice'),(7689,570,162,'nice'),(7690,570,161,'nice'),(7691,570,160,'nice'),(7692,570,159,'nice'),(7693,570,158,'nice'),(7694,570,157,'nice'),(7695,570,156,'nice'),(7696,570,155,'nice'),(7697,570,154,'nice'),(7698,570,153,'nice'),(7699,570,152,'nice'),(7700,570,151,'nice'),(7701,570,150,'nice'),(7702,570,149,'nice'),(7703,570,148,'nice'),(7704,570,147,'nice'),(7705,570,146,'nice'),(7706,570,145,'nice'),(7707,570,144,'nice'),(7708,570,143,'nice'),(7709,571,164,'nice'),(7710,571,163,'nice'),(7711,571,162,'nice'),(7712,571,161,'nice'),(7713,571,160,'nice'),(7714,571,159,'nice'),(7715,571,158,'nice'),(7716,571,157,'nice'),(7717,571,156,'nice'),(7718,571,155,'nice'),(7719,571,154,'nice'),(7720,571,153,'nice'),(7721,571,152,'nice'),(7722,571,151,'nice'),(7723,571,150,'nice'),(7724,571,149,'nice'),(7725,571,148,'nice'),(7726,571,147,'nice'),(7727,571,146,'nice'),(7728,571,145,'nice'),(7729,571,144,'nice'),(7730,571,143,'nice'),(7731,572,164,'nice'),(7732,572,163,'nice'),(7733,572,162,'nice'),(7734,572,161,'nice'),(7735,572,160,'nice'),(7736,572,159,'nice'),(7737,572,158,'nice'),(7738,572,157,'nice'),(7739,572,156,'nice'),(7740,572,155,'nice'),(7741,572,154,'nice'),(7742,572,153,'nice'),(7743,572,152,'nice'),(7744,572,151,'nice'),(7745,572,150,'nice'),(7746,572,149,'nice'),(7747,572,148,'nice'),(7748,572,147,'nice'),(7749,572,146,'nice'),(7750,572,145,'nice'),(7751,572,144,'nice'),(7752,572,143,'nice'),(7753,573,164,'nice'),(7754,573,163,'nice'),(7755,573,162,'nice'),(7756,573,161,'nice'),(7757,573,160,'nice'),(7758,573,159,'nice'),(7759,573,158,'nice'),(7760,573,157,'nice'),(7761,573,156,'nice'),(7762,573,155,'nice'),(7763,573,154,'nice'),(7764,573,153,'nice'),(7765,573,152,'nice'),(7766,573,151,'nice'),(7767,573,150,'nice'),(7768,573,149,'nice'),(7769,573,148,'nice'),(7770,573,147,'nice'),(7771,573,146,'nice'),(7772,573,145,'nice'),(7773,573,144,'nice'),(7774,573,143,'nice'),(7775,574,164,'nice'),(7776,574,163,'nice'),(7777,574,162,'nice'),(7778,574,161,'nice'),(7779,574,160,'nice'),(7780,574,159,'nice'),(7781,574,158,'nice'),(7782,574,157,'nice'),(7783,574,156,'nice'),(7784,574,155,'nice'),(7785,574,154,'nice'),(7786,574,153,'nice'),(7787,574,152,'nice'),(7788,574,151,'nice'),(7789,574,150,'nice'),(7790,574,149,'nice'),(7791,574,148,'nice'),(7792,574,147,'nice'),(7793,574,146,'nice'),(7794,574,145,'nice'),(7795,574,144,'nice'),(7796,574,143,'nice'),(7797,575,164,'nice'),(7798,575,163,'nice'),(7799,575,162,'nice'),(7800,575,161,'nice'),(7801,575,160,'nice'),(7802,575,159,'nice'),(7803,575,158,'nice'),(7804,575,157,'nice'),(7805,575,156,'nice'),(7806,575,155,'nice'),(7807,575,154,'nice'),(7808,575,153,'nice'),(7809,575,152,'nice'),(7810,575,151,'nice'),(7811,575,150,'nice'),(7812,575,149,'nice'),(7813,575,148,'nice'),(7814,575,147,'nice'),(7815,575,146,'nice'),(7816,575,145,'nice'),(7817,575,144,'nice'),(7818,575,143,'nice'),(7819,576,164,'nice'),(7820,576,163,'nice'),(7821,576,162,'nice'),(7822,576,161,'nice'),(7823,576,160,'nice'),(7824,576,159,'nice'),(7825,576,158,'nice'),(7826,576,157,'nice'),(7827,576,156,'nice'),(7828,576,155,'nice'),(7829,576,154,'nice'),(7830,576,153,'nice'),(7831,576,152,'nice'),(7832,576,151,'nice'),(7833,576,150,'nice'),(7834,576,149,'nice'),(7835,576,148,'nice'),(7836,576,147,'nice'),(7837,576,146,'nice'),(7838,576,145,'nice'),(7839,576,144,'nice'),(7840,576,143,'nice'),(7841,577,164,'nice'),(7842,577,163,'nice'),(7843,577,162,'nice'),(7844,577,161,'nice'),(7845,577,160,'nice'),(7846,577,159,'nice'),(7847,577,158,'nice'),(7848,577,157,'nice'),(7849,577,156,'nice'),(7850,577,155,'nice'),(7851,577,154,'nice'),(7852,577,153,'nice'),(7853,577,152,'nice'),(7854,577,151,'nice'),(7855,577,150,'nice'),(7856,577,149,'nice'),(7857,577,148,'nice'),(7858,577,147,'nice'),(7859,577,146,'nice'),(7860,577,145,'nice'),(7861,577,144,'nice'),(7862,577,143,'nice'),(7863,578,164,'nice'),(7864,578,163,'nice'),(7865,578,162,'nice'),(7866,578,161,'nice'),(7867,578,160,'nice'),(7868,578,159,'nice'),(7869,578,158,'nice'),(7870,578,157,'nice'),(7871,578,156,'nice'),(7872,578,155,'nice'),(7873,578,154,'nice'),(7874,578,153,'nice'),(7875,578,152,'nice'),(7876,578,151,'nice'),(7877,578,150,'nice'),(7878,578,149,'nice'),(7879,578,148,'nice'),(7880,578,147,'nice'),(7881,578,146,'nice'),(7882,578,145,'nice'),(7883,578,144,'nice'),(7884,578,143,'nice'),(7885,579,164,'nice'),(7886,579,163,'nice'),(7887,579,162,'nice'),(7888,579,161,'nice'),(7889,579,160,'nice'),(7890,579,159,'nice'),(7891,579,158,'nice'),(7892,579,157,'nice'),(7893,579,156,'nice'),(7894,579,155,'nice'),(7895,579,154,'nice'),(7896,579,153,'nice'),(7897,579,152,'nice'),(7898,579,151,'nice'),(7899,579,150,'nice'),(7900,579,149,'nice'),(7901,579,148,'nice'),(7902,579,147,'nice'),(7903,579,146,'nice'),(7904,579,145,'nice'),(7905,579,144,'nice'),(7906,579,143,'nice'),(7907,580,164,'nice'),(7908,580,163,'nice'),(7909,580,162,'nice'),(7910,580,161,'nice'),(7911,580,160,'nice'),(7912,580,159,'nice'),(7913,580,158,'nice'),(7914,580,157,'nice'),(7915,580,156,'nice'),(7916,580,155,'nice'),(7917,580,154,'nice'),(7918,580,153,'nice'),(7919,580,152,'nice'),(7920,580,151,'nice'),(7921,580,150,'nice'),(7922,580,149,'nice'),(7923,580,148,'nice'),(7924,580,147,'nice'),(7925,580,146,'nice'),(7926,580,145,'nice'),(7927,580,144,'nice'),(7928,580,143,'nice'),(7929,581,164,'nice'),(7930,581,163,'nice'),(7931,581,162,'nice'),(7932,581,161,'nice'),(7933,581,160,'nice'),(7934,581,159,'nice'),(7935,581,158,'nice'),(7936,581,157,'nice'),(7937,581,156,'nice'),(7938,581,155,'nice'),(7939,581,154,'nice'),(7940,581,153,'nice'),(7941,581,152,'nice'),(7942,581,151,'nice'),(7943,581,150,'nice'),(7944,581,149,'nice'),(7945,581,148,'nice'),(7946,581,147,'nice'),(7947,581,146,'nice'),(7948,581,145,'nice'),(7949,581,144,'nice'),(7950,581,143,'nice'),(7951,582,164,'nice'),(7952,582,163,'nice'),(7953,582,162,'nice'),(7954,582,161,'nice'),(7955,582,160,'nice'),(7956,582,159,'nice'),(7957,582,158,'nice'),(7958,582,157,'nice'),(7959,582,156,'nice'),(7960,582,155,'nice'),(7961,582,154,'nice'),(7962,582,153,'nice'),(7963,582,152,'nice'),(7964,582,151,'nice'),(7965,582,150,'nice'),(7966,582,149,'nice'),(7967,582,148,'nice'),(7968,582,147,'nice'),(7969,582,146,'nice'),(7970,582,145,'nice'),(7971,582,144,'nice'),(7972,582,143,'nice'),(7973,583,164,'nice'),(7974,583,163,'nice'),(7975,583,162,'nice'),(7976,583,161,'nice'),(7977,583,160,'nice'),(7978,583,159,'nice'),(7979,583,158,'nice'),(7980,583,157,'nice'),(7981,583,156,'nice'),(7982,583,155,'nice'),(7983,583,154,'nice'),(7984,583,153,'nice'),(7985,583,152,'nice'),(7986,583,151,'nice'),(7987,583,150,'nice'),(7988,583,149,'nice'),(7989,583,148,'nice'),(7990,583,147,'nice'),(7991,583,146,'nice'),(7992,583,145,'nice'),(7993,583,144,'nice'),(7994,583,143,'nice'),(7995,584,164,'nice'),(7996,584,163,'nice'),(7997,584,162,'nice'),(7998,584,161,'nice'),(7999,584,160,'nice'),(8000,584,159,'nice'),(8001,584,158,'nice'),(8002,584,157,'nice'),(8003,584,156,'nice'),(8004,584,155,'nice'),(8005,584,154,'nice'),(8006,584,153,'nice'),(8007,584,152,'nice'),(8008,584,151,'nice'),(8009,584,150,'nice'),(8010,584,149,'nice'),(8011,584,148,'nice'),(8012,584,147,'nice'),(8013,584,146,'nice'),(8014,584,145,'nice'),(8015,584,144,'nice'),(8016,584,143,'nice'),(8017,585,164,'nice'),(8018,585,163,'nice'),(8019,585,162,'nice'),(8020,585,161,'nice'),(8021,585,160,'nice'),(8022,585,159,'nice'),(8023,585,158,'nice'),(8024,585,157,'nice'),(8025,585,156,'nice'),(8026,585,155,'nice'),(8027,585,154,'nice'),(8028,585,153,'nice'),(8029,585,152,'nice'),(8030,585,151,'nice'),(8031,585,150,'nice'),(8032,585,149,'nice'),(8033,585,148,'nice'),(8034,585,147,'nice'),(8035,585,146,'nice'),(8036,585,145,'nice'),(8037,585,144,'nice'),(8038,585,143,'nice'),(8039,586,164,'nice'),(8040,586,163,'nice'),(8041,586,162,'nice'),(8042,586,161,'nice'),(8043,586,160,'nice'),(8044,586,159,'nice'),(8045,586,158,'nice'),(8046,586,157,'nice'),(8047,586,156,'nice'),(8048,586,155,'nice'),(8049,586,154,'nice'),(8050,586,153,'nice'),(8051,586,152,'nice'),(8052,586,151,'nice'),(8053,586,150,'nice'),(8054,586,149,'nice'),(8055,586,148,'nice'),(8056,586,147,'nice'),(8057,586,146,'nice'),(8058,586,145,'nice'),(8059,586,144,'nice'),(8060,586,143,'nice'),(8061,587,164,'nice'),(8062,587,163,'nice'),(8063,587,162,'nice'),(8064,587,161,'nice'),(8065,587,160,'nice'),(8066,587,159,'nice'),(8067,587,158,'nice'),(8068,587,157,'nice'),(8069,587,156,'nice'),(8070,587,155,'nice'),(8071,587,154,'nice'),(8072,587,153,'nice'),(8073,587,152,'nice'),(8074,587,151,'nice'),(8075,587,150,'nice'),(8076,587,149,'nice'),(8077,587,148,'nice'),(8078,587,147,'nice'),(8079,587,146,'nice'),(8080,587,145,'nice'),(8081,587,144,'nice'),(8082,587,143,'nice'),(8083,588,164,'nice'),(8084,588,163,'nice'),(8085,588,162,'nice'),(8086,588,161,'nice'),(8087,588,160,'nice'),(8088,588,159,'nice'),(8089,588,158,'nice'),(8090,588,157,'nice'),(8091,588,156,'nice'),(8092,588,155,'nice'),(8093,588,154,'nice'),(8094,588,153,'nice'),(8095,588,152,'nice'),(8096,588,151,'nice'),(8097,588,150,'nice'),(8098,588,149,'nice'),(8099,588,148,'nice'),(8100,588,147,'nice'),(8101,588,146,'nice'),(8102,588,145,'nice'),(8103,588,144,'nice'),(8104,588,143,'nice'),(8105,589,164,'nice'),(8106,589,163,'nice'),(8107,589,162,'nice'),(8108,589,161,'nice'),(8109,589,160,'nice'),(8110,589,159,'nice'),(8111,589,158,'nice'),(8112,589,157,'nice'),(8113,589,156,'nice'),(8114,589,155,'nice'),(8115,589,154,'nice'),(8116,589,153,'nice'),(8117,589,152,'nice'),(8118,589,151,'nice'),(8119,589,150,'nice'),(8120,589,149,'nice'),(8121,589,148,'nice'),(8122,589,147,'nice'),(8123,589,146,'nice'),(8124,589,145,'nice'),(8125,589,144,'nice'),(8126,589,143,'nice'),(8127,590,164,'nice'),(8128,590,163,'nice'),(8129,590,162,'nice'),(8130,590,161,'nice'),(8131,590,160,'nice'),(8132,590,159,'nice'),(8133,590,158,'nice'),(8134,590,157,'nice'),(8135,590,156,'nice'),(8136,590,155,'nice'),(8137,590,154,'nice'),(8138,590,153,'nice'),(8139,590,152,'nice'),(8140,590,151,'nice'),(8141,590,150,'nice'),(8142,590,149,'nice'),(8143,590,148,'nice'),(8144,590,147,'nice'),(8145,590,146,'nice'),(8146,590,145,'nice'),(8147,590,144,'nice'),(8148,590,143,'nice'),(8149,591,164,'nice'),(8150,591,163,'nice'),(8151,591,162,'nice'),(8152,591,161,'nice'),(8153,591,160,'nice'),(8154,591,159,'nice'),(8155,591,158,'nice'),(8156,591,157,'nice'),(8157,591,156,'nice'),(8158,591,155,'nice'),(8159,591,154,'nice'),(8160,591,153,'nice'),(8161,591,152,'nice'),(8162,591,151,'nice'),(8163,591,150,'nice'),(8164,591,149,'nice'),(8165,591,148,'nice'),(8166,591,147,'nice'),(8167,591,146,'nice'),(8168,591,145,'nice'),(8169,591,144,'nice'),(8170,591,143,'nice'),(8171,592,164,'nice'),(8172,592,163,'nice'),(8173,592,162,'nice'),(8174,592,161,'nice'),(8175,592,160,'nice'),(8176,592,159,'nice'),(8177,592,158,'nice'),(8178,592,157,'nice'),(8179,592,156,'nice'),(8180,592,155,'nice'),(8181,592,154,'nice'),(8182,592,153,'nice'),(8183,592,152,'nice'),(8184,592,151,'nice'),(8185,592,150,'nice'),(8186,592,149,'nice'),(8187,592,148,'nice'),(8188,592,147,'nice'),(8189,592,146,'nice'),(8190,592,145,'nice'),(8191,592,144,'nice'),(8192,592,143,'nice'),(8193,593,164,'nice'),(8194,593,163,'nice'),(8195,593,162,'nice'),(8196,593,161,'nice'),(8197,593,160,'nice'),(8198,593,159,'nice'),(8199,593,158,'nice'),(8200,593,157,'nice'),(8201,593,156,'nice'),(8202,593,155,'nice'),(8203,593,154,'nice'),(8204,593,153,'nice'),(8205,593,152,'nice'),(8206,593,151,'nice'),(8207,593,150,'nice'),(8208,593,149,'nice'),(8209,593,148,'nice'),(8210,593,147,'nice'),(8211,593,146,'nice'),(8212,593,145,'nice'),(8213,593,144,'nice'),(8214,593,143,'nice'),(8215,594,164,'nice'),(8216,594,163,'nice'),(8217,594,162,'nice'),(8218,594,161,'nice'),(8219,594,160,'nice'),(8220,594,159,'nice'),(8221,594,158,'nice'),(8222,594,157,'nice'),(8223,594,156,'nice'),(8224,594,155,'nice'),(8225,594,154,'nice'),(8226,594,153,'nice'),(8227,594,152,'nice'),(8228,594,151,'nice'),(8229,594,150,'nice'),(8230,594,149,'nice'),(8231,594,148,'nice'),(8232,594,147,'nice'),(8233,594,146,'nice'),(8234,594,145,'nice'),(8235,594,144,'nice'),(8236,594,143,'nice'),(8237,595,164,'nice'),(8238,595,163,'nice'),(8239,595,162,'nice'),(8240,595,161,'nice'),(8241,595,160,'nice'),(8242,595,159,'nice'),(8243,595,158,'nice'),(8244,595,157,'nice'),(8245,595,156,'nice'),(8246,595,155,'nice'),(8247,595,154,'nice'),(8248,595,153,'nice'),(8249,595,152,'nice'),(8250,595,151,'nice'),(8251,595,150,'nice'),(8252,595,149,'nice'),(8253,595,148,'nice'),(8254,595,147,'nice'),(8255,595,146,'nice'),(8256,595,145,'nice'),(8257,595,144,'nice'),(8258,595,143,'nice'),(8259,596,164,'nice'),(8260,596,163,'nice'),(8261,596,162,'nice'),(8262,596,161,'nice'),(8263,596,160,'nice'),(8264,596,159,'nice'),(8265,596,158,'nice'),(8266,596,157,'nice'),(8267,596,156,'nice'),(8268,596,155,'nice'),(8269,596,154,'nice'),(8270,596,153,'nice'),(8271,596,152,'nice'),(8272,596,151,'nice'),(8273,596,150,'nice'),(8274,596,149,'nice'),(8275,596,148,'nice'),(8276,596,147,'nice'),(8277,596,146,'nice'),(8278,596,145,'nice'),(8279,596,144,'nice'),(8280,596,143,'nice'),(8281,597,164,'nice'),(8282,597,163,'nice'),(8283,597,162,'nice'),(8284,597,161,'nice'),(8285,597,160,'nice'),(8286,597,159,'nice'),(8287,597,158,'nice'),(8288,597,157,'nice'),(8289,597,156,'nice'),(8290,597,155,'nice'),(8291,597,154,'nice'),(8292,597,153,'nice'),(8293,597,152,'nice'),(8294,597,151,'nice'),(8295,597,150,'nice'),(8296,597,149,'nice'),(8297,597,148,'nice'),(8298,597,147,'nice'),(8299,597,146,'nice'),(8300,597,145,'nice'),(8301,597,144,'nice'),(8302,597,143,'nice'),(8303,598,164,'nice'),(8304,598,163,'nice'),(8305,598,162,'nice'),(8306,598,161,'nice'),(8307,598,160,'nice'),(8308,598,159,'nice'),(8309,598,158,'nice'),(8310,598,157,'nice'),(8311,598,156,'nice'),(8312,598,155,'nice'),(8313,598,154,'nice'),(8314,598,153,'nice'),(8315,598,152,'nice'),(8316,598,151,'nice'),(8317,598,150,'nice'),(8318,598,149,'nice'),(8319,598,148,'nice'),(8320,598,147,'nice'),(8321,598,146,'nice'),(8322,598,145,'nice'),(8323,598,144,'nice'),(8324,598,143,'nice'),(8325,599,164,'nice'),(8326,599,163,'nice'),(8327,599,162,'nice'),(8328,599,161,'nice'),(8329,599,160,'nice'),(8330,599,159,'nice'),(8331,599,158,'nice'),(8332,599,157,'nice'),(8333,599,156,'nice'),(8334,599,155,'nice'),(8335,599,154,'nice'),(8336,599,153,'nice'),(8337,599,152,'nice'),(8338,599,151,'nice'),(8339,599,150,'nice'),(8340,599,149,'nice'),(8341,599,148,'nice'),(8342,599,147,'nice'),(8343,599,146,'nice'),(8344,599,145,'nice'),(8345,599,144,'nice'),(8346,599,143,'nice'),(8347,600,164,'nice'),(8348,600,163,'nice'),(8349,600,162,'nice'),(8350,600,161,'nice'),(8351,600,160,'nice'),(8352,600,159,'nice'),(8353,600,158,'nice'),(8354,600,157,'nice'),(8355,600,156,'nice'),(8356,600,155,'nice'),(8357,600,154,'nice'),(8358,600,153,'nice'),(8359,600,152,'nice'),(8360,600,151,'nice'),(8361,600,150,'nice'),(8362,600,149,'nice'),(8363,600,148,'nice'),(8364,600,147,'nice'),(8365,600,146,'nice'),(8366,600,145,'nice'),(8367,600,144,'nice'),(8368,600,143,'nice'),(8369,601,164,'nice'),(8370,601,163,'nice'),(8371,601,162,'nice'),(8372,601,161,'nice'),(8373,601,160,'nice'),(8374,601,159,'nice'),(8375,601,158,'nice'),(8376,601,157,'nice'),(8377,601,156,'nice'),(8378,601,155,'nice'),(8379,601,154,'nice'),(8380,601,153,'nice'),(8381,601,152,'nice'),(8382,601,151,'nice'),(8383,601,150,'nice'),(8384,601,149,'nice'),(8385,601,148,'nice'),(8386,601,147,'nice'),(8387,601,146,'nice'),(8388,601,145,'nice'),(8389,601,144,'nice'),(8390,601,143,'nice'),(8391,602,164,'nice'),(8392,602,163,'nice'),(8393,602,162,'nice'),(8394,602,161,'nice'),(8395,602,160,'nice'),(8396,602,159,'nice'),(8397,602,158,'nice'),(8398,602,157,'nice'),(8399,602,156,'nice'),(8400,602,155,'nice'),(8401,602,154,'nice'),(8402,602,153,'nice'),(8403,602,152,'nice'),(8404,602,151,'nice'),(8405,602,150,'nice'),(8406,602,149,'nice'),(8407,602,148,'nice'),(8408,602,147,'nice'),(8409,602,146,'nice'),(8410,602,145,'nice'),(8411,602,144,'nice'),(8412,602,143,'nice'),(8413,603,164,'nice'),(8414,603,163,'nice'),(8415,603,162,'nice'),(8416,603,161,'nice'),(8417,603,160,'nice'),(8418,603,159,'nice'),(8419,603,158,'nice'),(8420,603,157,'nice'),(8421,603,156,'nice'),(8422,603,155,'nice'),(8423,603,154,'nice'),(8424,603,153,'nice'),(8425,603,152,'nice'),(8426,603,151,'nice'),(8427,603,150,'nice'),(8428,603,149,'nice'),(8429,603,148,'nice'),(8430,603,147,'nice'),(8431,603,146,'nice'),(8432,603,145,'nice'),(8433,603,144,'nice'),(8434,603,143,'nice'),(8435,604,164,'nice'),(8436,604,163,'nice'),(8437,604,162,'nice'),(8438,604,161,'nice'),(8439,604,160,'nice'),(8440,604,159,'nice'),(8441,604,158,'nice'),(8442,604,157,'nice'),(8443,604,156,'nice'),(8444,604,155,'nice'),(8445,604,154,'nice'),(8446,604,153,'nice'),(8447,604,152,'nice'),(8448,604,151,'nice'),(8449,604,150,'nice'),(8450,604,149,'nice'),(8451,604,148,'nice'),(8452,604,147,'nice'),(8453,604,146,'nice'),(8454,604,145,'nice'),(8455,604,144,'nice'),(8456,604,143,'nice'),(8457,605,164,'nice'),(8458,605,163,'nice'),(8459,605,162,'nice'),(8460,605,161,'nice'),(8461,605,160,'nice'),(8462,605,159,'nice'),(8463,605,158,'nice'),(8464,605,157,'nice'),(8465,605,156,'nice'),(8466,605,155,'nice'),(8467,605,154,'nice'),(8468,605,153,'nice'),(8469,605,152,'nice'),(8470,605,151,'nice'),(8471,605,150,'nice'),(8472,605,149,'nice'),(8473,605,148,'nice'),(8474,605,147,'nice'),(8475,605,146,'nice'),(8476,605,145,'nice'),(8477,605,144,'nice'),(8478,605,143,'nice'),(8479,606,164,'nice'),(8480,606,163,'nice'),(8481,606,162,'nice'),(8482,606,161,'nice'),(8483,606,160,'nice'),(8484,606,159,'nice'),(8485,606,158,'nice'),(8486,606,157,'nice'),(8487,606,156,'nice'),(8488,606,155,'nice'),(8489,606,154,'nice'),(8490,606,153,'nice'),(8491,606,152,'nice'),(8492,606,151,'nice'),(8493,606,150,'nice'),(8494,606,149,'nice'),(8495,606,148,'nice'),(8496,606,147,'nice'),(8497,606,146,'nice'),(8498,606,145,'nice'),(8499,606,144,'nice'),(8500,606,143,'nice'),(8501,607,164,'nice'),(8502,607,163,'nice'),(8503,607,162,'nice'),(8504,607,161,'nice'),(8505,607,160,'nice'),(8506,607,159,'nice'),(8507,607,158,'nice'),(8508,607,157,'nice'),(8509,607,156,'nice'),(8510,607,155,'nice'),(8511,607,154,'nice'),(8512,607,153,'nice'),(8513,607,152,'nice'),(8514,607,151,'nice'),(8515,607,150,'nice'),(8516,607,149,'nice'),(8517,607,148,'nice'),(8518,607,147,'nice'),(8519,607,146,'nice'),(8520,607,145,'nice'),(8521,607,144,'nice'),(8522,607,143,'nice'),(8523,608,164,'nice'),(8524,608,163,'nice'),(8525,608,162,'nice'),(8526,608,161,'nice'),(8527,608,160,'nice'),(8528,608,159,'nice'),(8529,608,158,'nice'),(8530,608,157,'nice'),(8531,608,156,'nice'),(8532,608,155,'nice'),(8533,608,154,'nice'),(8534,608,153,'nice'),(8535,608,152,'nice'),(8536,608,151,'nice'),(8537,608,150,'nice'),(8538,608,149,'nice'),(8539,608,148,'nice'),(8540,608,147,'nice'),(8541,608,146,'nice'),(8542,608,145,'nice'),(8543,608,144,'nice'),(8544,608,143,'nice'),(8545,609,164,'nice'),(8546,609,163,'nice'),(8547,609,162,'nice'),(8548,609,161,'nice'),(8549,609,160,'nice'),(8550,609,159,'nice'),(8551,609,158,'nice'),(8552,609,157,'nice'),(8553,609,156,'nice'),(8554,609,155,'nice'),(8555,609,154,'nice'),(8556,609,153,'nice'),(8557,609,152,'nice'),(8558,609,151,'nice'),(8559,609,150,'nice'),(8560,609,149,'nice'),(8561,609,148,'nice'),(8562,609,147,'nice'),(8563,609,146,'nice'),(8564,609,145,'nice'),(8565,609,144,'nice'),(8566,609,143,'nice'),(8567,610,164,'nice'),(8568,610,163,'nice'),(8569,610,162,'nice'),(8570,610,161,'nice'),(8571,610,160,'nice'),(8572,610,159,'nice'),(8573,610,158,'nice'),(8574,610,157,'nice'),(8575,610,156,'nice'),(8576,610,155,'nice'),(8577,610,154,'nice'),(8578,610,153,'nice'),(8579,610,152,'nice'),(8580,610,151,'nice'),(8581,610,150,'nice'),(8582,610,149,'nice'),(8583,610,148,'nice'),(8584,610,147,'nice'),(8585,610,146,'nice'),(8586,610,145,'nice'),(8587,610,144,'nice'),(8588,610,143,'nice'),(8589,611,164,'nice'),(8590,611,163,'nice'),(8591,611,162,'nice'),(8592,611,161,'nice'),(8593,611,160,'nice'),(8594,611,159,'nice'),(8595,611,158,'nice'),(8596,611,157,'nice'),(8597,611,156,'nice'),(8598,611,155,'nice'),(8599,611,154,'nice'),(8600,611,153,'nice'),(8601,611,152,'nice'),(8602,611,151,'nice'),(8603,611,150,'nice'),(8604,611,149,'nice'),(8605,611,148,'nice'),(8606,611,147,'nice'),(8607,611,146,'nice'),(8608,611,145,'nice'),(8609,611,144,'nice'),(8610,611,143,'nice'),(8611,612,164,'nice'),(8612,612,163,'nice'),(8613,612,162,'nice'),(8614,612,161,'nice'),(8615,612,160,'nice'),(8616,612,159,'nice'),(8617,612,158,'nice'),(8618,612,157,'nice'),(8619,612,156,'nice'),(8620,612,155,'nice'),(8621,612,154,'nice'),(8622,612,153,'nice'),(8623,612,152,'nice'),(8624,612,151,'nice'),(8625,612,150,'nice'),(8626,612,149,'nice'),(8627,612,148,'nice'),(8628,612,147,'nice'),(8629,612,146,'nice'),(8630,612,145,'nice'),(8631,612,144,'nice'),(8632,612,143,'nice'),(8633,613,164,'nice'),(8634,613,163,'nice'),(8635,613,162,'nice'),(8636,613,161,'nice'),(8637,613,160,'nice'),(8638,613,159,'nice'),(8639,613,158,'nice'),(8640,613,157,'nice'),(8641,613,156,'nice'),(8642,613,155,'nice'),(8643,613,154,'nice'),(8644,613,153,'nice'),(8645,613,152,'nice'),(8646,613,151,'nice'),(8647,613,150,'nice'),(8648,613,149,'nice'),(8649,613,148,'nice'),(8650,613,147,'nice'),(8651,613,146,'nice'),(8652,613,145,'nice'),(8653,613,144,'nice'),(8654,613,143,'nice'),(8655,614,164,'nice'),(8656,614,163,'nice'),(8657,614,162,'nice'),(8658,614,161,'nice'),(8659,614,160,'nice'),(8660,614,159,'nice'),(8661,614,158,'nice'),(8662,614,157,'nice'),(8663,614,156,'nice'),(8664,614,155,'nice'),(8665,614,154,'nice'),(8666,614,153,'nice'),(8667,614,152,'nice'),(8668,614,151,'nice'),(8669,614,150,'nice'),(8670,614,149,'nice'),(8671,614,148,'nice'),(8672,614,147,'nice'),(8673,614,146,'nice'),(8674,614,145,'nice'),(8675,614,144,'nice'),(8676,614,143,'nice'),(8677,615,164,'nice'),(8678,615,163,'nice'),(8679,615,162,'nice'),(8680,615,161,'nice'),(8681,615,160,'nice'),(8682,615,159,'nice'),(8683,615,158,'nice'),(8684,615,157,'nice'),(8685,615,156,'nice'),(8686,615,155,'nice'),(8687,615,154,'nice'),(8688,615,153,'nice'),(8689,615,152,'nice'),(8690,615,151,'nice'),(8691,615,150,'nice'),(8692,615,149,'nice'),(8693,615,148,'nice'),(8694,615,147,'nice'),(8695,615,146,'nice'),(8696,615,145,'nice'),(8697,615,144,'nice'),(8698,615,143,'nice'),(8699,616,164,'nice'),(8700,616,163,'nice'),(8701,616,162,'nice'),(8702,616,161,'nice'),(8703,616,160,'nice'),(8704,616,159,'nice'),(8705,616,158,'nice'),(8706,616,157,'nice'),(8707,616,156,'nice'),(8708,616,155,'nice'),(8709,616,154,'nice'),(8710,616,153,'nice'),(8711,616,152,'nice'),(8712,616,151,'nice'),(8713,616,150,'nice'),(8714,616,149,'nice'),(8715,616,148,'nice'),(8716,616,147,'nice'),(8717,616,146,'nice'),(8718,616,145,'nice'),(8719,616,144,'nice'),(8720,616,143,'nice'),(8721,617,164,'nice'),(8722,617,163,'nice'),(8723,617,162,'nice'),(8724,617,161,'nice'),(8725,617,160,'nice'),(8726,617,159,'nice'),(8727,617,158,'nice'),(8728,617,157,'nice'),(8729,617,156,'nice'),(8730,617,155,'nice'),(8731,617,154,'nice'),(8732,617,153,'nice'),(8733,617,152,'nice'),(8734,617,151,'nice'),(8735,617,150,'nice'),(8736,617,149,'nice'),(8737,617,148,'nice'),(8738,617,147,'nice'),(8739,617,146,'nice'),(8740,617,145,'nice'),(8741,617,144,'nice'),(8742,617,143,'nice'),(8743,618,164,'nice'),(8744,618,163,'nice'),(8745,618,162,'nice'),(8746,618,161,'nice'),(8747,618,160,'nice'),(8748,618,159,'nice'),(8749,618,158,'nice'),(8750,618,157,'nice'),(8751,618,156,'nice'),(8752,618,155,'nice'),(8753,618,154,'nice'),(8754,618,153,'nice'),(8755,618,152,'nice'),(8756,618,151,'nice'),(8757,618,150,'nice'),(8758,618,149,'nice'),(8759,618,148,'nice'),(8760,618,147,'nice'),(8761,618,146,'nice'),(8762,618,145,'nice'),(8763,618,144,'nice'),(8764,618,143,'nice'),(8765,619,164,'nice'),(8766,619,163,'nice'),(8767,619,162,'nice'),(8768,619,161,'nice'),(8769,619,160,'nice'),(8770,619,159,'nice'),(8771,619,158,'nice'),(8772,619,157,'nice'),(8773,619,156,'nice'),(8774,619,155,'nice'),(8775,619,154,'nice'),(8776,619,153,'nice'),(8777,619,152,'nice'),(8778,619,151,'nice'),(8779,619,150,'nice'),(8780,619,149,'nice'),(8781,619,148,'nice'),(8782,619,147,'nice'),(8783,619,146,'nice'),(8784,619,145,'nice'),(8785,619,144,'nice'),(8786,619,143,'nice'),(8787,620,164,'nice'),(8788,620,163,'nice'),(8789,620,162,'nice'),(8790,620,161,'nice'),(8791,620,160,'nice'),(8792,620,159,'nice'),(8793,620,158,'nice'),(8794,620,157,'nice'),(8795,620,156,'nice'),(8796,620,155,'nice'),(8797,620,154,'nice'),(8798,620,153,'nice'),(8799,620,152,'nice'),(8800,620,151,'nice'),(8801,620,150,'nice'),(8802,620,149,'nice'),(8803,620,148,'nice'),(8804,620,147,'nice'),(8805,620,146,'nice'),(8806,620,145,'nice'),(8807,620,144,'nice'),(8808,620,143,'nice'),(8809,621,164,'nice'),(8810,621,163,'nice'),(8811,621,162,'nice'),(8812,621,161,'nice'),(8813,621,160,'nice'),(8814,621,159,'nice'),(8815,621,158,'nice'),(8816,621,157,'nice'),(8817,621,156,'nice'),(8818,621,155,'nice'),(8819,621,154,'nice'),(8820,621,153,'nice'),(8821,621,152,'nice'),(8822,621,151,'nice'),(8823,621,150,'nice'),(8824,621,149,'nice'),(8825,621,148,'nice'),(8826,621,147,'nice'),(8827,621,146,'nice'),(8828,621,145,'nice'),(8829,621,144,'nice'),(8830,621,143,'nice'),(8831,622,164,'nice'),(8832,622,163,'nice'),(8833,622,162,'nice'),(8834,622,161,'nice'),(8835,622,160,'nice'),(8836,622,159,'nice'),(8837,622,158,'nice'),(8838,622,157,'nice'),(8839,622,156,'nice'),(8840,622,155,'nice'),(8841,622,154,'nice'),(8842,622,153,'nice'),(8843,622,152,'nice'),(8844,622,151,'nice'),(8845,622,150,'nice'),(8846,622,149,'nice'),(8847,622,148,'nice'),(8848,622,147,'nice'),(8849,622,146,'nice'),(8850,622,145,'nice'),(8851,622,144,'nice'),(8852,622,143,'nice'),(8853,623,164,'nice'),(8854,623,163,'nice'),(8855,623,162,'nice'),(8856,623,161,'nice'),(8857,623,160,'nice'),(8858,623,159,'nice'),(8859,623,158,'nice'),(8860,623,157,'nice'),(8861,623,156,'nice'),(8862,623,155,'nice'),(8863,623,154,'nice'),(8864,623,153,'nice'),(8865,623,152,'nice'),(8866,623,151,'nice'),(8867,623,150,'nice'),(8868,623,149,'nice'),(8869,623,148,'nice'),(8870,623,147,'nice'),(8871,623,146,'nice'),(8872,623,145,'nice'),(8873,623,144,'nice'),(8874,623,143,'nice'),(8875,624,164,'nice'),(8876,624,163,'nice'),(8877,624,162,'nice'),(8878,624,161,'nice'),(8879,624,160,'nice'),(8880,624,159,'nice'),(8881,624,158,'nice'),(8882,624,157,'nice'),(8883,624,156,'nice'),(8884,624,155,'nice'),(8885,624,154,'nice'),(8886,624,153,'nice'),(8887,624,152,'nice'),(8888,624,151,'nice'),(8889,624,150,'nice'),(8890,624,149,'nice'),(8891,624,148,'nice'),(8892,624,147,'nice'),(8893,624,146,'nice'),(8894,624,145,'nice'),(8895,624,144,'nice'),(8896,624,143,'nice'),(8897,625,187,'nice'),(8898,625,186,'nice'),(8899,625,185,'nice'),(8900,625,184,'nice'),(8901,625,183,'nice'),(8902,625,182,'nice'),(8903,625,181,'nice'),(8904,625,180,'nice'),(8905,625,179,'nice'),(8906,625,178,'nice'),(8907,625,177,'nice'),(8908,625,176,'nice'),(8909,625,175,'nice'),(8910,625,174,'nice'),(8911,625,173,'nice'),(8912,625,172,'nice'),(8913,625,171,'nice'),(8914,625,170,'nice'),(8915,625,169,'nice'),(8916,625,168,'nice'),(8917,625,167,'nice'),(8918,625,166,'nice'),(8919,625,165,'nice'),(8920,626,187,'nice'),(8921,626,186,'nice'),(8922,626,185,'nice'),(8923,626,184,'nice'),(8924,626,183,'nice'),(8925,626,182,'nice'),(8926,626,181,'nice'),(8927,626,180,'nice'),(8928,626,179,'nice'),(8929,626,178,'nice'),(8930,626,177,'nice'),(8931,626,176,'nice'),(8932,626,175,'nice'),(8933,626,174,'nice'),(8934,626,173,'nice'),(8935,626,172,'nice'),(8936,626,171,'nice'),(8937,626,170,'nice'),(8938,626,169,'nice'),(8939,626,168,'nice'),(8940,626,167,'nice'),(8941,626,166,'nice'),(8942,626,165,'nice'),(8943,627,187,'nice'),(8944,627,186,'nice'),(8945,627,185,'nice'),(8946,627,184,'nice'),(8947,627,183,'nice'),(8948,627,182,'nice'),(8949,627,181,'nice'),(8950,627,180,'nice'),(8951,627,179,'nice'),(8952,627,178,'nice'),(8953,627,177,'nice'),(8954,627,176,'nice'),(8955,627,175,'nice'),(8956,627,174,'nice'),(8957,627,173,'nice'),(8958,627,172,'nice'),(8959,627,171,'nice'),(8960,627,170,'nice'),(8961,627,169,'nice'),(8962,627,168,'nice'),(8963,627,167,'nice'),(8964,627,166,'nice'),(8965,627,165,'nice'),(8966,628,187,'nice'),(8967,628,186,'nice'),(8968,628,185,'nice'),(8969,628,184,'nice'),(8970,628,183,'nice'),(8971,628,182,'nice'),(8972,628,181,'nice'),(8973,628,180,'nice'),(8974,628,179,'nice'),(8975,628,178,'nice'),(8976,628,177,'nice'),(8977,628,176,'nice'),(8978,628,175,'nice'),(8979,628,174,'nice'),(8980,628,173,'nice'),(8981,628,172,'nice'),(8982,628,171,'nice'),(8983,628,170,'nice'),(8984,628,169,'nice'),(8985,628,168,'nice'),(8986,628,167,'nice'),(8987,628,166,'nice'),(8988,628,165,'nice'),(8989,629,187,'nice'),(8990,629,186,'nice'),(8991,629,185,'nice'),(8992,629,184,'nice'),(8993,629,183,'nice'),(8994,629,182,'nice'),(8995,629,181,'nice'),(8996,629,180,'nice'),(8997,629,179,'nice'),(8998,629,178,'nice'),(8999,629,177,'nice'),(9000,629,176,'nice'),(9001,629,175,'nice'),(9002,629,174,'nice'),(9003,629,173,'nice'),(9004,629,172,'nice'),(9005,629,171,'nice'),(9006,629,170,'nice'),(9007,629,169,'nice'),(9008,629,168,'nice'),(9009,629,167,'nice'),(9010,629,166,'nice'),(9011,629,165,'nice'),(9012,630,187,'nice'),(9013,630,186,'nice'),(9014,630,185,'nice'),(9015,630,184,'nice'),(9016,630,183,'nice'),(9017,630,182,'nice'),(9018,630,181,'nice'),(9019,630,180,'nice'),(9020,630,179,'nice'),(9021,630,178,'nice'),(9022,630,177,'nice'),(9023,630,176,'nice'),(9024,630,175,'nice'),(9025,630,174,'nice'),(9026,630,173,'nice'),(9027,630,172,'nice'),(9028,630,171,'nice'),(9029,630,170,'nice'),(9030,630,169,'nice'),(9031,630,168,'nice'),(9032,630,167,'nice'),(9033,630,166,'nice'),(9034,630,165,'nice'),(9035,631,187,'nice'),(9036,631,186,'nice'),(9037,631,185,'nice'),(9038,631,184,'nice'),(9039,631,183,'nice'),(9040,631,182,'nice'),(9041,631,181,'nice'),(9042,631,180,'nice'),(9043,631,179,'nice'),(9044,631,178,'nice'),(9045,631,177,'nice'),(9046,631,176,'nice'),(9047,631,175,'nice'),(9048,631,174,'nice'),(9049,631,173,'nice'),(9050,631,172,'nice'),(9051,631,171,'nice'),(9052,631,170,'nice'),(9053,631,169,'nice'),(9054,631,168,'nice'),(9055,631,167,'nice'),(9056,631,166,'nice'),(9057,631,165,'nice'),(9058,632,187,'nice'),(9059,632,186,'nice'),(9060,632,185,'nice'),(9061,632,184,'nice'),(9062,632,183,'nice'),(9063,632,182,'nice'),(9064,632,181,'nice'),(9065,632,180,'nice'),(9066,632,179,'nice'),(9067,632,178,'nice'),(9068,632,177,'nice'),(9069,632,176,'nice'),(9070,632,175,'nice'),(9071,632,174,'nice'),(9072,632,173,'nice'),(9073,632,172,'nice'),(9074,632,171,'nice'),(9075,632,170,'nice'),(9076,632,169,'nice'),(9077,632,168,'nice'),(9078,632,167,'nice'),(9079,632,166,'nice'),(9080,632,165,'nice'),(9081,633,187,'nice'),(9082,633,186,'nice'),(9083,633,185,'nice'),(9084,633,184,'nice'),(9085,633,183,'nice'),(9086,633,182,'nice'),(9087,633,181,'nice'),(9088,633,180,'nice'),(9089,633,179,'nice'),(9090,633,178,'nice'),(9091,633,177,'nice'),(9092,633,176,'nice'),(9093,633,175,'nice'),(9094,633,174,'nice'),(9095,633,173,'nice'),(9096,633,172,'nice'),(9097,633,171,'nice'),(9098,633,170,'nice'),(9099,633,169,'nice'),(9100,633,168,'nice'),(9101,633,167,'nice'),(9102,633,166,'nice'),(9103,633,165,'nice'),(9104,634,187,'nice'),(9105,634,186,'nice'),(9106,634,185,'nice'),(9107,634,184,'nice'),(9108,634,183,'nice'),(9109,634,182,'nice'),(9110,634,181,'nice'),(9111,634,180,'nice'),(9112,634,179,'nice'),(9113,634,178,'nice'),(9114,634,177,'nice'),(9115,634,176,'nice'),(9116,634,175,'nice'),(9117,634,174,'nice'),(9118,634,173,'nice'),(9119,634,172,'nice'),(9120,634,171,'nice'),(9121,634,170,'nice'),(9122,634,169,'nice'),(9123,634,168,'nice'),(9124,634,167,'nice'),(9125,634,166,'nice'),(9126,634,165,'nice'),(9127,635,187,'nice'),(9128,635,186,'nice'),(9129,635,185,'nice'),(9130,635,184,'nice'),(9131,635,183,'nice'),(9132,635,182,'nice'),(9133,635,181,'nice'),(9134,635,180,'nice'),(9135,635,179,'nice'),(9136,635,178,'nice'),(9137,635,177,'nice'),(9138,635,176,'nice'),(9139,635,175,'nice'),(9140,635,174,'nice'),(9141,635,173,'nice'),(9142,635,172,'nice'),(9143,635,171,'nice'),(9144,635,170,'nice'),(9145,635,169,'nice'),(9146,635,168,'nice'),(9147,635,167,'nice'),(9148,635,166,'nice'),(9149,635,165,'nice'),(9150,636,187,'nice'),(9151,636,186,'nice'),(9152,636,185,'nice'),(9153,636,184,'nice'),(9154,636,183,'nice'),(9155,636,182,'nice'),(9156,636,181,'nice'),(9157,636,180,'nice'),(9158,636,179,'nice'),(9159,636,178,'nice'),(9160,636,177,'nice'),(9161,636,176,'nice'),(9162,636,175,'nice'),(9163,636,174,'nice'),(9164,636,173,'nice'),(9165,636,172,'nice'),(9166,636,171,'nice'),(9167,636,170,'nice'),(9168,636,169,'nice'),(9169,636,168,'nice'),(9170,636,167,'nice'),(9171,636,166,'nice'),(9172,636,165,'nice'),(9173,637,187,'nice'),(9174,637,186,'nice'),(9175,637,185,'nice'),(9176,637,184,'nice'),(9177,637,183,'nice'),(9178,637,182,'nice'),(9179,637,181,'nice'),(9180,637,180,'nice'),(9181,637,179,'nice'),(9182,637,178,'nice'),(9183,637,177,'nice'),(9184,637,176,'nice'),(9185,637,175,'nice'),(9186,637,174,'nice'),(9187,637,173,'nice'),(9188,637,172,'nice'),(9189,637,171,'nice'),(9190,637,170,'nice'),(9191,637,169,'nice'),(9192,637,168,'nice'),(9193,637,167,'nice'),(9194,637,166,'nice'),(9195,637,165,'nice'),(9196,638,187,'nice'),(9197,638,186,'nice'),(9198,638,185,'nice'),(9199,638,184,'nice'),(9200,638,183,'nice'),(9201,638,182,'nice'),(9202,638,181,'nice'),(9203,638,180,'nice'),(9204,638,179,'nice'),(9205,638,178,'nice'),(9206,638,177,'nice'),(9207,638,176,'nice'),(9208,638,175,'nice'),(9209,638,174,'nice'),(9210,638,173,'nice'),(9211,638,172,'nice'),(9212,638,171,'nice'),(9213,638,170,'nice'),(9214,638,169,'nice'),(9215,638,168,'nice'),(9216,638,167,'nice'),(9217,638,166,'nice'),(9218,638,165,'nice'),(9219,639,187,'nice'),(9220,639,186,'nice'),(9221,639,185,'nice'),(9222,639,184,'nice'),(9223,639,183,'nice'),(9224,639,182,'nice'),(9225,639,181,'nice'),(9226,639,180,'nice'),(9227,639,179,'nice'),(9228,639,178,'nice'),(9229,639,177,'nice'),(9230,639,176,'nice'),(9231,639,175,'nice'),(9232,639,174,'nice'),(9233,639,173,'nice'),(9234,639,172,'nice'),(9235,639,171,'nice'),(9236,639,170,'nice'),(9237,639,169,'nice'),(9238,639,168,'nice'),(9239,639,167,'nice'),(9240,639,166,'nice'),(9241,639,165,'nice'),(9242,640,187,'nice'),(9243,640,186,'nice'),(9244,640,185,'nice'),(9245,640,184,'nice'),(9246,640,183,'nice'),(9247,640,182,'nice'),(9248,640,181,'nice'),(9249,640,180,'nice'),(9250,640,179,'nice'),(9251,640,178,'nice'),(9252,640,177,'nice'),(9253,640,176,'nice'),(9254,640,175,'nice'),(9255,640,174,'nice'),(9256,640,173,'nice'),(9257,640,172,'nice'),(9258,640,171,'nice'),(9259,640,170,'nice'),(9260,640,169,'nice'),(9261,640,168,'nice'),(9262,640,167,'nice'),(9263,640,166,'nice'),(9264,640,165,'nice'),(9265,641,187,'nice'),(9266,641,186,'nice'),(9267,641,185,'nice'),(9268,641,184,'nice'),(9269,641,183,'nice'),(9270,641,182,'nice'),(9271,641,181,'nice'),(9272,641,180,'nice'),(9273,641,179,'nice'),(9274,641,178,'nice'),(9275,641,177,'nice'),(9276,641,176,'nice'),(9277,641,175,'nice'),(9278,641,174,'nice'),(9279,641,173,'nice'),(9280,641,172,'nice'),(9281,641,171,'nice'),(9282,641,170,'nice'),(9283,641,169,'nice'),(9284,641,168,'nice'),(9285,641,167,'nice'),(9286,641,166,'nice'),(9287,641,165,'nice'),(9288,642,187,'nice'),(9289,642,186,'nice'),(9290,642,185,'nice'),(9291,642,184,'nice'),(9292,642,183,'nice'),(9293,642,182,'nice'),(9294,642,181,'nice'),(9295,642,180,'nice'),(9296,642,179,'nice'),(9297,642,178,'nice'),(9298,642,177,'nice'),(9299,642,176,'nice'),(9300,642,175,'nice'),(9301,642,174,'nice'),(9302,642,173,'nice'),(9303,642,172,'nice'),(9304,642,171,'nice'),(9305,642,170,'nice'),(9306,642,169,'nice'),(9307,642,168,'nice'),(9308,642,167,'nice'),(9309,642,166,'nice'),(9310,642,165,'nice'),(9311,643,187,'nice'),(9312,643,186,'nice'),(9313,643,185,'nice'),(9314,643,184,'nice'),(9315,643,183,'nice'),(9316,643,182,'nice'),(9317,643,181,'nice'),(9318,643,180,'nice'),(9319,643,179,'nice'),(9320,643,178,'nice'),(9321,643,177,'nice'),(9322,643,176,'nice'),(9323,643,175,'nice'),(9324,643,174,'nice'),(9325,643,173,'nice'),(9326,643,172,'nice'),(9327,643,171,'nice'),(9328,643,170,'nice'),(9329,643,169,'nice'),(9330,643,168,'nice'),(9331,643,167,'nice'),(9332,643,166,'nice'),(9333,643,165,'nice'),(9334,644,187,'nice'),(9335,644,186,'nice'),(9336,644,185,'nice'),(9337,644,184,'nice'),(9338,644,183,'nice'),(9339,644,182,'nice'),(9340,644,181,'nice'),(9341,644,180,'nice'),(9342,644,179,'nice'),(9343,644,178,'nice'),(9344,644,177,'nice'),(9345,644,176,'nice'),(9346,644,175,'nice'),(9347,644,174,'nice'),(9348,644,173,'nice'),(9349,644,172,'nice'),(9350,644,171,'nice'),(9351,644,170,'nice'),(9352,644,169,'nice'),(9353,644,168,'nice'),(9354,644,167,'nice'),(9355,644,166,'nice'),(9356,644,165,'nice'),(9357,645,187,'nice'),(9358,645,186,'nice'),(9359,645,185,'nice'),(9360,645,184,'nice'),(9361,645,183,'nice'),(9362,645,182,'nice'),(9363,645,181,'nice'),(9364,645,180,'nice'),(9365,645,179,'nice'),(9366,645,178,'nice'),(9367,645,177,'nice'),(9368,645,176,'nice'),(9369,645,175,'nice'),(9370,645,174,'nice'),(9371,645,173,'nice'),(9372,645,172,'nice'),(9373,645,171,'nice'),(9374,645,170,'nice'),(9375,645,169,'nice'),(9376,645,168,'nice'),(9377,645,167,'nice'),(9378,645,166,'nice'),(9379,645,165,'nice'),(9380,646,187,'nice'),(9381,646,186,'nice'),(9382,646,185,'nice'),(9383,646,184,'nice'),(9384,646,183,'nice'),(9385,646,182,'nice'),(9386,646,181,'nice'),(9387,646,180,'nice'),(9388,646,179,'nice'),(9389,646,178,'nice'),(9390,646,177,'nice'),(9391,646,176,'nice'),(9392,646,175,'nice'),(9393,646,174,'nice'),(9394,646,173,'nice'),(9395,646,172,'nice'),(9396,646,171,'nice'),(9397,646,170,'nice'),(9398,646,169,'nice'),(9399,646,168,'nice'),(9400,646,167,'nice'),(9401,646,166,'nice'),(9402,646,165,'nice'),(9403,647,187,'nice'),(9404,647,186,'nice'),(9405,647,185,'nice'),(9406,647,184,'nice'),(9407,647,183,'nice'),(9408,647,182,'nice'),(9409,647,181,'nice'),(9410,647,180,'nice'),(9411,647,179,'nice'),(9412,647,178,'nice'),(9413,647,177,'nice'),(9414,647,176,'nice'),(9415,647,175,'nice'),(9416,647,174,'nice'),(9417,647,173,'nice'),(9418,647,172,'nice'),(9419,647,171,'nice'),(9420,647,170,'nice'),(9421,647,169,'nice'),(9422,647,168,'nice'),(9423,647,167,'nice'),(9424,647,166,'nice'),(9425,647,165,'nice'),(9426,648,187,'nice'),(9427,648,186,'nice'),(9428,648,185,'nice'),(9429,648,184,'nice'),(9430,648,183,'nice'),(9431,648,182,'nice'),(9432,648,181,'nice'),(9433,648,180,'nice'),(9434,648,179,'nice'),(9435,648,178,'nice'),(9436,648,177,'nice'),(9437,648,176,'nice'),(9438,648,175,'nice'),(9439,648,174,'nice'),(9440,648,173,'nice'),(9441,648,172,'nice'),(9442,648,171,'nice'),(9443,648,170,'nice'),(9444,648,169,'nice'),(9445,648,168,'nice'),(9446,648,167,'nice'),(9447,648,166,'nice'),(9448,648,165,'nice'),(9449,649,187,'nice'),(9450,649,186,'nice'),(9451,649,185,'nice'),(9452,649,184,'nice'),(9453,649,183,'nice'),(9454,649,182,'nice'),(9455,649,181,'nice'),(9456,649,180,'nice'),(9457,649,179,'nice'),(9458,649,178,'nice'),(9459,649,177,'nice'),(9460,649,176,'nice'),(9461,649,175,'nice'),(9462,649,174,'nice'),(9463,649,173,'nice'),(9464,649,172,'nice'),(9465,649,171,'nice'),(9466,649,170,'nice'),(9467,649,169,'nice'),(9468,649,168,'nice'),(9469,649,167,'nice'),(9470,649,166,'nice'),(9471,649,165,'nice'),(9472,650,187,'nice'),(9473,650,186,'nice'),(9474,650,185,'nice'),(9475,650,184,'nice'),(9476,650,183,'nice'),(9477,650,182,'nice'),(9478,650,181,'nice'),(9479,650,180,'nice'),(9480,650,179,'nice'),(9481,650,178,'nice'),(9482,650,177,'nice'),(9483,650,176,'nice'),(9484,650,175,'nice'),(9485,650,174,'nice'),(9486,650,173,'nice'),(9487,650,172,'nice'),(9488,650,171,'nice'),(9489,650,170,'nice'),(9490,650,169,'nice'),(9491,650,168,'nice'),(9492,650,167,'nice'),(9493,650,166,'nice'),(9494,650,165,'nice'),(9495,651,187,'nice'),(9496,651,186,'nice'),(9497,651,185,'nice'),(9498,651,184,'nice'),(9499,651,183,'nice'),(9500,651,182,'nice'),(9501,651,181,'nice'),(9502,651,180,'nice'),(9503,651,179,'nice'),(9504,651,178,'nice'),(9505,651,177,'nice'),(9506,651,176,'nice'),(9507,651,175,'nice'),(9508,651,174,'nice'),(9509,651,173,'nice'),(9510,651,172,'nice'),(9511,651,171,'nice'),(9512,651,170,'nice'),(9513,651,169,'nice'),(9514,651,168,'nice'),(9515,651,167,'nice'),(9516,651,166,'nice'),(9517,651,165,'nice'),(9518,652,187,'nice'),(9519,652,186,'nice'),(9520,652,185,'nice'),(9521,652,184,'nice'),(9522,652,183,'nice'),(9523,652,182,'nice'),(9524,652,181,'nice'),(9525,652,180,'nice'),(9526,652,179,'nice'),(9527,652,178,'nice'),(9528,652,177,'nice'),(9529,652,176,'nice'),(9530,652,175,'nice'),(9531,652,174,'nice'),(9532,652,173,'nice'),(9533,652,172,'nice'),(9534,652,171,'nice'),(9535,652,170,'nice'),(9536,652,169,'nice'),(9537,652,168,'nice'),(9538,652,167,'nice'),(9539,652,166,'nice'),(9540,652,165,'nice'),(9541,653,187,'nice'),(9542,653,186,'nice'),(9543,653,185,'nice'),(9544,653,184,'nice'),(9545,653,183,'nice'),(9546,653,182,'nice'),(9547,653,181,'nice'),(9548,653,180,'nice'),(9549,653,179,'nice'),(9550,653,178,'nice'),(9551,653,177,'nice'),(9552,653,176,'nice'),(9553,653,175,'nice'),(9554,653,174,'nice'),(9555,653,173,'nice'),(9556,653,172,'nice'),(9557,653,171,'nice'),(9558,653,170,'nice'),(9559,653,169,'nice'),(9560,653,168,'nice'),(9561,653,167,'nice'),(9562,653,166,'nice'),(9563,653,165,'nice'),(9564,654,187,'nice'),(9565,654,186,'nice'),(9566,654,185,'nice'),(9567,654,184,'nice'),(9568,654,183,'nice'),(9569,654,182,'nice'),(9570,654,181,'nice'),(9571,654,180,'nice'),(9572,654,179,'nice'),(9573,654,178,'nice'),(9574,654,177,'nice'),(9575,654,176,'nice'),(9576,654,175,'nice'),(9577,654,174,'nice'),(9578,654,173,'nice'),(9579,654,172,'nice'),(9580,654,171,'nice'),(9581,654,170,'nice'),(9582,654,169,'nice'),(9583,654,168,'nice'),(9584,654,167,'nice'),(9585,654,166,'nice'),(9586,654,165,'nice'),(9587,655,187,'nice'),(9588,655,186,'nice'),(9589,655,185,'nice'),(9590,655,184,'nice'),(9591,655,183,'nice'),(9592,655,182,'nice'),(9593,655,181,'nice'),(9594,655,180,'nice'),(9595,655,179,'nice'),(9596,655,178,'nice'),(9597,655,177,'nice'),(9598,655,176,'nice'),(9599,655,175,'nice'),(9600,655,174,'nice'),(9601,655,173,'nice'),(9602,655,172,'nice'),(9603,655,171,'nice'),(9604,655,170,'nice'),(9605,655,169,'nice'),(9606,655,168,'nice'),(9607,655,167,'nice'),(9608,655,166,'nice'),(9609,655,165,'nice'),(9610,656,187,'nice'),(9611,656,186,'nice'),(9612,656,185,'nice'),(9613,656,184,'nice'),(9614,656,183,'nice'),(9615,656,182,'nice'),(9616,656,181,'nice'),(9617,656,180,'nice'),(9618,656,179,'nice'),(9619,656,178,'nice'),(9620,656,177,'nice'),(9621,656,176,'nice'),(9622,656,175,'nice'),(9623,656,174,'nice'),(9624,656,173,'nice'),(9625,656,172,'nice'),(9626,656,171,'nice'),(9627,656,170,'nice'),(9628,656,169,'nice'),(9629,656,168,'nice'),(9630,656,167,'nice'),(9631,656,166,'nice'),(9632,656,165,'nice'),(9633,657,187,'nice'),(9634,657,186,'nice'),(9635,657,185,'nice'),(9636,657,184,'nice'),(9637,657,183,'nice'),(9638,657,182,'nice'),(9639,657,181,'nice'),(9640,657,180,'nice'),(9641,657,179,'nice'),(9642,657,178,'nice'),(9643,657,177,'nice'),(9644,657,176,'nice'),(9645,657,175,'nice'),(9646,657,174,'nice'),(9647,657,173,'nice'),(9648,657,172,'nice'),(9649,657,171,'nice'),(9650,657,170,'nice'),(9651,657,169,'nice'),(9652,657,168,'nice'),(9653,657,167,'nice'),(9654,657,166,'nice'),(9655,657,165,'nice'),(9656,658,187,'nice'),(9657,658,186,'nice'),(9658,658,185,'nice'),(9659,658,184,'nice'),(9660,658,183,'nice'),(9661,658,182,'nice'),(9662,658,181,'nice'),(9663,658,180,'nice'),(9664,658,179,'nice'),(9665,658,178,'nice'),(9666,658,177,'nice'),(9667,658,176,'nice'),(9668,658,175,'nice'),(9669,658,174,'nice'),(9670,658,173,'nice'),(9671,658,172,'nice'),(9672,658,171,'nice'),(9673,658,170,'nice'),(9674,658,169,'nice'),(9675,658,168,'nice'),(9676,658,167,'nice'),(9677,658,166,'nice'),(9678,658,165,'nice'),(9679,659,187,'nice'),(9680,659,186,'nice'),(9681,659,185,'nice'),(9682,659,184,'nice'),(9683,659,183,'nice'),(9684,659,182,'nice'),(9685,659,181,'nice'),(9686,659,180,'nice'),(9687,659,179,'nice'),(9688,659,178,'nice'),(9689,659,177,'nice'),(9690,659,176,'nice'),(9691,659,175,'nice'),(9692,659,174,'nice'),(9693,659,173,'nice'),(9694,659,172,'nice'),(9695,659,171,'nice'),(9696,659,170,'nice'),(9697,659,169,'nice'),(9698,659,168,'nice'),(9699,659,167,'nice'),(9700,659,166,'nice'),(9701,659,165,'nice'),(9702,660,187,'nice'),(9703,660,186,'nice'),(9704,660,185,'nice'),(9705,660,184,'nice'),(9706,660,183,'nice'),(9707,660,182,'nice'),(9708,660,181,'nice'),(9709,660,180,'nice'),(9710,660,179,'nice'),(9711,660,178,'nice'),(9712,660,177,'nice'),(9713,660,176,'nice'),(9714,660,175,'nice'),(9715,660,174,'nice'),(9716,660,173,'nice'),(9717,660,172,'nice'),(9718,660,171,'nice'),(9719,660,170,'nice'),(9720,660,169,'nice'),(9721,660,168,'nice'),(9722,660,167,'nice'),(9723,660,166,'nice'),(9724,660,165,'nice'),(9725,661,187,'nice'),(9726,661,186,'nice'),(9727,661,185,'nice'),(9728,661,184,'nice'),(9729,661,183,'nice'),(9730,661,182,'nice'),(9731,661,181,'nice'),(9732,661,180,'nice'),(9733,661,179,'nice'),(9734,661,178,'nice'),(9735,661,177,'nice'),(9736,661,176,'nice'),(9737,661,175,'nice'),(9738,661,174,'nice'),(9739,661,173,'nice'),(9740,661,172,'nice'),(9741,661,171,'nice'),(9742,661,170,'nice'),(9743,661,169,'nice'),(9744,661,168,'nice'),(9745,661,167,'nice'),(9746,661,166,'nice'),(9747,661,165,'nice'),(9748,662,187,'nice'),(9749,662,186,'nice'),(9750,662,185,'nice'),(9751,662,184,'nice'),(9752,662,183,'nice'),(9753,662,182,'nice'),(9754,662,181,'nice'),(9755,662,180,'nice'),(9756,662,179,'nice'),(9757,662,178,'nice'),(9758,662,177,'nice'),(9759,662,176,'nice'),(9760,662,175,'nice'),(9761,662,174,'nice'),(9762,662,173,'nice'),(9763,662,172,'nice'),(9764,662,171,'nice'),(9765,662,170,'nice'),(9766,662,169,'nice'),(9767,662,168,'nice'),(9768,662,167,'nice'),(9769,662,166,'nice'),(9770,662,165,'nice'),(9771,663,187,'nice'),(9772,663,186,'nice'),(9773,663,185,'nice'),(9774,663,184,'nice'),(9775,663,183,'nice'),(9776,663,182,'nice'),(9777,663,181,'nice'),(9778,663,180,'nice'),(9779,663,179,'nice'),(9780,663,178,'nice'),(9781,663,177,'nice'),(9782,663,176,'nice'),(9783,663,175,'nice'),(9784,663,174,'nice'),(9785,663,173,'nice'),(9786,663,172,'nice'),(9787,663,171,'nice'),(9788,663,170,'nice'),(9789,663,169,'nice'),(9790,663,168,'nice'),(9791,663,167,'nice'),(9792,663,166,'nice'),(9793,663,165,'nice'),(9794,664,187,'nice'),(9795,664,186,'nice'),(9796,664,185,'nice'),(9797,664,184,'nice'),(9798,664,183,'nice'),(9799,664,182,'nice'),(9800,664,181,'nice'),(9801,664,180,'nice'),(9802,664,179,'nice'),(9803,664,178,'nice'),(9804,664,177,'nice'),(9805,664,176,'nice'),(9806,664,175,'nice'),(9807,664,174,'nice'),(9808,664,173,'nice'),(9809,664,172,'nice'),(9810,664,171,'nice'),(9811,664,170,'nice'),(9812,664,169,'nice'),(9813,664,168,'nice'),(9814,664,167,'nice'),(9815,664,166,'nice'),(9816,664,165,'nice'),(9817,665,187,'nice'),(9818,665,186,'nice'),(9819,665,185,'nice'),(9820,665,184,'nice'),(9821,665,183,'nice'),(9822,665,182,'nice'),(9823,665,181,'nice'),(9824,665,180,'nice'),(9825,665,179,'nice'),(9826,665,178,'nice'),(9827,665,177,'nice'),(9828,665,176,'nice'),(9829,665,175,'nice'),(9830,665,174,'nice'),(9831,665,173,'nice'),(9832,665,172,'nice'),(9833,665,171,'nice'),(9834,665,170,'nice'),(9835,665,169,'nice'),(9836,665,168,'nice'),(9837,665,167,'nice'),(9838,665,166,'nice'),(9839,665,165,'nice'),(9840,666,187,'nice'),(9841,666,186,'nice'),(9842,666,185,'nice'),(9843,666,184,'nice'),(9844,666,183,'nice'),(9845,666,182,'nice'),(9846,666,181,'nice'),(9847,666,180,'nice'),(9848,666,179,'nice'),(9849,666,178,'nice'),(9850,666,177,'nice'),(9851,666,176,'nice'),(9852,666,175,'nice'),(9853,666,174,'nice'),(9854,666,173,'nice'),(9855,666,172,'nice'),(9856,666,171,'nice'),(9857,666,170,'nice'),(9858,666,169,'nice'),(9859,666,168,'nice'),(9860,666,167,'nice'),(9861,666,166,'nice'),(9862,666,165,'nice'),(9863,667,187,'nice'),(9864,667,186,'nice'),(9865,667,185,'nice'),(9866,667,184,'nice'),(9867,667,183,'nice'),(9868,667,182,'nice'),(9869,667,181,'nice'),(9870,667,180,'nice'),(9871,667,179,'nice'),(9872,667,178,'nice'),(9873,667,177,'nice'),(9874,667,176,'nice'),(9875,667,175,'nice'),(9876,667,174,'nice'),(9877,667,173,'nice'),(9878,667,172,'nice'),(9879,667,171,'nice'),(9880,667,170,'nice'),(9881,667,169,'nice'),(9882,667,168,'nice'),(9883,667,167,'nice'),(9884,667,166,'nice'),(9885,667,165,'nice'),(9886,668,187,'nice'),(9887,668,186,'nice'),(9888,668,185,'nice'),(9889,668,184,'nice'),(9890,668,183,'nice'),(9891,668,182,'nice'),(9892,668,181,'nice'),(9893,668,180,'nice'),(9894,668,179,'nice'),(9895,668,178,'nice'),(9896,668,177,'nice'),(9897,668,176,'nice'),(9898,668,175,'nice'),(9899,668,174,'nice'),(9900,668,173,'nice'),(9901,668,172,'nice'),(9902,668,171,'nice'),(9903,668,170,'nice'),(9904,668,169,'nice'),(9905,668,168,'nice'),(9906,668,167,'nice'),(9907,668,166,'nice'),(9908,668,165,'nice'),(9909,669,187,'nice'),(9910,669,186,'nice'),(9911,669,185,'nice'),(9912,669,184,'nice'),(9913,669,183,'nice'),(9914,669,182,'nice'),(9915,669,181,'nice'),(9916,669,180,'nice'),(9917,669,179,'nice'),(9918,669,178,'nice'),(9919,669,177,'nice'),(9920,669,176,'nice'),(9921,669,175,'nice'),(9922,669,174,'nice'),(9923,669,173,'nice'),(9924,669,172,'nice'),(9925,669,171,'nice'),(9926,669,170,'nice'),(9927,669,169,'nice'),(9928,669,168,'nice'),(9929,669,167,'nice'),(9930,669,166,'nice'),(9931,669,165,'nice'),(9932,670,187,'nice'),(9933,670,186,'nice'),(9934,670,185,'nice'),(9935,670,184,'nice'),(9936,670,183,'nice'),(9937,670,182,'nice'),(9938,670,181,'nice'),(9939,670,180,'nice'),(9940,670,179,'nice'),(9941,670,178,'nice'),(9942,670,177,'nice'),(9943,670,176,'nice'),(9944,670,175,'nice'),(9945,670,174,'nice'),(9946,670,173,'nice'),(9947,670,172,'nice'),(9948,670,171,'nice'),(9949,670,170,'nice'),(9950,670,169,'nice'),(9951,670,168,'nice'),(9952,670,167,'nice'),(9953,670,166,'nice'),(9954,670,165,'nice'),(9955,671,187,'nice'),(9956,671,186,'nice'),(9957,671,185,'nice'),(9958,671,184,'nice'),(9959,671,183,'nice'),(9960,671,182,'nice'),(9961,671,181,'nice'),(9962,671,180,'nice'),(9963,671,179,'nice'),(9964,671,178,'nice'),(9965,671,177,'nice'),(9966,671,176,'nice'),(9967,671,175,'nice'),(9968,671,174,'nice'),(9969,671,173,'nice'),(9970,671,172,'nice'),(9971,671,171,'nice'),(9972,671,170,'nice'),(9973,671,169,'nice'),(9974,671,168,'nice'),(9975,671,167,'nice'),(9976,671,166,'nice'),(9977,671,165,'nice'),(9978,672,187,'nice'),(9979,672,186,'nice'),(9980,672,185,'nice'),(9981,672,184,'nice'),(9982,672,183,'nice'),(9983,672,182,'nice'),(9984,672,181,'nice'),(9985,672,180,'nice'),(9986,672,179,'nice'),(9987,672,178,'nice'),(9988,672,177,'nice'),(9989,672,176,'nice'),(9990,672,175,'nice'),(9991,672,174,'nice'),(9992,672,173,'nice'),(9993,672,172,'nice'),(9994,672,171,'nice'),(9995,672,170,'nice'),(9996,672,169,'nice'),(9997,672,168,'nice'),(9998,672,167,'nice'),(9999,672,166,'nice'),(10000,672,165,'nice'),(10001,673,187,'nice'),(10002,673,186,'nice'),(10003,673,185,'nice'),(10004,673,184,'nice'),(10005,673,183,'nice'),(10006,673,182,'nice'),(10007,673,181,'nice'),(10008,673,180,'nice'),(10009,673,179,'nice'),(10010,673,178,'nice'),(10011,673,177,'nice'),(10012,673,176,'nice'),(10013,673,175,'nice'),(10014,673,174,'nice'),(10015,673,173,'nice'),(10016,673,172,'nice'),(10017,673,171,'nice'),(10018,673,170,'nice'),(10019,673,169,'nice'),(10020,673,168,'nice'),(10021,673,167,'nice'),(10022,673,166,'nice'),(10023,673,165,'nice'),(10024,674,187,'nice'),(10025,674,186,'nice'),(10026,674,185,'nice'),(10027,674,184,'nice'),(10028,674,183,'nice'),(10029,674,182,'nice'),(10030,674,181,'nice'),(10031,674,180,'nice'),(10032,674,179,'nice'),(10033,674,178,'nice'),(10034,674,177,'nice'),(10035,674,176,'nice'),(10036,674,175,'nice'),(10037,674,174,'nice'),(10038,674,173,'nice'),(10039,674,172,'nice'),(10040,674,171,'nice'),(10041,674,170,'nice'),(10042,674,169,'nice'),(10043,674,168,'nice'),(10044,674,167,'nice'),(10045,674,166,'nice'),(10046,674,165,'nice'),(10047,675,187,'nice'),(10048,675,186,'nice'),(10049,675,185,'nice'),(10050,675,184,'nice'),(10051,675,183,'nice'),(10052,675,182,'nice'),(10053,675,181,'nice'),(10054,675,180,'nice'),(10055,675,179,'nice'),(10056,675,178,'nice'),(10057,675,177,'nice'),(10058,675,176,'nice'),(10059,675,175,'nice'),(10060,675,174,'nice'),(10061,675,173,'nice'),(10062,675,172,'nice'),(10063,675,171,'nice'),(10064,675,170,'nice'),(10065,675,169,'nice'),(10066,675,168,'nice'),(10067,675,167,'nice'),(10068,675,166,'nice'),(10069,675,165,'nice'),(10070,676,187,'nice'),(10071,676,186,'nice'),(10072,676,185,'nice'),(10073,676,184,'nice'),(10074,676,183,'nice'),(10075,676,182,'nice'),(10076,676,181,'nice'),(10077,676,180,'nice'),(10078,676,179,'nice'),(10079,676,178,'nice'),(10080,676,177,'nice'),(10081,676,176,'nice'),(10082,676,175,'nice'),(10083,676,174,'nice'),(10084,676,173,'nice'),(10085,676,172,'nice'),(10086,676,171,'nice'),(10087,676,170,'nice'),(10088,676,169,'nice'),(10089,676,168,'nice'),(10090,676,167,'nice'),(10091,676,166,'nice'),(10092,676,165,'nice'),(10093,677,187,'nice'),(10094,677,186,'nice'),(10095,677,185,'nice'),(10096,677,184,'nice'),(10097,677,183,'nice'),(10098,677,182,'nice'),(10099,677,181,'nice'),(10100,677,180,'nice'),(10101,677,179,'nice'),(10102,677,178,'nice'),(10103,677,177,'nice'),(10104,677,176,'nice'),(10105,677,175,'nice'),(10106,677,174,'nice'),(10107,677,173,'nice'),(10108,677,172,'nice'),(10109,677,171,'nice'),(10110,677,170,'nice'),(10111,677,169,'nice'),(10112,677,168,'nice'),(10113,677,167,'nice'),(10114,677,166,'nice'),(10115,677,165,'nice'),(10116,678,195,'nice'),(10117,678,194,'nice'),(10118,678,193,'nice'),(10119,678,192,'nice'),(10120,678,191,'nice'),(10121,678,190,'nice'),(10122,678,189,'nice'),(10123,678,188,'nice'),(10124,679,195,'nice'),(10125,679,194,'nice'),(10126,679,193,'nice'),(10127,679,192,'nice'),(10128,679,191,'nice'),(10129,679,190,'nice'),(10130,679,189,'nice'),(10131,679,188,'nice'),(10132,680,195,'nice'),(10133,680,194,'nice'),(10134,680,193,'nice'),(10135,680,192,'nice'),(10136,680,191,'nice'),(10137,680,190,'nice'),(10138,680,189,'nice'),(10139,680,188,'nice'),(10140,681,195,'nice'),(10141,681,194,'nice'),(10142,681,193,'nice'),(10143,681,192,'nice'),(10144,681,191,'nice'),(10145,681,190,'nice'),(10146,681,189,'nice'),(10147,681,188,'nice'),(10148,682,195,'nice'),(10149,682,194,'nice'),(10150,682,193,'nice'),(10151,682,192,'nice'),(10152,682,191,'nice'),(10153,682,190,'nice'),(10154,682,189,'nice'),(10155,682,188,'nice'),(10156,683,195,'nice'),(10157,683,194,'nice'),(10158,683,193,'nice'),(10159,683,192,'nice'),(10160,683,191,'nice'),(10161,683,190,'nice'),(10162,683,189,'nice'),(10163,683,188,'nice'),(10164,684,195,'nice'),(10165,684,194,'nice'),(10166,684,193,'nice'),(10167,684,192,'nice'),(10168,684,191,'nice'),(10169,684,190,'nice'),(10170,684,189,'nice'),(10171,684,188,'nice'),(10172,685,195,'nice'),(10173,685,194,'nice'),(10174,685,193,'nice'),(10175,685,192,'nice'),(10176,685,191,'nice'),(10177,685,190,'nice'),(10178,685,189,'nice'),(10179,685,188,'nice'),(10180,686,195,'nice'),(10181,686,194,'nice'),(10182,686,193,'nice'),(10183,686,192,'nice'),(10184,686,191,'nice'),(10185,686,190,'nice'),(10186,686,189,'nice'),(10187,686,188,'nice'),(10188,687,195,'nice'),(10189,687,194,'nice'),(10190,687,193,'nice'),(10191,687,192,'nice'),(10192,687,191,'nice'),(10193,687,190,'nice'),(10194,687,189,'nice'),(10195,687,188,'nice'),(10196,688,195,'nice'),(10197,688,194,'nice'),(10198,688,193,'nice'),(10199,688,192,'nice'),(10200,688,191,'nice'),(10201,688,190,'nice'),(10202,688,189,'nice'),(10203,688,188,'nice'),(10204,689,195,'nice'),(10205,689,194,'nice'),(10206,689,193,'nice'),(10207,689,192,'nice'),(10208,689,191,'nice'),(10209,689,190,'nice'),(10210,689,189,'nice'),(10211,689,188,'nice'),(10212,690,195,'nice'),(10213,690,194,'nice'),(10214,690,193,'nice'),(10215,690,192,'nice'),(10216,690,191,'nice'),(10217,690,190,'nice'),(10218,690,189,'nice'),(10219,690,188,'nice'),(10220,691,195,'nice'),(10221,691,194,'nice'),(10222,691,193,'nice'),(10223,691,192,'nice'),(10224,691,191,'nice'),(10225,691,190,'nice'),(10226,691,189,'nice'),(10227,691,188,'nice'),(10228,692,195,'nice'),(10229,692,194,'nice'),(10230,692,193,'nice'),(10231,692,192,'nice'),(10232,692,191,'nice'),(10233,692,190,'nice'),(10234,692,189,'nice'),(10235,692,188,'nice'),(10236,693,195,'nice'),(10237,693,194,'nice'),(10238,693,193,'nice'),(10239,693,192,'nice'),(10240,693,191,'nice'),(10241,693,190,'nice'),(10242,693,189,'nice'),(10243,693,188,'nice'),(10244,694,195,'nice'),(10245,694,194,'nice'),(10246,694,193,'nice'),(10247,694,192,'nice'),(10248,694,191,'nice'),(10249,694,190,'nice'),(10250,694,189,'nice'),(10251,694,188,'nice'),(10252,695,195,'nice'),(10253,695,194,'nice'),(10254,695,193,'nice'),(10255,695,192,'nice'),(10256,695,191,'nice'),(10257,695,190,'nice'),(10258,695,189,'nice'),(10259,695,188,'nice'),(10260,696,195,'nice'),(10261,696,194,'nice'),(10262,696,193,'nice'),(10263,696,192,'nice'),(10264,696,191,'nice'),(10265,696,190,'nice'),(10266,696,189,'nice'),(10267,696,188,'nice'),(10268,697,195,'nice'),(10269,697,194,'nice'),(10270,697,193,'nice'),(10271,697,192,'nice'),(10272,697,191,'nice'),(10273,697,190,'nice'),(10274,697,189,'nice'),(10275,697,188,'nice'),(10276,698,195,'nice'),(10277,698,194,'nice'),(10278,698,193,'nice'),(10279,698,192,'nice'),(10280,698,191,'nice'),(10281,698,190,'nice'),(10282,698,189,'nice'),(10283,698,188,'nice'),(10284,699,195,'nice'),(10285,699,194,'nice'),(10286,699,193,'nice'),(10287,699,192,'nice'),(10288,699,191,'nice'),(10289,699,190,'nice'),(10290,699,189,'nice'),(10291,699,188,'nice'),(10292,700,195,'nice'),(10293,700,194,'nice'),(10294,700,193,'nice'),(10295,700,192,'nice'),(10296,700,191,'nice'),(10297,700,190,'nice'),(10298,700,189,'nice'),(10299,700,188,'nice'),(10300,701,195,'nice'),(10301,701,194,'nice'),(10302,701,193,'nice'),(10303,701,192,'nice'),(10304,701,191,'nice'),(10305,701,190,'nice'),(10306,701,189,'nice'),(10307,701,188,'nice'),(10308,702,195,'nice'),(10309,702,194,'nice'),(10310,702,193,'nice'),(10311,702,192,'nice'),(10312,702,191,'nice'),(10313,702,190,'nice'),(10314,702,189,'nice'),(10315,702,188,'nice'),(10316,703,195,'nice'),(10317,703,194,'nice'),(10318,703,193,'nice'),(10319,703,192,'nice'),(10320,703,191,'nice'),(10321,703,190,'nice'),(10322,703,189,'nice'),(10323,703,188,'nice'),(10324,704,195,'nice'),(10325,704,194,'nice'),(10326,704,193,'nice'),(10327,704,192,'nice'),(10328,704,191,'nice'),(10329,704,190,'nice'),(10330,704,189,'nice'),(10331,704,188,'nice'),(10332,705,195,'nice'),(10333,705,194,'nice'),(10334,705,193,'nice'),(10335,705,192,'nice'),(10336,705,191,'nice'),(10337,705,190,'nice'),(10338,705,189,'nice'),(10339,705,188,'nice'),(10340,706,195,'nice'),(10341,706,194,'nice'),(10342,706,193,'nice'),(10343,706,192,'nice'),(10344,706,191,'nice'),(10345,706,190,'nice'),(10346,706,189,'nice'),(10347,706,188,'nice'),(10348,707,195,'nice'),(10349,707,194,'nice'),(10350,707,193,'nice'),(10351,707,192,'nice'),(10352,707,191,'nice'),(10353,707,190,'nice'),(10354,707,189,'nice'),(10355,707,188,'nice'),(10356,708,195,'nice'),(10357,708,194,'nice'),(10358,708,193,'nice'),(10359,708,192,'nice'),(10360,708,191,'nice'),(10361,708,190,'nice'),(10362,708,189,'nice'),(10363,708,188,'nice'),(10364,709,195,'nice'),(10365,709,194,'nice'),(10366,709,193,'nice'),(10367,709,192,'nice'),(10368,709,191,'nice'),(10369,709,190,'nice'),(10370,709,189,'nice'),(10371,709,188,'nice'),(10372,710,195,'nice'),(10373,710,194,'nice'),(10374,710,193,'nice'),(10375,710,192,'nice'),(10376,710,191,'nice'),(10377,710,190,'nice'),(10378,710,189,'nice'),(10379,710,188,'nice'),(10380,711,195,'nice'),(10381,711,194,'nice'),(10382,711,193,'nice'),(10383,711,192,'nice'),(10384,711,191,'nice'),(10385,711,190,'nice'),(10386,711,189,'nice'),(10387,711,188,'nice'),(10388,712,195,'nice'),(10389,712,194,'nice'),(10390,712,193,'nice'),(10391,712,192,'nice'),(10392,712,191,'nice'),(10393,712,190,'nice'),(10394,712,189,'nice'),(10395,712,188,'nice'),(10396,713,195,'nice'),(10397,713,194,'nice'),(10398,713,193,'nice'),(10399,713,192,'nice'),(10400,713,191,'nice'),(10401,713,190,'nice'),(10402,713,189,'nice'),(10403,713,188,'nice'),(10404,714,195,'nice'),(10405,714,194,'nice'),(10406,714,193,'nice'),(10407,714,192,'nice'),(10408,714,191,'nice'),(10409,714,190,'nice'),(10410,714,189,'nice'),(10411,714,188,'nice'),(10412,715,195,'nice'),(10413,715,194,'nice'),(10414,715,193,'nice'),(10415,715,192,'nice'),(10416,715,191,'nice'),(10417,715,190,'nice'),(10418,715,189,'nice'),(10419,715,188,'nice'),(10420,716,195,'nice'),(10421,716,194,'nice'),(10422,716,193,'nice'),(10423,716,192,'nice'),(10424,716,191,'nice'),(10425,716,190,'nice'),(10426,716,189,'nice'),(10427,716,188,'nice'),(10428,717,195,'nice'),(10429,717,194,'nice'),(10430,717,193,'nice'),(10431,717,192,'nice'),(10432,717,191,'nice'),(10433,717,190,'nice'),(10434,717,189,'nice'),(10435,717,188,'nice'),(10436,718,195,'nice'),(10437,718,194,'nice'),(10438,718,193,'nice'),(10439,718,192,'nice'),(10440,718,191,'nice'),(10441,718,190,'nice'),(10442,718,189,'nice'),(10443,718,188,'nice'),(10444,719,195,'nice'),(10445,719,194,'nice'),(10446,719,193,'nice'),(10447,719,192,'nice'),(10448,719,191,'nice'),(10449,719,190,'nice'),(10450,719,189,'nice'),(10451,719,188,'nice'),(10452,720,195,'nice'),(10453,720,194,'nice'),(10454,720,193,'nice'),(10455,720,192,'nice'),(10456,720,191,'nice'),(10457,720,190,'nice'),(10458,720,189,'nice'),(10459,720,188,'nice'),(10460,721,195,'nice'),(10461,721,194,'nice'),(10462,721,193,'nice'),(10463,721,192,'nice'),(10464,721,191,'nice'),(10465,721,190,'nice'),(10466,721,189,'nice'),(10467,721,188,'nice'),(10468,722,195,'nice'),(10469,722,194,'nice'),(10470,722,193,'nice'),(10471,722,192,'nice'),(10472,722,191,'nice'),(10473,722,190,'nice'),(10474,722,189,'nice'),(10475,722,188,'nice'),(10476,723,195,'nice'),(10477,723,194,'nice'),(10478,723,193,'nice'),(10479,723,192,'nice'),(10480,723,191,'nice'),(10481,723,190,'nice'),(10482,723,189,'nice'),(10483,723,188,'nice'),(10484,724,195,'nice'),(10485,724,194,'nice'),(10486,724,193,'nice'),(10487,724,192,'nice'),(10488,724,191,'nice'),(10489,724,190,'nice'),(10490,724,189,'nice'),(10491,724,188,'nice'),(10492,725,195,'nice'),(10493,725,194,'nice'),(10494,725,193,'nice'),(10495,725,192,'nice'),(10496,725,191,'nice'),(10497,725,190,'nice'),(10498,725,189,'nice'),(10499,725,188,'nice'),(10500,726,195,'nice'),(10501,726,194,'nice'),(10502,726,193,'nice'),(10503,726,192,'nice'),(10504,726,191,'nice'),(10505,726,190,'nice'),(10506,726,189,'nice'),(10507,726,188,'nice'),(10508,727,195,'nice'),(10509,727,194,'nice'),(10510,727,193,'nice'),(10511,727,192,'nice'),(10512,727,191,'nice'),(10513,727,190,'nice'),(10514,727,189,'nice'),(10515,727,188,'nice'),(10516,728,195,'nice'),(10517,728,194,'nice'),(10518,728,193,'nice'),(10519,728,192,'nice'),(10520,728,191,'nice'),(10521,728,190,'nice'),(10522,728,189,'nice'),(10523,728,188,'nice'),(10524,729,195,'nice'),(10525,729,194,'nice'),(10526,729,193,'nice'),(10527,729,192,'nice'),(10528,729,191,'nice'),(10529,729,190,'nice'),(10530,729,189,'nice'),(10531,729,188,'nice'),(10532,730,195,'nice'),(10533,730,194,'nice'),(10534,730,193,'nice'),(10535,730,192,'nice'),(10536,730,191,'nice'),(10537,730,190,'nice'),(10538,730,189,'nice'),(10539,730,188,'nice'),(10540,731,195,'nice'),(10541,731,194,'nice'),(10542,731,193,'nice'),(10543,731,192,'nice'),(10544,731,191,'nice'),(10545,731,190,'nice'),(10546,731,189,'nice'),(10547,731,188,'nice'),(10548,732,195,'nice'),(10549,732,194,'nice'),(10550,732,193,'nice'),(10551,732,192,'nice'),(10552,732,191,'nice'),(10553,732,190,'nice'),(10554,732,189,'nice'),(10555,732,188,'nice'),(10556,733,195,'nice'),(10557,733,194,'nice'),(10558,733,193,'nice'),(10559,733,192,'nice'),(10560,733,191,'nice'),(10561,733,190,'nice'),(10562,733,189,'nice'),(10563,733,188,'nice'),(10564,734,220,'nice'),(10565,734,219,'nice'),(10566,734,218,'nice'),(10567,734,217,'nice'),(10568,734,216,'nice'),(10569,734,215,'nice'),(10570,734,214,'nice'),(10571,734,213,'nice'),(10572,734,212,'nice'),(10573,734,211,'nice'),(10574,734,210,'nice'),(10575,734,209,'nice'),(10576,734,208,'nice'),(10577,734,207,'nice'),(10578,734,206,'nice'),(10579,734,205,'nice'),(10580,734,204,'nice'),(10581,734,203,'nice'),(10582,734,202,'nice'),(10583,734,201,'nice'),(10584,734,200,'nice'),(10585,734,199,'nice'),(10586,734,198,'nice'),(10587,734,197,'nice'),(10588,734,196,'nice'),(10589,735,220,'nice'),(10590,735,219,'nice'),(10591,735,218,'nice'),(10592,735,217,'nice'),(10593,735,216,'nice'),(10594,735,215,'nice'),(10595,735,214,'nice'),(10596,735,213,'nice'),(10597,735,212,'nice'),(10598,735,211,'nice'),(10599,735,210,'nice'),(10600,735,209,'nice'),(10601,735,208,'nice'),(10602,735,207,'nice'),(10603,735,206,'nice'),(10604,735,205,'nice'),(10605,735,204,'nice'),(10606,735,203,'nice'),(10607,735,202,'nice'),(10608,735,201,'nice'),(10609,735,200,'nice'),(10610,735,199,'nice'),(10611,735,198,'nice'),(10612,735,197,'nice'),(10613,735,196,'nice'),(10614,736,220,'nice'),(10615,736,219,'nice'),(10616,736,218,'nice'),(10617,736,217,'nice'),(10618,736,216,'nice'),(10619,736,215,'nice'),(10620,736,214,'nice'),(10621,736,213,'nice'),(10622,736,212,'nice'),(10623,736,211,'nice'),(10624,736,210,'nice'),(10625,736,209,'nice'),(10626,736,208,'nice'),(10627,736,207,'nice'),(10628,736,206,'nice'),(10629,736,205,'nice'),(10630,736,204,'nice'),(10631,736,203,'nice'),(10632,736,202,'nice'),(10633,736,201,'nice'),(10634,736,200,'nice'),(10635,736,199,'nice'),(10636,736,198,'nice'),(10637,736,197,'nice'),(10638,736,196,'nice'),(10639,737,220,'nice'),(10640,737,219,'nice'),(10641,737,218,'nice'),(10642,737,217,'nice'),(10643,737,216,'nice'),(10644,737,215,'nice'),(10645,737,214,'nice'),(10646,737,213,'nice'),(10647,737,212,'nice'),(10648,737,211,'nice'),(10649,737,210,'nice'),(10650,737,209,'nice'),(10651,737,208,'nice'),(10652,737,207,'nice'),(10653,737,206,'nice'),(10654,737,205,'nice'),(10655,737,204,'nice'),(10656,737,203,'nice'),(10657,737,202,'nice'),(10658,737,201,'nice'),(10659,737,200,'nice'),(10660,737,199,'nice'),(10661,737,198,'nice'),(10662,737,197,'nice'),(10663,737,196,'nice'),(10664,738,220,'nice'),(10665,738,219,'nice'),(10666,738,218,'nice'),(10667,738,217,'nice'),(10668,738,216,'nice'),(10669,738,215,'nice'),(10670,738,214,'nice'),(10671,738,213,'nice'),(10672,738,212,'nice'),(10673,738,211,'nice'),(10674,738,210,'nice'),(10675,738,209,'nice'),(10676,738,208,'nice'),(10677,738,207,'nice'),(10678,738,206,'nice'),(10679,738,205,'nice'),(10680,738,204,'nice'),(10681,738,203,'nice'),(10682,738,202,'nice'),(10683,738,201,'nice'),(10684,738,200,'nice'),(10685,738,199,'nice'),(10686,738,198,'nice'),(10687,738,197,'nice'),(10688,738,196,'nice'),(10689,739,220,'nice'),(10690,739,219,'nice'),(10691,739,218,'nice'),(10692,739,217,'nice'),(10693,739,216,'nice'),(10694,739,215,'nice'),(10695,739,214,'nice'),(10696,739,213,'nice'),(10697,739,212,'nice'),(10698,739,211,'nice'),(10699,739,210,'nice'),(10700,739,209,'nice'),(10701,739,208,'nice'),(10702,739,207,'nice'),(10703,739,206,'nice'),(10704,739,205,'nice'),(10705,739,204,'nice'),(10706,739,203,'nice'),(10707,739,202,'nice'),(10708,739,201,'nice'),(10709,739,200,'nice'),(10710,739,199,'nice'),(10711,739,198,'nice'),(10712,739,197,'nice'),(10713,739,196,'nice'),(10714,740,220,'nice'),(10715,740,219,'nice'),(10716,740,218,'nice'),(10717,740,217,'nice'),(10718,740,216,'nice'),(10719,740,215,'nice'),(10720,740,214,'nice'),(10721,740,213,'nice'),(10722,740,212,'nice'),(10723,740,211,'nice'),(10724,740,210,'nice'),(10725,740,209,'nice'),(10726,740,208,'nice'),(10727,740,207,'nice'),(10728,740,206,'nice'),(10729,740,205,'nice'),(10730,740,204,'nice'),(10731,740,203,'nice'),(10732,740,202,'nice'),(10733,740,201,'nice'),(10734,740,200,'nice'),(10735,740,199,'nice'),(10736,740,198,'nice'),(10737,740,197,'nice'),(10738,740,196,'nice'),(10739,741,220,'nice'),(10740,741,219,'nice'),(10741,741,218,'nice'),(10742,741,217,'nice'),(10743,741,216,'nice'),(10744,741,215,'nice'),(10745,741,214,'nice'),(10746,741,213,'nice'),(10747,741,212,'nice'),(10748,741,211,'nice'),(10749,741,210,'nice'),(10750,741,209,'nice'),(10751,741,208,'nice'),(10752,741,207,'nice'),(10753,741,206,'nice'),(10754,741,205,'nice'),(10755,741,204,'nice'),(10756,741,203,'nice'),(10757,741,202,'nice'),(10758,741,201,'nice'),(10759,741,200,'nice'),(10760,741,199,'nice'),(10761,741,198,'nice'),(10762,741,197,'nice'),(10763,741,196,'nice'),(10764,742,220,'nice'),(10765,742,219,'nice'),(10766,742,218,'nice'),(10767,742,217,'nice'),(10768,742,216,'nice'),(10769,742,215,'nice'),(10770,742,214,'nice'),(10771,742,213,'nice'),(10772,742,212,'nice'),(10773,742,211,'nice'),(10774,742,210,'nice'),(10775,742,209,'nice'),(10776,742,208,'nice'),(10777,742,207,'nice'),(10778,742,206,'nice'),(10779,742,205,'nice'),(10780,742,204,'nice'),(10781,742,203,'nice'),(10782,742,202,'nice'),(10783,742,201,'nice'),(10784,742,200,'nice'),(10785,742,199,'nice'),(10786,742,198,'nice'),(10787,742,197,'nice'),(10788,742,196,'nice'),(10789,743,220,'nice'),(10790,743,219,'nice'),(10791,743,218,'nice'),(10792,743,217,'nice'),(10793,743,216,'nice'),(10794,743,215,'nice'),(10795,743,214,'nice'),(10796,743,213,'nice'),(10797,743,212,'nice'),(10798,743,211,'nice'),(10799,743,210,'nice'),(10800,743,209,'nice'),(10801,743,208,'nice'),(10802,743,207,'nice'),(10803,743,206,'nice'),(10804,743,205,'nice'),(10805,743,204,'nice'),(10806,743,203,'nice'),(10807,743,202,'nice'),(10808,743,201,'nice'),(10809,743,200,'nice'),(10810,743,199,'nice'),(10811,743,198,'nice'),(10812,743,197,'nice'),(10813,743,196,'nice'),(10814,744,220,'nice'),(10815,744,219,'nice'),(10816,744,218,'nice'),(10817,744,217,'nice'),(10818,744,216,'nice'),(10819,744,215,'nice'),(10820,744,214,'nice'),(10821,744,213,'nice'),(10822,744,212,'nice'),(10823,744,211,'nice'),(10824,744,210,'nice'),(10825,744,209,'nice'),(10826,744,208,'nice'),(10827,744,207,'nice'),(10828,744,206,'nice'),(10829,744,205,'nice'),(10830,744,204,'nice'),(10831,744,203,'nice'),(10832,744,202,'nice'),(10833,744,201,'nice'),(10834,744,200,'nice'),(10835,744,199,'nice'),(10836,744,198,'nice'),(10837,744,197,'nice'),(10838,744,196,'nice'),(10839,745,220,'nice'),(10840,745,219,'nice'),(10841,745,218,'nice'),(10842,745,217,'nice'),(10843,745,216,'nice'),(10844,745,215,'nice'),(10845,745,214,'nice'),(10846,745,213,'nice'),(10847,745,212,'nice'),(10848,745,211,'nice'),(10849,745,210,'nice'),(10850,745,209,'nice'),(10851,745,208,'nice'),(10852,745,207,'nice'),(10853,745,206,'nice'),(10854,745,205,'nice'),(10855,745,204,'nice'),(10856,745,203,'nice'),(10857,745,202,'nice'),(10858,745,201,'nice'),(10859,745,200,'nice'),(10860,745,199,'nice'),(10861,745,198,'nice'),(10862,745,197,'nice'),(10863,745,196,'nice'),(10864,746,220,'nice'),(10865,746,219,'nice'),(10866,746,218,'nice'),(10867,746,217,'nice'),(10868,746,216,'nice'),(10869,746,215,'nice'),(10870,746,214,'nice'),(10871,746,213,'nice'),(10872,746,212,'nice'),(10873,746,211,'nice'),(10874,746,210,'nice'),(10875,746,209,'nice'),(10876,746,208,'nice'),(10877,746,207,'nice'),(10878,746,206,'nice'),(10879,746,205,'nice'),(10880,746,204,'nice'),(10881,746,203,'nice'),(10882,746,202,'nice'),(10883,746,201,'nice'),(10884,746,200,'nice'),(10885,746,199,'nice'),(10886,746,198,'nice'),(10887,746,197,'nice'),(10888,746,196,'nice'),(10889,747,220,'nice'),(10890,747,219,'nice'),(10891,747,218,'nice'),(10892,747,217,'nice'),(10893,747,216,'nice'),(10894,747,215,'nice'),(10895,747,214,'nice'),(10896,747,213,'nice'),(10897,747,212,'nice'),(10898,747,211,'nice'),(10899,747,210,'nice'),(10900,747,209,'nice'),(10901,747,208,'nice'),(10902,747,207,'nice'),(10903,747,206,'nice'),(10904,747,205,'nice'),(10905,747,204,'nice'),(10906,747,203,'nice'),(10907,747,202,'nice'),(10908,747,201,'nice'),(10909,747,200,'nice'),(10910,747,199,'nice'),(10911,747,198,'nice'),(10912,747,197,'nice'),(10913,747,196,'nice'),(10914,748,220,'nice'),(10915,748,219,'nice'),(10916,748,218,'nice'),(10917,748,217,'nice'),(10918,748,216,'nice'),(10919,748,215,'nice'),(10920,748,214,'nice'),(10921,748,213,'nice'),(10922,748,212,'nice'),(10923,748,211,'nice'),(10924,748,210,'nice'),(10925,748,209,'nice'),(10926,748,208,'nice'),(10927,748,207,'nice'),(10928,748,206,'nice'),(10929,748,205,'nice'),(10930,748,204,'nice'),(10931,748,203,'nice'),(10932,748,202,'nice'),(10933,748,201,'nice'),(10934,748,200,'nice'),(10935,748,199,'nice'),(10936,748,198,'nice'),(10937,748,197,'nice'),(10938,748,196,'nice'),(10939,749,220,'nice'),(10940,749,219,'nice'),(10941,749,218,'nice'),(10942,749,217,'nice'),(10943,749,216,'nice'),(10944,749,215,'nice'),(10945,749,214,'nice'),(10946,749,213,'nice'),(10947,749,212,'nice'),(10948,749,211,'nice'),(10949,749,210,'nice'),(10950,749,209,'nice'),(10951,749,208,'nice'),(10952,749,207,'nice'),(10953,749,206,'nice'),(10954,749,205,'nice'),(10955,749,204,'nice'),(10956,749,203,'nice'),(10957,749,202,'nice'),(10958,749,201,'nice'),(10959,749,200,'nice'),(10960,749,199,'nice'),(10961,749,198,'nice'),(10962,749,197,'nice'),(10963,749,196,'nice'),(10964,750,220,'nice'),(10965,750,219,'nice'),(10966,750,218,'nice'),(10967,750,217,'nice'),(10968,750,216,'nice'),(10969,750,215,'nice'),(10970,750,214,'nice'),(10971,750,213,'nice'),(10972,750,212,'nice'),(10973,750,211,'nice'),(10974,750,210,'nice'),(10975,750,209,'nice'),(10976,750,208,'nice'),(10977,750,207,'nice'),(10978,750,206,'nice'),(10979,750,205,'nice'),(10980,750,204,'nice'),(10981,750,203,'nice'),(10982,750,202,'nice'),(10983,750,201,'nice'),(10984,750,200,'nice'),(10985,750,199,'nice'),(10986,750,198,'nice'),(10987,750,197,'nice'),(10988,750,196,'nice'),(10989,751,220,'nice'),(10990,751,219,'nice'),(10991,751,218,'nice'),(10992,751,217,'nice'),(10993,751,216,'nice'),(10994,751,215,'nice'),(10995,751,214,'nice'),(10996,751,213,'nice'),(10997,751,212,'nice'),(10998,751,211,'nice'),(10999,751,210,'nice'),(11000,751,209,'nice'),(11001,751,208,'nice'),(11002,751,207,'nice'),(11003,751,206,'nice'),(11004,751,205,'nice'),(11005,751,204,'nice'),(11006,751,203,'nice'),(11007,751,202,'nice'),(11008,751,201,'nice'),(11009,751,200,'nice'),(11010,751,199,'nice'),(11011,751,198,'nice'),(11012,751,197,'nice'),(11013,751,196,'nice'),(11014,752,220,'nice'),(11015,752,219,'nice'),(11016,752,218,'nice'),(11017,752,217,'nice'),(11018,752,216,'nice'),(11019,752,215,'nice'),(11020,752,214,'nice'),(11021,752,213,'nice'),(11022,752,212,'nice'),(11023,752,211,'nice'),(11024,752,210,'nice'),(11025,752,209,'nice'),(11026,752,208,'nice'),(11027,752,207,'nice'),(11028,752,206,'nice'),(11029,752,205,'nice'),(11030,752,204,'nice'),(11031,752,203,'nice'),(11032,752,202,'nice'),(11033,752,201,'nice'),(11034,752,200,'nice'),(11035,752,199,'nice'),(11036,752,198,'nice'),(11037,752,197,'nice'),(11038,752,196,'nice'),(11039,753,220,'nice'),(11040,753,219,'nice'),(11041,753,218,'nice'),(11042,753,217,'nice'),(11043,753,216,'nice'),(11044,753,215,'nice'),(11045,753,214,'nice'),(11046,753,213,'nice'),(11047,753,212,'nice'),(11048,753,211,'nice'),(11049,753,210,'nice'),(11050,753,209,'nice'),(11051,753,208,'nice'),(11052,753,207,'nice'),(11053,753,206,'nice'),(11054,753,205,'nice'),(11055,753,204,'nice'),(11056,753,203,'nice'),(11057,753,202,'nice'),(11058,753,201,'nice'),(11059,753,200,'nice'),(11060,753,199,'nice'),(11061,753,198,'nice'),(11062,753,197,'nice'),(11063,753,196,'nice'),(11064,754,220,'nice'),(11065,754,219,'nice'),(11066,754,218,'nice'),(11067,754,217,'nice'),(11068,754,216,'nice'),(11069,754,215,'nice'),(11070,754,214,'nice'),(11071,754,213,'nice'),(11072,754,212,'nice'),(11073,754,211,'nice'),(11074,754,210,'nice'),(11075,754,209,'nice'),(11076,754,208,'nice'),(11077,754,207,'nice'),(11078,754,206,'nice'),(11079,754,205,'nice'),(11080,754,204,'nice'),(11081,754,203,'nice'),(11082,754,202,'nice'),(11083,754,201,'nice'),(11084,754,200,'nice'),(11085,754,199,'nice'),(11086,754,198,'nice'),(11087,754,197,'nice'),(11088,754,196,'nice'),(11089,755,220,'nice'),(11090,755,219,'nice'),(11091,755,218,'nice'),(11092,755,217,'nice'),(11093,755,216,'nice'),(11094,755,215,'nice'),(11095,755,214,'nice'),(11096,755,213,'nice'),(11097,755,212,'nice'),(11098,755,211,'nice'),(11099,755,210,'nice'),(11100,755,209,'nice'),(11101,755,208,'nice'),(11102,755,207,'nice'),(11103,755,206,'nice'),(11104,755,205,'nice'),(11105,755,204,'nice'),(11106,755,203,'nice'),(11107,755,202,'nice'),(11108,755,201,'nice'),(11109,755,200,'nice'),(11110,755,199,'nice'),(11111,755,198,'nice'),(11112,755,197,'nice'),(11113,755,196,'nice'),(11114,756,220,'nice'),(11115,756,219,'nice'),(11116,756,218,'nice'),(11117,756,217,'nice'),(11118,756,216,'nice'),(11119,756,215,'nice'),(11120,756,214,'nice'),(11121,756,213,'nice'),(11122,756,212,'nice'),(11123,756,211,'nice'),(11124,756,210,'nice'),(11125,756,209,'nice'),(11126,756,208,'nice'),(11127,756,207,'nice'),(11128,756,206,'nice'),(11129,756,205,'nice'),(11130,756,204,'nice'),(11131,756,203,'nice'),(11132,756,202,'nice'),(11133,756,201,'nice'),(11134,756,200,'nice'),(11135,756,199,'nice'),(11136,756,198,'nice'),(11137,756,197,'nice'),(11138,756,196,'nice'),(11139,757,220,'nice'),(11140,757,219,'nice'),(11141,757,218,'nice'),(11142,757,217,'nice'),(11143,757,216,'nice'),(11144,757,215,'nice'),(11145,757,214,'nice'),(11146,757,213,'nice'),(11147,757,212,'nice'),(11148,757,211,'nice'),(11149,757,210,'nice'),(11150,757,209,'nice'),(11151,757,208,'nice'),(11152,757,207,'nice'),(11153,757,206,'nice'),(11154,757,205,'nice'),(11155,757,204,'nice'),(11156,757,203,'nice'),(11157,757,202,'nice'),(11158,757,201,'nice'),(11159,757,200,'nice'),(11160,757,199,'nice'),(11161,757,198,'nice'),(11162,757,197,'nice'),(11163,757,196,'nice'),(11164,758,220,'nice'),(11165,758,219,'nice'),(11166,758,218,'nice'),(11167,758,217,'nice'),(11168,758,216,'nice'),(11169,758,215,'nice'),(11170,758,214,'nice'),(11171,758,213,'nice'),(11172,758,212,'nice'),(11173,758,211,'nice'),(11174,758,210,'nice'),(11175,758,209,'nice'),(11176,758,208,'nice'),(11177,758,207,'nice'),(11178,758,206,'nice'),(11179,758,205,'nice'),(11180,758,204,'nice'),(11181,758,203,'nice'),(11182,758,202,'nice'),(11183,758,201,'nice'),(11184,758,200,'nice'),(11185,758,199,'nice'),(11186,758,198,'nice'),(11187,758,197,'nice'),(11188,758,196,'nice'),(11189,759,220,'nice'),(11190,759,219,'nice'),(11191,759,218,'nice'),(11192,759,217,'nice'),(11193,759,216,'nice'),(11194,759,215,'nice'),(11195,759,214,'nice'),(11196,759,213,'nice'),(11197,759,212,'nice'),(11198,759,211,'nice'),(11199,759,210,'nice'),(11200,759,209,'nice'),(11201,759,208,'nice'),(11202,759,207,'nice'),(11203,759,206,'nice'),(11204,759,205,'nice'),(11205,759,204,'nice'),(11206,759,203,'nice'),(11207,759,202,'nice'),(11208,759,201,'nice'),(11209,759,200,'nice'),(11210,759,199,'nice'),(11211,759,198,'nice'),(11212,759,197,'nice'),(11213,759,196,'nice'),(11214,760,220,'nice'),(11215,760,219,'nice'),(11216,760,218,'nice'),(11217,760,217,'nice'),(11218,760,216,'nice'),(11219,760,215,'nice'),(11220,760,214,'nice'),(11221,760,213,'nice'),(11222,760,212,'nice'),(11223,760,211,'nice'),(11224,760,210,'nice'),(11225,760,209,'nice'),(11226,760,208,'nice'),(11227,760,207,'nice'),(11228,760,206,'nice'),(11229,760,205,'nice'),(11230,760,204,'nice'),(11231,760,203,'nice'),(11232,760,202,'nice'),(11233,760,201,'nice'),(11234,760,200,'nice'),(11235,760,199,'nice'),(11236,760,198,'nice'),(11237,760,197,'nice'),(11238,760,196,'nice'),(11239,761,220,'nice'),(11240,761,219,'nice'),(11241,761,218,'nice'),(11242,761,217,'nice'),(11243,761,216,'nice'),(11244,761,215,'nice'),(11245,761,214,'nice'),(11246,761,213,'nice'),(11247,761,212,'nice'),(11248,761,211,'nice'),(11249,761,210,'nice'),(11250,761,209,'nice'),(11251,761,208,'nice'),(11252,761,207,'nice'),(11253,761,206,'nice'),(11254,761,205,'nice'),(11255,761,204,'nice'),(11256,761,203,'nice'),(11257,761,202,'nice'),(11258,761,201,'nice'),(11259,761,200,'nice'),(11260,761,199,'nice'),(11261,761,198,'nice'),(11262,761,197,'nice'),(11263,761,196,'nice'),(11264,762,220,'nice'),(11265,762,219,'nice'),(11266,762,218,'nice'),(11267,762,217,'nice'),(11268,762,216,'nice'),(11269,762,215,'nice'),(11270,762,214,'nice'),(11271,762,213,'nice'),(11272,762,212,'nice'),(11273,762,211,'nice'),(11274,762,210,'nice'),(11275,762,209,'nice'),(11276,762,208,'nice'),(11277,762,207,'nice'),(11278,762,206,'nice'),(11279,762,205,'nice'),(11280,762,204,'nice'),(11281,762,203,'nice'),(11282,762,202,'nice'),(11283,762,201,'nice'),(11284,762,200,'nice'),(11285,762,199,'nice'),(11286,762,198,'nice'),(11287,762,197,'nice'),(11288,762,196,'nice'),(11289,763,220,'nice'),(11290,763,219,'nice'),(11291,763,218,'nice'),(11292,763,217,'nice'),(11293,763,216,'nice'),(11294,763,215,'nice'),(11295,763,214,'nice'),(11296,763,213,'nice'),(11297,763,212,'nice'),(11298,763,211,'nice'),(11299,763,210,'nice'),(11300,763,209,'nice'),(11301,763,208,'nice'),(11302,763,207,'nice'),(11303,763,206,'nice'),(11304,763,205,'nice'),(11305,763,204,'nice'),(11306,763,203,'nice'),(11307,763,202,'nice'),(11308,763,201,'nice'),(11309,763,200,'nice'),(11310,763,199,'nice'),(11311,763,198,'nice'),(11312,763,197,'nice'),(11313,763,196,'nice'),(11314,764,220,'nice'),(11315,764,219,'nice'),(11316,764,218,'nice'),(11317,764,217,'nice'),(11318,764,216,'nice'),(11319,764,215,'nice'),(11320,764,214,'nice'),(11321,764,213,'nice'),(11322,764,212,'nice'),(11323,764,211,'nice'),(11324,764,210,'nice'),(11325,764,209,'nice'),(11326,764,208,'nice'),(11327,764,207,'nice'),(11328,764,206,'nice'),(11329,764,205,'nice'),(11330,764,204,'nice'),(11331,764,203,'nice'),(11332,764,202,'nice'),(11333,764,201,'nice'),(11334,764,200,'nice'),(11335,764,199,'nice'),(11336,764,198,'nice'),(11337,764,197,'nice'),(11338,764,196,'nice'),(11339,765,220,'nice'),(11340,765,219,'nice'),(11341,765,218,'nice'),(11342,765,217,'nice'),(11343,765,216,'nice'),(11344,765,215,'nice'),(11345,765,214,'nice'),(11346,765,213,'nice'),(11347,765,212,'nice'),(11348,765,211,'nice'),(11349,765,210,'nice'),(11350,765,209,'nice'),(11351,765,208,'nice'),(11352,765,207,'nice'),(11353,765,206,'nice'),(11354,765,205,'nice'),(11355,765,204,'nice'),(11356,765,203,'nice'),(11357,765,202,'nice'),(11358,765,201,'nice'),(11359,765,200,'nice'),(11360,765,199,'nice'),(11361,765,198,'nice'),(11362,765,197,'nice'),(11363,765,196,'nice'),(11364,766,220,'nice'),(11365,766,219,'nice'),(11366,766,218,'nice'),(11367,766,217,'nice'),(11368,766,216,'nice'),(11369,766,215,'nice'),(11370,766,214,'nice'),(11371,766,213,'nice'),(11372,766,212,'nice'),(11373,766,211,'nice'),(11374,766,210,'nice'),(11375,766,209,'nice'),(11376,766,208,'nice'),(11377,766,207,'nice'),(11378,766,206,'nice'),(11379,766,205,'nice'),(11380,766,204,'nice'),(11381,766,203,'nice'),(11382,766,202,'nice'),(11383,766,201,'nice'),(11384,766,200,'nice'),(11385,766,199,'nice'),(11386,766,198,'nice'),(11387,766,197,'nice'),(11388,766,196,'nice'),(11389,767,220,'nice'),(11390,767,219,'nice'),(11391,767,218,'nice'),(11392,767,217,'nice'),(11393,767,216,'nice'),(11394,767,215,'nice'),(11395,767,214,'nice'),(11396,767,213,'nice'),(11397,767,212,'nice'),(11398,767,211,'nice'),(11399,767,210,'nice'),(11400,767,209,'nice'),(11401,767,208,'nice'),(11402,767,207,'nice'),(11403,767,206,'nice'),(11404,767,205,'nice'),(11405,767,204,'nice'),(11406,767,203,'nice'),(11407,767,202,'nice'),(11408,767,201,'nice'),(11409,767,200,'nice'),(11410,767,199,'nice'),(11411,767,198,'nice'),(11412,767,197,'nice'),(11413,767,196,'nice'),(11414,768,220,'nice'),(11415,768,219,'nice'),(11416,768,218,'nice'),(11417,768,217,'nice'),(11418,768,216,'nice'),(11419,768,215,'nice'),(11420,768,214,'nice'),(11421,768,213,'nice'),(11422,768,212,'nice'),(11423,768,211,'nice'),(11424,768,210,'nice'),(11425,768,209,'nice'),(11426,768,208,'nice'),(11427,768,207,'nice'),(11428,768,206,'nice'),(11429,768,205,'nice'),(11430,768,204,'nice'),(11431,768,203,'nice'),(11432,768,202,'nice'),(11433,768,201,'nice'),(11434,768,200,'nice'),(11435,768,199,'nice'),(11436,768,198,'nice'),(11437,768,197,'nice'),(11438,768,196,'nice'),(11439,769,220,'nice'),(11440,769,219,'nice'),(11441,769,218,'nice'),(11442,769,217,'nice'),(11443,769,216,'nice'),(11444,769,215,'nice'),(11445,769,214,'nice'),(11446,769,213,'nice'),(11447,769,212,'nice'),(11448,769,211,'nice'),(11449,769,210,'nice'),(11450,769,209,'nice'),(11451,769,208,'nice'),(11452,769,207,'nice'),(11453,769,206,'nice'),(11454,769,205,'nice'),(11455,769,204,'nice'),(11456,769,203,'nice'),(11457,769,202,'nice'),(11458,769,201,'nice'),(11459,769,200,'nice'),(11460,769,199,'nice'),(11461,769,198,'nice'),(11462,769,197,'nice'),(11463,769,196,'nice'),(11464,770,220,'nice'),(11465,770,219,'nice'),(11466,770,218,'nice'),(11467,770,217,'nice'),(11468,770,216,'nice'),(11469,770,215,'nice'),(11470,770,214,'nice'),(11471,770,213,'nice'),(11472,770,212,'nice'),(11473,770,211,'nice'),(11474,770,210,'nice'),(11475,770,209,'nice'),(11476,770,208,'nice'),(11477,770,207,'nice'),(11478,770,206,'nice'),(11479,770,205,'nice'),(11480,770,204,'nice'),(11481,770,203,'nice'),(11482,770,202,'nice'),(11483,770,201,'nice'),(11484,770,200,'nice'),(11485,770,199,'nice'),(11486,770,198,'nice'),(11487,770,197,'nice'),(11488,770,196,'nice'),(11489,771,220,'nice'),(11490,771,219,'nice'),(11491,771,218,'nice'),(11492,771,217,'nice'),(11493,771,216,'nice'),(11494,771,215,'nice'),(11495,771,214,'nice'),(11496,771,213,'nice'),(11497,771,212,'nice'),(11498,771,211,'nice'),(11499,771,210,'nice'),(11500,771,209,'nice'),(11501,771,208,'nice'),(11502,771,207,'nice'),(11503,771,206,'nice'),(11504,771,205,'nice'),(11505,771,204,'nice'),(11506,771,203,'nice'),(11507,771,202,'nice'),(11508,771,201,'nice'),(11509,771,200,'nice'),(11510,771,199,'nice'),(11511,771,198,'nice'),(11512,771,197,'nice'),(11513,771,196,'nice'),(11514,772,220,'nice'),(11515,772,219,'nice'),(11516,772,218,'nice'),(11517,772,217,'nice'),(11518,772,216,'nice'),(11519,772,215,'nice'),(11520,772,214,'nice'),(11521,772,213,'nice'),(11522,772,212,'nice'),(11523,772,211,'nice'),(11524,772,210,'nice'),(11525,772,209,'nice'),(11526,772,208,'nice'),(11527,772,207,'nice'),(11528,772,206,'nice'),(11529,772,205,'nice'),(11530,772,204,'nice'),(11531,772,203,'nice'),(11532,772,202,'nice'),(11533,772,201,'nice'),(11534,772,200,'nice'),(11535,772,199,'nice'),(11536,772,198,'nice'),(11537,772,197,'nice'),(11538,772,196,'nice'),(11539,773,220,'nice'),(11540,773,219,'nice'),(11541,773,218,'nice'),(11542,773,217,'nice'),(11543,773,216,'nice'),(11544,773,215,'nice'),(11545,773,214,'nice'),(11546,773,213,'nice'),(11547,773,212,'nice'),(11548,773,211,'nice'),(11549,773,210,'nice'),(11550,773,209,'nice'),(11551,773,208,'nice'),(11552,773,207,'nice'),(11553,773,206,'nice'),(11554,773,205,'nice'),(11555,773,204,'nice'),(11556,773,203,'nice'),(11557,773,202,'nice'),(11558,773,201,'nice'),(11559,773,200,'nice'),(11560,773,199,'nice'),(11561,773,198,'nice'),(11562,773,197,'nice'),(11563,773,196,'nice'),(11564,774,220,'nice'),(11565,774,219,'nice'),(11566,774,218,'nice'),(11567,774,217,'nice'),(11568,774,216,'nice'),(11569,774,215,'nice'),(11570,774,214,'nice'),(11571,774,213,'nice'),(11572,774,212,'nice'),(11573,774,211,'nice'),(11574,774,210,'nice'),(11575,774,209,'nice'),(11576,774,208,'nice'),(11577,774,207,'nice'),(11578,774,206,'nice'),(11579,774,205,'nice'),(11580,774,204,'nice'),(11581,774,203,'nice'),(11582,774,202,'nice'),(11583,774,201,'nice'),(11584,774,200,'nice'),(11585,774,199,'nice'),(11586,774,198,'nice'),(11587,774,197,'nice'),(11588,774,196,'nice'),(11589,775,220,'nice'),(11590,775,219,'nice'),(11591,775,218,'nice'),(11592,775,217,'nice'),(11593,775,216,'nice'),(11594,775,215,'nice'),(11595,775,214,'nice'),(11596,775,213,'nice'),(11597,775,212,'nice'),(11598,775,211,'nice'),(11599,775,210,'nice'),(11600,775,209,'nice'),(11601,775,208,'nice'),(11602,775,207,'nice'),(11603,775,206,'nice'),(11604,775,205,'nice'),(11605,775,204,'nice'),(11606,775,203,'nice'),(11607,775,202,'nice'),(11608,775,201,'nice'),(11609,775,200,'nice'),(11610,775,199,'nice'),(11611,775,198,'nice'),(11612,775,197,'nice'),(11613,775,196,'nice'),(11614,776,220,'nice'),(11615,776,219,'nice'),(11616,776,218,'nice'),(11617,776,217,'nice'),(11618,776,216,'nice'),(11619,776,215,'nice'),(11620,776,214,'nice'),(11621,776,213,'nice'),(11622,776,212,'nice'),(11623,776,211,'nice'),(11624,776,210,'nice'),(11625,776,209,'nice'),(11626,776,208,'nice'),(11627,776,207,'nice'),(11628,776,206,'nice'),(11629,776,205,'nice'),(11630,776,204,'nice'),(11631,776,203,'nice'),(11632,776,202,'nice'),(11633,776,201,'nice'),(11634,776,200,'nice'),(11635,776,199,'nice'),(11636,776,198,'nice'),(11637,776,197,'nice'),(11638,776,196,'nice'),(11639,777,220,'nice'),(11640,777,219,'nice'),(11641,777,218,'nice'),(11642,777,217,'nice'),(11643,777,216,'nice'),(11644,777,215,'nice'),(11645,777,214,'nice'),(11646,777,213,'nice'),(11647,777,212,'nice'),(11648,777,211,'nice'),(11649,777,210,'nice'),(11650,777,209,'nice'),(11651,777,208,'nice'),(11652,777,207,'nice'),(11653,777,206,'nice'),(11654,777,205,'nice'),(11655,777,204,'nice'),(11656,777,203,'nice'),(11657,777,202,'nice'),(11658,777,201,'nice'),(11659,777,200,'nice'),(11660,777,199,'nice'),(11661,777,198,'nice'),(11662,777,197,'nice'),(11663,777,196,'nice'),(11664,778,220,'nice'),(11665,778,219,'nice'),(11666,778,218,'nice'),(11667,778,217,'nice'),(11668,778,216,'nice'),(11669,778,215,'nice'),(11670,778,214,'nice'),(11671,778,213,'nice'),(11672,778,212,'nice'),(11673,778,211,'nice'),(11674,778,210,'nice'),(11675,778,209,'nice'),(11676,778,208,'nice'),(11677,778,207,'nice'),(11678,778,206,'nice'),(11679,778,205,'nice'),(11680,778,204,'nice'),(11681,778,203,'nice'),(11682,778,202,'nice'),(11683,778,201,'nice'),(11684,778,200,'nice'),(11685,778,199,'nice'),(11686,778,198,'nice'),(11687,778,197,'nice'),(11688,778,196,'nice'),(11689,779,220,'nice'),(11690,779,219,'nice'),(11691,779,218,'nice'),(11692,779,217,'nice'),(11693,779,216,'nice'),(11694,779,215,'nice'),(11695,779,214,'nice'),(11696,779,213,'nice'),(11697,779,212,'nice'),(11698,779,211,'nice'),(11699,779,210,'nice'),(11700,779,209,'nice'),(11701,779,208,'nice'),(11702,779,207,'nice'),(11703,779,206,'nice'),(11704,779,205,'nice'),(11705,779,204,'nice'),(11706,779,203,'nice'),(11707,779,202,'nice'),(11708,779,201,'nice'),(11709,779,200,'nice'),(11710,779,199,'nice'),(11711,779,198,'nice'),(11712,779,197,'nice'),(11713,779,196,'nice'),(11714,780,220,'nice'),(11715,780,219,'nice'),(11716,780,218,'nice'),(11717,780,217,'nice'),(11718,780,216,'nice'),(11719,780,215,'nice'),(11720,780,214,'nice'),(11721,780,213,'nice'),(11722,780,212,'nice'),(11723,780,211,'nice'),(11724,780,210,'nice'),(11725,780,209,'nice'),(11726,780,208,'nice'),(11727,780,207,'nice'),(11728,780,206,'nice'),(11729,780,205,'nice'),(11730,780,204,'nice'),(11731,780,203,'nice'),(11732,780,202,'nice'),(11733,780,201,'nice'),(11734,780,200,'nice'),(11735,780,199,'nice'),(11736,780,198,'nice'),(11737,780,197,'nice'),(11738,780,196,'nice'),(11739,781,220,'nice'),(11740,781,219,'nice'),(11741,781,218,'nice'),(11742,781,217,'nice'),(11743,781,216,'nice'),(11744,781,215,'nice'),(11745,781,214,'nice'),(11746,781,213,'nice'),(11747,781,212,'nice'),(11748,781,211,'nice'),(11749,781,210,'nice'),(11750,781,209,'nice'),(11751,781,208,'nice'),(11752,781,207,'nice'),(11753,781,206,'nice'),(11754,781,205,'nice'),(11755,781,204,'nice'),(11756,781,203,'nice'),(11757,781,202,'nice'),(11758,781,201,'nice'),(11759,781,200,'nice'),(11760,781,199,'nice'),(11761,781,198,'nice'),(11762,781,197,'nice'),(11763,781,196,'nice'),(11764,782,220,'nice'),(11765,782,219,'nice'),(11766,782,218,'nice'),(11767,782,217,'nice'),(11768,782,216,'nice'),(11769,782,215,'nice'),(11770,782,214,'nice'),(11771,782,213,'nice'),(11772,782,212,'nice'),(11773,782,211,'nice'),(11774,782,210,'nice'),(11775,782,209,'nice'),(11776,782,208,'nice'),(11777,782,207,'nice'),(11778,782,206,'nice'),(11779,782,205,'nice'),(11780,782,204,'nice'),(11781,782,203,'nice'),(11782,782,202,'nice'),(11783,782,201,'nice'),(11784,782,200,'nice'),(11785,782,199,'nice'),(11786,782,198,'nice'),(11787,782,197,'nice'),(11788,782,196,'nice'),(11789,783,220,'nice'),(11790,783,219,'nice'),(11791,783,218,'nice'),(11792,783,217,'nice'),(11793,783,216,'nice'),(11794,783,215,'nice'),(11795,783,214,'nice'),(11796,783,213,'nice'),(11797,783,212,'nice'),(11798,783,211,'nice'),(11799,783,210,'nice'),(11800,783,209,'nice'),(11801,783,208,'nice'),(11802,783,207,'nice'),(11803,783,206,'nice'),(11804,783,205,'nice'),(11805,783,204,'nice'),(11806,783,203,'nice'),(11807,783,202,'nice'),(11808,783,201,'nice'),(11809,783,200,'nice'),(11810,783,199,'nice'),(11811,783,198,'nice'),(11812,783,197,'nice'),(11813,783,196,'nice'),(11814,784,220,'nice'),(11815,784,219,'nice'),(11816,784,218,'nice'),(11817,784,217,'nice'),(11818,784,216,'nice'),(11819,784,215,'nice'),(11820,784,214,'nice'),(11821,784,213,'nice'),(11822,784,212,'nice'),(11823,784,211,'nice'),(11824,784,210,'nice'),(11825,784,209,'nice'),(11826,784,208,'nice'),(11827,784,207,'nice'),(11828,784,206,'nice'),(11829,784,205,'nice'),(11830,784,204,'nice'),(11831,784,203,'nice'),(11832,784,202,'nice'),(11833,784,201,'nice'),(11834,784,200,'nice'),(11835,784,199,'nice'),(11836,784,198,'nice'),(11837,784,197,'nice'),(11838,784,196,'nice'),(11839,785,220,'nice'),(11840,785,219,'nice'),(11841,785,218,'nice'),(11842,785,217,'nice'),(11843,785,216,'nice'),(11844,785,215,'nice'),(11845,785,214,'nice'),(11846,785,213,'nice'),(11847,785,212,'nice'),(11848,785,211,'nice'),(11849,785,210,'nice'),(11850,785,209,'nice'),(11851,785,208,'nice'),(11852,785,207,'nice'),(11853,785,206,'nice'),(11854,785,205,'nice'),(11855,785,204,'nice'),(11856,785,203,'nice'),(11857,785,202,'nice'),(11858,785,201,'nice'),(11859,785,200,'nice'),(11860,785,199,'nice'),(11861,785,198,'nice'),(11862,785,197,'nice'),(11863,785,196,'nice'),(11864,786,220,'nice'),(11865,786,219,'nice'),(11866,786,218,'nice'),(11867,786,217,'nice'),(11868,786,216,'nice'),(11869,786,215,'nice'),(11870,786,214,'nice'),(11871,786,213,'nice'),(11872,786,212,'nice'),(11873,786,211,'nice'),(11874,786,210,'nice'),(11875,786,209,'nice'),(11876,786,208,'nice'),(11877,786,207,'nice'),(11878,786,206,'nice'),(11879,786,205,'nice'),(11880,786,204,'nice'),(11881,786,203,'nice'),(11882,786,202,'nice'),(11883,786,201,'nice'),(11884,786,200,'nice'),(11885,786,199,'nice'),(11886,786,198,'nice'),(11887,786,197,'nice'),(11888,786,196,'nice'),(11889,787,220,'nice'),(11890,787,219,'nice'),(11891,787,218,'nice'),(11892,787,217,'nice'),(11893,787,216,'nice'),(11894,787,215,'nice'),(11895,787,214,'nice'),(11896,787,213,'nice'),(11897,787,212,'nice'),(11898,787,211,'nice'),(11899,787,210,'nice'),(11900,787,209,'nice'),(11901,787,208,'nice'),(11902,787,207,'nice'),(11903,787,206,'nice'),(11904,787,205,'nice'),(11905,787,204,'nice'),(11906,787,203,'nice'),(11907,787,202,'nice'),(11908,787,201,'nice'),(11909,787,200,'nice'),(11910,787,199,'nice'),(11911,787,198,'nice'),(11912,787,197,'nice'),(11913,787,196,'nice'),(11914,788,220,'nice'),(11915,788,219,'nice'),(11916,788,218,'nice'),(11917,788,217,'nice'),(11918,788,216,'nice'),(11919,788,215,'nice'),(11920,788,214,'nice'),(11921,788,213,'nice'),(11922,788,212,'nice'),(11923,788,211,'nice'),(11924,788,210,'nice'),(11925,788,209,'nice'),(11926,788,208,'nice'),(11927,788,207,'nice'),(11928,788,206,'nice'),(11929,788,205,'nice'),(11930,788,204,'nice'),(11931,788,203,'nice'),(11932,788,202,'nice'),(11933,788,201,'nice'),(11934,788,200,'nice'),(11935,788,199,'nice'),(11936,788,198,'nice'),(11937,788,197,'nice'),(11938,788,196,'nice'),(11939,789,227,'nice'),(11940,789,226,'nice'),(11941,789,225,'nice'),(11942,789,224,'nice'),(11943,789,223,'nice'),(11944,789,222,'nice'),(11945,789,221,'nice'),(11946,790,227,'nice'),(11947,790,226,'nice'),(11948,790,225,'nice'),(11949,790,224,'nice'),(11950,790,223,'nice'),(11951,790,222,'nice'),(11952,790,221,'nice'),(11953,791,227,'nice'),(11954,791,226,'nice'),(11955,791,225,'nice'),(11956,791,224,'nice'),(11957,791,223,'nice'),(11958,791,222,'nice'),(11959,791,221,'nice'),(11960,792,227,'nice'),(11961,792,226,'nice'),(11962,792,225,'nice'),(11963,792,224,'nice'),(11964,792,223,'nice'),(11965,792,222,'nice'),(11966,792,221,'nice'),(11967,793,227,'nice'),(11968,793,226,'nice'),(11969,793,225,'nice'),(11970,793,224,'nice'),(11971,793,223,'nice'),(11972,793,222,'nice'),(11973,793,221,'nice'),(11974,794,227,'nice'),(11975,794,226,'nice'),(11976,794,225,'nice'),(11977,794,224,'nice'),(11978,794,223,'nice'),(11979,794,222,'nice'),(11980,794,221,'nice'),(11981,795,227,'nice'),(11982,795,226,'nice'),(11983,795,225,'nice'),(11984,795,224,'nice'),(11985,795,223,'nice'),(11986,795,222,'nice'),(11987,795,221,'nice'),(11988,796,227,'nice'),(11989,796,226,'nice'),(11990,796,225,'nice'),(11991,796,224,'nice'),(11992,796,223,'nice'),(11993,796,222,'nice'),(11994,796,221,'nice'),(11995,797,227,'nice'),(11996,797,226,'nice'),(11997,797,225,'nice'),(11998,797,224,'nice'),(11999,797,223,'nice'),(12000,797,222,'nice'),(12001,797,221,'nice'),(12002,798,227,'nice'),(12003,798,226,'nice'),(12004,798,225,'nice'),(12005,798,224,'nice'),(12006,798,223,'nice'),(12007,798,222,'nice'),(12008,798,221,'nice'),(12009,799,227,'nice'),(12010,799,226,'nice'),(12011,799,225,'nice'),(12012,799,224,'nice'),(12013,799,223,'nice'),(12014,799,222,'nice'),(12015,799,221,'nice'),(12016,800,227,'nice'),(12017,800,226,'nice'),(12018,800,225,'nice'),(12019,800,224,'nice'),(12020,800,223,'nice'),(12021,800,222,'nice'),(12022,800,221,'nice'),(12023,801,227,'nice'),(12024,801,226,'nice'),(12025,801,225,'nice'),(12026,801,224,'nice'),(12027,801,223,'nice'),(12028,801,222,'nice'),(12029,801,221,'nice'),(12030,802,227,'nice'),(12031,802,226,'nice'),(12032,802,225,'nice'),(12033,802,224,'nice'),(12034,802,223,'nice'),(12035,802,222,'nice'),(12036,802,221,'nice'),(12037,803,227,'nice'),(12038,803,226,'nice'),(12039,803,225,'nice'),(12040,803,224,'nice'),(12041,803,223,'nice'),(12042,803,222,'nice'),(12043,803,221,'nice'),(12044,804,227,'nice'),(12045,804,226,'nice'),(12046,804,225,'nice'),(12047,804,224,'nice'),(12048,804,223,'nice'),(12049,804,222,'nice'),(12050,804,221,'nice'),(12051,805,227,'nice'),(12052,805,226,'nice'),(12053,805,225,'nice'),(12054,805,224,'nice'),(12055,805,223,'nice'),(12056,805,222,'nice'),(12057,805,221,'nice'),(12058,806,227,'nice'),(12059,806,226,'nice'),(12060,806,225,'nice'),(12061,806,224,'nice'),(12062,806,223,'nice'),(12063,806,222,'nice'),(12064,806,221,'nice'),(12065,807,227,'nice'),(12066,807,226,'nice'),(12067,807,225,'nice'),(12068,807,224,'nice'),(12069,807,223,'nice'),(12070,807,222,'nice'),(12071,807,221,'nice'),(12072,808,227,'nice'),(12073,808,226,'nice'),(12074,808,225,'nice'),(12075,808,224,'nice'),(12076,808,223,'nice'),(12077,808,222,'nice'),(12078,808,221,'nice'),(12079,809,227,'nice'),(12080,809,226,'nice'),(12081,809,225,'nice'),(12082,809,224,'nice'),(12083,809,223,'nice'),(12084,809,222,'nice'),(12085,809,221,'nice'),(12086,810,227,'nice'),(12087,810,226,'nice'),(12088,810,225,'nice'),(12089,810,224,'nice'),(12090,810,223,'nice'),(12091,810,222,'nice'),(12092,810,221,'nice'),(12093,811,227,'nice'),(12094,811,226,'nice'),(12095,811,225,'nice'),(12096,811,224,'nice'),(12097,811,223,'nice'),(12098,811,222,'nice'),(12099,811,221,'nice'),(12100,812,227,'nice'),(12101,812,226,'nice'),(12102,812,225,'nice'),(12103,812,224,'nice'),(12104,812,223,'nice'),(12105,812,222,'nice'),(12106,812,221,'nice'),(12107,813,227,'nice'),(12108,813,226,'nice'),(12109,813,225,'nice'),(12110,813,224,'nice'),(12111,813,223,'nice'),(12112,813,222,'nice'),(12113,813,221,'nice'),(12114,814,227,'nice'),(12115,814,226,'nice'),(12116,814,225,'nice'),(12117,814,224,'nice'),(12118,814,223,'nice'),(12119,814,222,'nice'),(12120,814,221,'nice'),(12121,815,227,'nice'),(12122,815,226,'nice'),(12123,815,225,'nice'),(12124,815,224,'nice'),(12125,815,223,'nice'),(12126,815,222,'nice'),(12127,815,221,'nice'),(12128,816,227,'nice'),(12129,816,226,'nice'),(12130,816,225,'nice'),(12131,816,224,'nice'),(12132,816,223,'nice'),(12133,816,222,'nice'),(12134,816,221,'nice'),(12135,817,227,'nice'),(12136,817,226,'nice'),(12137,817,225,'nice'),(12138,817,224,'nice'),(12139,817,223,'nice'),(12140,817,222,'nice'),(12141,817,221,'nice'),(12142,818,227,'nice'),(12143,818,226,'nice'),(12144,818,225,'nice'),(12145,818,224,'nice'),(12146,818,223,'nice'),(12147,818,222,'nice'),(12148,818,221,'nice'),(12149,819,227,'nice'),(12150,819,226,'nice'),(12151,819,225,'nice'),(12152,819,224,'nice'),(12153,819,223,'nice'),(12154,819,222,'nice'),(12155,819,221,'nice'),(12156,820,227,'nice'),(12157,820,226,'nice'),(12158,820,225,'nice'),(12159,820,224,'nice'),(12160,820,223,'nice'),(12161,820,222,'nice'),(12162,820,221,'nice'),(12163,821,227,'nice'),(12164,821,226,'nice'),(12165,821,225,'nice'),(12166,821,224,'nice'),(12167,821,223,'nice'),(12168,821,222,'nice'),(12169,821,221,'nice'),(12170,822,227,'nice'),(12171,822,226,'nice'),(12172,822,225,'nice'),(12173,822,224,'nice'),(12174,822,223,'nice'),(12175,822,222,'nice'),(12176,822,221,'nice'),(12177,823,227,'nice'),(12178,823,226,'nice'),(12179,823,225,'nice'),(12180,823,224,'nice'),(12181,823,223,'nice'),(12182,823,222,'nice'),(12183,823,221,'nice'),(12184,824,227,'nice'),(12185,824,226,'nice'),(12186,824,225,'nice'),(12187,824,224,'nice'),(12188,824,223,'nice'),(12189,824,222,'nice'),(12190,824,221,'nice'),(12191,825,227,'nice'),(12192,825,226,'nice'),(12193,825,225,'nice'),(12194,825,224,'nice'),(12195,825,223,'nice'),(12196,825,222,'nice'),(12197,825,221,'nice'),(12198,826,227,'nice'),(12199,826,226,'nice'),(12200,826,225,'nice'),(12201,826,224,'nice'),(12202,826,223,'nice'),(12203,826,222,'nice'),(12204,826,221,'nice'),(12205,827,227,'nice'),(12206,827,226,'nice'),(12207,827,225,'nice'),(12208,827,224,'nice'),(12209,827,223,'nice'),(12210,827,222,'nice'),(12211,827,221,'nice'),(12212,828,227,'nice'),(12213,828,226,'nice'),(12214,828,225,'nice'),(12215,828,224,'nice'),(12216,828,223,'nice'),(12217,828,222,'nice'),(12218,828,221,'nice'),(12219,829,227,'nice'),(12220,829,226,'nice'),(12221,829,225,'nice'),(12222,829,224,'nice'),(12223,829,223,'nice'),(12224,829,222,'nice'),(12225,829,221,'nice'),(12226,830,227,'nice'),(12227,830,226,'nice'),(12228,830,225,'nice'),(12229,830,224,'nice'),(12230,830,223,'nice'),(12231,830,222,'nice'),(12232,830,221,'nice'),(12233,831,227,'nice'),(12234,831,226,'nice'),(12235,831,225,'nice'),(12236,831,224,'nice'),(12237,831,223,'nice'),(12238,831,222,'nice'),(12239,831,221,'nice'),(12240,832,227,'nice'),(12241,832,226,'nice'),(12242,832,225,'nice'),(12243,832,224,'nice'),(12244,832,223,'nice'),(12245,832,222,'nice'),(12246,832,221,'nice'),(12247,833,227,'nice'),(12248,833,226,'nice'),(12249,833,225,'nice'),(12250,833,224,'nice'),(12251,833,223,'nice'),(12252,833,222,'nice'),(12253,833,221,'nice'),(12254,834,227,'nice'),(12255,834,226,'nice'),(12256,834,225,'nice'),(12257,834,224,'nice'),(12258,834,223,'nice'),(12259,834,222,'nice'),(12260,834,221,'nice'),(12261,835,227,'nice'),(12262,835,226,'nice'),(12263,835,225,'nice'),(12264,835,224,'nice'),(12265,835,223,'nice'),(12266,835,222,'nice'),(12267,835,221,'nice'),(12268,836,227,'nice'),(12269,836,226,'nice'),(12270,836,225,'nice'),(12271,836,224,'nice'),(12272,836,223,'nice'),(12273,836,222,'nice'),(12274,836,221,'nice'),(12275,837,227,'nice'),(12276,837,226,'nice'),(12277,837,225,'nice'),(12278,837,224,'nice'),(12279,837,223,'nice'),(12280,837,222,'nice'),(12281,837,221,'nice'),(12282,838,227,'nice'),(12283,838,226,'nice'),(12284,838,225,'nice'),(12285,838,224,'nice'),(12286,838,223,'nice'),(12287,838,222,'nice'),(12288,838,221,'nice'),(12289,839,227,'nice'),(12290,839,226,'nice'),(12291,839,225,'nice'),(12292,839,224,'nice'),(12293,839,223,'nice'),(12294,839,222,'nice'),(12295,839,221,'nice'),(12296,840,227,'nice'),(12297,840,226,'nice'),(12298,840,225,'nice'),(12299,840,224,'nice'),(12300,840,223,'nice'),(12301,840,222,'nice'),(12302,840,221,'nice'),(12303,841,227,'nice'),(12304,841,226,'nice'),(12305,841,225,'nice'),(12306,841,224,'nice'),(12307,841,223,'nice'),(12308,841,222,'nice'),(12309,841,221,'nice'),(12310,842,227,'nice'),(12311,842,226,'nice'),(12312,842,225,'nice'),(12313,842,224,'nice'),(12314,842,223,'nice'),(12315,842,222,'nice'),(12316,842,221,'nice'),(12317,843,227,'nice'),(12318,843,226,'nice'),(12319,843,225,'nice'),(12320,843,224,'nice'),(12321,843,223,'nice'),(12322,843,222,'nice'),(12323,843,221,'nice'),(12324,844,227,'nice'),(12325,844,226,'nice'),(12326,844,225,'nice'),(12327,844,224,'nice'),(12328,844,223,'nice'),(12329,844,222,'nice'),(12330,844,221,'nice'),(12331,845,227,'nice'),(12332,845,226,'nice'),(12333,845,225,'nice'),(12334,845,224,'nice'),(12335,845,223,'nice'),(12336,845,222,'nice'),(12337,845,221,'nice'),(12338,846,227,'nice'),(12339,846,226,'nice'),(12340,846,225,'nice'),(12341,846,224,'nice'),(12342,846,223,'nice'),(12343,846,222,'nice'),(12344,846,221,'nice'),(12345,847,227,'nice'),(12346,847,226,'nice'),(12347,847,225,'nice'),(12348,847,224,'nice'),(12349,847,223,'nice'),(12350,847,222,'nice'),(12351,847,221,'nice'),(12352,848,227,'nice'),(12353,848,226,'nice'),(12354,848,225,'nice'),(12355,848,224,'nice'),(12356,848,223,'nice'),(12357,848,222,'nice'),(12358,848,221,'nice'),(12359,849,242,'nice'),(12360,849,241,'nice'),(12362,849,239,'nice'),(12365,849,236,'nice'),(12366,849,235,'nice'),(12367,849,234,'nice'),(12368,849,233,'nice'),(12369,849,232,'nice'),(12370,849,231,'nice'),(12371,849,230,'nice'),(12373,849,228,'nice'),(12374,850,242,'nice'),(12375,850,241,'nice'),(12377,850,239,'nice'),(12380,850,236,'nice'),(12381,850,235,'nice'),(12382,850,234,'nice'),(12383,850,233,'nice'),(12384,850,232,'nice'),(12385,850,231,'nice'),(12386,850,230,'nice'),(12388,850,228,'nice'),(12389,851,242,'nice'),(12390,851,241,'nice'),(12392,851,239,'nice'),(12395,851,236,'nice'),(12396,851,235,'nice'),(12397,851,234,'nice'),(12398,851,233,'nice'),(12399,851,232,'nice'),(12400,851,231,'nice'),(12401,851,230,'nice'),(12403,851,228,'nice'),(12404,852,242,'nice'),(12405,852,241,'nice'),(12407,852,239,'nice'),(12410,852,236,'nice'),(12411,852,235,'nice'),(12412,852,234,'nice'),(12413,852,233,'nice'),(12414,852,232,'nice'),(12415,852,231,'nice'),(12416,852,230,'nice'),(12418,852,228,'nice'),(12419,853,242,'nice'),(12420,853,241,'nice'),(12422,853,239,'nice'),(12425,853,236,'nice'),(12426,853,235,'nice'),(12427,853,234,'nice'),(12428,853,233,'nice'),(12429,853,232,'nice'),(12430,853,231,'nice'),(12431,853,230,'nice'),(12433,853,228,'nice'),(12434,854,242,'nice'),(12435,854,241,'nice'),(12437,854,239,'nice'),(12440,854,236,'nice'),(12441,854,235,'nice'),(12442,854,234,'nice'),(12443,854,233,'nice'),(12444,854,232,'nice'),(12445,854,231,'nice'),(12446,854,230,'nice'),(12448,854,228,'nice'),(12449,855,242,'nice'),(12450,855,241,'nice'),(12452,855,239,'nice'),(12455,855,236,'nice'),(12456,855,235,'nice'),(12457,855,234,'nice'),(12458,855,233,'nice'),(12459,855,232,'nice'),(12460,855,231,'nice'),(12461,855,230,'nice'),(12463,855,228,'nice'),(12464,856,242,'nice'),(12465,856,241,'nice'),(12467,856,239,'nice'),(12470,856,236,'nice'),(12471,856,235,'nice'),(12472,856,234,'nice'),(12473,856,233,'nice'),(12474,856,232,'nice'),(12475,856,231,'nice'),(12476,856,230,'nice'),(12478,856,228,'nice'),(12479,857,242,'nice'),(12480,857,241,'nice'),(12482,857,239,'nice'),(12485,857,236,'nice'),(12486,857,235,'nice'),(12487,857,234,'nice'),(12488,857,233,'nice'),(12489,857,232,'nice'),(12490,857,231,'nice'),(12491,857,230,'nice'),(12493,857,228,'nice'),(12494,858,242,'nice'),(12495,858,241,'nice'),(12497,858,239,'nice'),(12500,858,236,'nice'),(12501,858,235,'nice'),(12502,858,234,'nice'),(12503,858,233,'nice'),(12504,858,232,'nice'),(12505,858,231,'nice'),(12506,858,230,'nice'),(12508,858,228,'nice'),(12509,859,242,'nice'),(12510,859,241,'nice'),(12512,859,239,'nice'),(12515,859,236,'nice'),(12516,859,235,'nice'),(12517,859,234,'nice'),(12518,859,233,'nice'),(12519,859,232,'nice'),(12520,859,231,'nice'),(12521,859,230,'nice'),(12523,859,228,'nice'),(12524,860,242,'nice'),(12525,860,241,'nice'),(12527,860,239,'nice'),(12530,860,236,'nice'),(12531,860,235,'nice'),(12532,860,234,'nice'),(12533,860,233,'nice'),(12534,860,232,'nice'),(12535,860,231,'nice'),(12536,860,230,'nice'),(12538,860,228,'nice'),(12539,861,242,'nice'),(12540,861,241,'nice'),(12542,861,239,'nice'),(12545,861,236,'nice'),(12546,861,235,'nice'),(12547,861,234,'nice'),(12548,861,233,'nice'),(12549,861,232,'nice'),(12550,861,231,'nice'),(12551,861,230,'nice'),(12553,861,228,'nice'),(12554,862,242,'nice'),(12555,862,241,'nice'),(12557,862,239,'nice'),(12560,862,236,'nice'),(12561,862,235,'nice'),(12562,862,234,'nice'),(12563,862,233,'nice'),(12564,862,232,'nice'),(12565,862,231,'nice'),(12566,862,230,'nice'),(12568,862,228,'nice'),(12569,863,242,'nice'),(12570,863,241,'nice'),(12572,863,239,'nice'),(12575,863,236,'nice'),(12576,863,235,'nice'),(12577,863,234,'nice'),(12578,863,233,'nice'),(12579,863,232,'nice'),(12580,863,231,'nice'),(12581,863,230,'nice'),(12583,863,228,'nice'),(12584,864,242,'nice'),(12585,864,241,'nice'),(12587,864,239,'nice'),(12590,864,236,'nice'),(12591,864,235,'nice'),(12592,864,234,'nice'),(12593,864,233,'nice'),(12594,864,232,'nice'),(12595,864,231,'nice'),(12596,864,230,'nice'),(12598,864,228,'nice'),(12599,865,242,'nice'),(12600,865,241,'nice'),(12602,865,239,'nice'),(12605,865,236,'nice'),(12606,865,235,'nice'),(12607,865,234,'nice'),(12608,865,233,'nice'),(12609,865,232,'nice'),(12610,865,231,'nice'),(12611,865,230,'nice'),(12613,865,228,'nice'),(12614,866,242,'nice'),(12615,866,241,'nice'),(12617,866,239,'nice'),(12620,866,236,'nice'),(12621,866,235,'nice'),(12622,866,234,'nice'),(12623,866,233,'nice'),(12624,866,232,'nice'),(12625,866,231,'nice'),(12626,866,230,'nice'),(12628,866,228,'nice'),(12629,867,242,'nice'),(12630,867,241,'nice'),(12632,867,239,'nice'),(12635,867,236,'nice'),(12636,867,235,'nice'),(12637,867,234,'nice'),(12638,867,233,'nice'),(12639,867,232,'nice'),(12640,867,231,'nice'),(12641,867,230,'nice'),(12643,867,228,'nice'),(12644,868,242,'nice'),(12645,868,241,'nice'),(12647,868,239,'nice'),(12650,868,236,'nice'),(12651,868,235,'nice'),(12652,868,234,'nice'),(12653,868,233,'nice'),(12654,868,232,'nice'),(12655,868,231,'nice'),(12656,868,230,'nice'),(12658,868,228,'nice'),(12659,869,242,'nice'),(12660,869,241,'nice'),(12662,869,239,'nice'),(12665,869,236,'nice'),(12666,869,235,'nice'),(12667,869,234,'nice'),(12668,869,233,'nice'),(12669,869,232,'nice'),(12670,869,231,'nice'),(12671,869,230,'nice'),(12673,869,228,'nice'),(12674,870,242,'nice'),(12675,870,241,'nice'),(12677,870,239,'nice'),(12680,870,236,'nice'),(12681,870,235,'nice'),(12682,870,234,'nice'),(12683,870,233,'nice'),(12684,870,232,'nice'),(12685,870,231,'nice'),(12686,870,230,'nice'),(12688,870,228,'nice'),(12689,871,242,'nice'),(12690,871,241,'nice'),(12692,871,239,'nice'),(12695,871,236,'nice'),(12696,871,235,'nice'),(12697,871,234,'nice'),(12698,871,233,'nice'),(12699,871,232,'nice'),(12700,871,231,'nice'),(12701,871,230,'nice'),(12703,871,228,'nice'),(12704,872,242,'nice'),(12705,872,241,'nice'),(12707,872,239,'nice'),(12710,872,236,'nice'),(12711,872,235,'nice'),(12712,872,234,'nice'),(12713,872,233,'nice'),(12714,872,232,'nice'),(12715,872,231,'nice'),(12716,872,230,'nice'),(12718,872,228,'nice'),(12719,873,242,'nice'),(12720,873,241,'nice'),(12722,873,239,'nice'),(12725,873,236,'nice'),(12726,873,235,'nice'),(12727,873,234,'nice'),(12728,873,233,'nice'),(12729,873,232,'nice'),(12730,873,231,'nice'),(12731,873,230,'nice'),(12733,873,228,'nice'),(12734,874,242,'nice'),(12735,874,241,'nice'),(12737,874,239,'nice'),(12740,874,236,'nice'),(12741,874,235,'nice'),(12742,874,234,'nice'),(12743,874,233,'nice'),(12744,874,232,'nice'),(12745,874,231,'nice'),(12746,874,230,'nice'),(12748,874,228,'nice'),(12749,875,242,'nice'),(12750,875,241,'nice'),(12752,875,239,'nice'),(12755,875,236,'nice'),(12756,875,235,'nice'),(12757,875,234,'nice'),(12758,875,233,'nice'),(12759,875,232,'nice'),(12760,875,231,'nice'),(12761,875,230,'nice'),(12763,875,228,'nice'),(12764,876,242,'nice'),(12765,876,241,'nice'),(12767,876,239,'nice'),(12770,876,236,'nice'),(12771,876,235,'nice'),(12772,876,234,'nice'),(12773,876,233,'nice'),(12774,876,232,'nice'),(12775,876,231,'nice'),(12776,876,230,'nice'),(12778,876,228,'nice'),(12779,877,242,'nice'),(12780,877,241,'nice'),(12782,877,239,'nice'),(12785,877,236,'nice'),(12786,877,235,'nice'),(12787,877,234,'nice'),(12788,877,233,'nice'),(12789,877,232,'nice'),(12790,877,231,'nice'),(12791,877,230,'nice'),(12793,877,228,'nice'),(12794,878,242,'nice'),(12795,878,241,'nice'),(12797,878,239,'nice'),(12800,878,236,'nice'),(12801,878,235,'nice'),(12802,878,234,'nice'),(12803,878,233,'nice'),(12804,878,232,'nice'),(12805,878,231,'nice'),(12806,878,230,'nice'),(12808,878,228,'nice'),(12809,879,242,'nice'),(12810,879,241,'nice'),(12812,879,239,'nice'),(12815,879,236,'nice'),(12816,879,235,'nice'),(12817,879,234,'nice'),(12818,879,233,'nice'),(12819,879,232,'nice'),(12820,879,231,'nice'),(12821,879,230,'nice'),(12823,879,228,'nice'),(12824,880,242,'nice'),(12825,880,241,'nice'),(12827,880,239,'nice'),(12830,880,236,'nice'),(12831,880,235,'nice'),(12832,880,234,'nice'),(12833,880,233,'nice'),(12834,880,232,'nice'),(12835,880,231,'nice'),(12836,880,230,'nice'),(12838,880,228,'nice'),(12839,881,242,'nice'),(12840,881,241,'nice'),(12842,881,239,'nice'),(12845,881,236,'nice'),(12846,881,235,'nice'),(12847,881,234,'nice'),(12848,881,233,'nice'),(12849,881,232,'nice'),(12850,881,231,'nice'),(12851,881,230,'nice'),(12853,881,228,'nice'),(12854,882,242,'nice'),(12855,882,241,'nice'),(12857,882,239,'nice'),(12860,882,236,'nice'),(12861,882,235,'nice'),(12862,882,234,'nice'),(12863,882,233,'nice'),(12864,882,232,'nice'),(12865,882,231,'nice'),(12866,882,230,'nice'),(12868,882,228,'nice'),(12869,883,242,'nice'),(12870,883,241,'nice'),(12872,883,239,'nice'),(12875,883,236,'nice'),(12876,883,235,'nice'),(12877,883,234,'nice'),(12878,883,233,'nice'),(12879,883,232,'nice'),(12880,883,231,'nice'),(12881,883,230,'nice'),(12883,883,228,'nice'),(12884,884,242,'nice'),(12885,884,241,'nice'),(12887,884,239,'nice'),(12890,884,236,'nice'),(12891,884,235,'nice'),(12892,884,234,'nice'),(12893,884,233,'nice'),(12894,884,232,'nice'),(12895,884,231,'nice'),(12896,884,230,'nice'),(12898,884,228,'nice'),(12899,885,242,'nice'),(12900,885,241,'nice'),(12902,885,239,'nice'),(12905,885,236,'nice'),(12906,885,235,'nice'),(12907,885,234,'nice'),(12908,885,233,'nice'),(12909,885,232,'nice'),(12910,885,231,'nice'),(12911,885,230,'nice'),(12913,885,228,'nice'),(12914,886,242,'nice'),(12915,886,241,'nice'),(12917,886,239,'nice'),(12920,886,236,'nice'),(12921,886,235,'nice'),(12922,886,234,'nice'),(12923,886,233,'nice'),(12924,886,232,'nice'),(12925,886,231,'nice'),(12926,886,230,'nice'),(12928,886,228,'nice'),(12929,887,242,'nice'),(12930,887,241,'nice'),(12932,887,239,'nice'),(12935,887,236,'nice'),(12936,887,235,'nice'),(12937,887,234,'nice'),(12938,887,233,'nice'),(12939,887,232,'nice'),(12940,887,231,'nice'),(12941,887,230,'nice'),(12943,887,228,'nice'),(12944,888,242,'nice'),(12945,888,241,'nice'),(12947,888,239,'nice'),(12950,888,236,'nice'),(12951,888,235,'nice'),(12952,888,234,'nice'),(12953,888,233,'nice'),(12954,888,232,'nice'),(12955,888,231,'nice'),(12956,888,230,'nice'),(12958,888,228,'nice'),(12959,889,242,'nice'),(12960,889,241,'nice'),(12962,889,239,'nice'),(12965,889,236,'nice'),(12966,889,235,'nice'),(12967,889,234,'nice'),(12968,889,233,'nice'),(12969,889,232,'nice'),(12970,889,231,'nice'),(12971,889,230,'nice'),(12973,889,228,'nice'),(12974,890,242,'nice'),(12975,890,241,'nice'),(12977,890,239,'nice'),(12980,890,236,'nice'),(12981,890,235,'nice'),(12982,890,234,'nice'),(12983,890,233,'nice'),(12984,890,232,'nice'),(12985,890,231,'nice'),(12986,890,230,'nice'),(12988,890,228,'nice'),(12989,891,242,'nice'),(12990,891,241,'nice'),(12992,891,239,'nice'),(12995,891,236,'nice'),(12996,891,235,'nice'),(12997,891,234,'nice'),(12998,891,233,'nice'),(12999,891,232,'nice'),(13000,891,231,'nice'),(13001,891,230,'nice'),(13003,891,228,'nice'),(13004,892,242,'nice'),(13005,892,241,'nice'),(13007,892,239,'nice'),(13010,892,236,'nice'),(13011,892,235,'nice'),(13012,892,234,'nice'),(13013,892,233,'nice'),(13014,892,232,'nice'),(13015,892,231,'nice'),(13016,892,230,'nice'),(13018,892,228,'nice'),(13019,893,242,'nice'),(13020,893,241,'nice'),(13022,893,239,'nice'),(13025,893,236,'nice'),(13026,893,235,'nice'),(13027,893,234,'nice'),(13028,893,233,'nice'),(13029,893,232,'nice'),(13030,893,231,'nice'),(13031,893,230,'nice'),(13033,893,228,'nice'),(13034,894,242,'nice'),(13035,894,241,'nice'),(13037,894,239,'nice'),(13040,894,236,'nice'),(13041,894,235,'nice'),(13042,894,234,'nice'),(13043,894,233,'nice'),(13044,894,232,'nice'),(13045,894,231,'nice'),(13046,894,230,'nice'),(13048,894,228,'nice'),(13049,895,242,'nice'),(13050,895,241,'nice'),(13052,895,239,'nice'),(13055,895,236,'nice'),(13056,895,235,'nice'),(13057,895,234,'nice'),(13058,895,233,'nice'),(13059,895,232,'nice'),(13060,895,231,'nice'),(13061,895,230,'nice'),(13063,895,228,'nice'),(13064,896,242,'nice'),(13065,896,241,'nice'),(13067,896,239,'nice'),(13070,896,236,'nice'),(13071,896,235,'nice'),(13072,896,234,'nice'),(13073,896,233,'nice'),(13074,896,232,'nice'),(13075,896,231,'nice'),(13076,896,230,'nice'),(13078,896,228,'nice'),(13079,897,242,'nice'),(13080,897,241,'nice'),(13082,897,239,'nice'),(13085,897,236,'nice'),(13086,897,235,'nice'),(13087,897,234,'nice'),(13088,897,233,'nice'),(13089,897,232,'nice'),(13090,897,231,'nice'),(13091,897,230,'nice'),(13093,897,228,'nice'),(13094,898,242,'nice'),(13095,898,241,'nice'),(13097,898,239,'nice'),(13100,898,236,'nice'),(13101,898,235,'nice'),(13102,898,234,'nice'),(13103,898,233,'nice'),(13104,898,232,'nice'),(13105,898,231,'nice'),(13106,898,230,'nice'),(13108,898,228,'nice'),(13109,899,242,'青年'),(13110,899,241,'可调'),(13112,899,239,'nice'),(13115,899,236,'nice'),(13116,899,235,'nice'),(13117,899,234,'nice'),(13118,899,233,'nice'),(13119,899,232,'nice'),(13120,899,231,'nice'),(13121,899,230,'nice'),(13123,899,228,'nice'),(13124,900,242,'nice'),(13125,900,241,'nice'),(13127,900,239,'nice'),(13130,900,236,'nice'),(13131,900,235,'nice'),(13132,900,234,'nice'),(13133,900,233,'nice'),(13134,900,232,'nice'),(13135,900,231,'nice'),(13136,900,230,'nice'),(13138,900,228,'nice'),(13139,901,242,'nice'),(13140,901,241,'nice'),(13142,901,239,'nice'),(13145,901,236,'nice'),(13146,901,235,'nice'),(13147,901,234,'nice'),(13148,901,233,'nice'),(13149,901,232,'nice'),(13150,901,231,'nice'),(13151,901,230,'nice'),(13153,901,228,'nice'),(13154,902,242,'nice'),(13155,902,241,'nice'),(13157,902,239,'nice'),(13160,902,236,'nice'),(13161,902,235,'nice'),(13162,902,234,'nice'),(13163,902,233,'nice'),(13164,902,232,'nice'),(13165,902,231,'nice'),(13166,902,230,'nice'),(13168,902,228,'nice'),(13169,903,242,'nice'),(13170,903,241,'nice'),(13172,903,239,'nice'),(13175,903,236,'nice'),(13176,903,235,'nice'),(13177,903,234,'nice'),(13178,903,233,'nice'),(13179,903,232,'nice'),(13180,903,231,'nice'),(13181,903,230,'nice'),(13183,903,228,'nice'),(13184,904,257,'nice'),(13186,904,255,'nice'),(13187,904,254,'nice'),(13188,904,253,'nice'),(13189,904,252,'nice'),(13190,904,251,'nice'),(13191,904,250,'nice'),(13192,904,249,'nice'),(13193,904,248,'nice'),(13194,904,247,'nice'),(13195,904,246,'nice'),(13196,904,245,'nice'),(13199,905,257,'nice'),(13201,905,255,'nice'),(13202,905,254,'nice'),(13203,905,253,'nice'),(13204,905,252,'nice'),(13205,905,251,'nice'),(13206,905,250,'nice'),(13207,905,249,'nice'),(13208,905,248,'nice'),(13209,905,247,'nice'),(13210,905,246,'nice'),(13211,905,245,'nice'),(13214,906,257,'nice'),(13216,906,255,'nice'),(13217,906,254,'nice'),(13218,906,253,'nice'),(13219,906,252,'nice'),(13220,906,251,'nice'),(13221,906,250,'nice'),(13222,906,249,'nice'),(13223,906,248,'nice'),(13224,906,247,'nice'),(13225,906,246,'nice'),(13226,906,245,'nice'),(13229,907,257,'nice'),(13231,907,255,'nice'),(13232,907,254,'nice'),(13233,907,253,'nice'),(13234,907,252,'nice'),(13235,907,251,'nice'),(13236,907,250,'nice'),(13237,907,249,'nice'),(13238,907,248,'nice'),(13239,907,247,'nice'),(13240,907,246,'nice'),(13241,907,245,'nice'),(13244,908,257,'nice'),(13246,908,255,'nice'),(13247,908,254,'nice'),(13248,908,253,'nice'),(13249,908,252,'nice'),(13250,908,251,'nice'),(13251,908,250,'nice'),(13252,908,249,'nice'),(13253,908,248,'nice'),(13254,908,247,'nice'),(13255,908,246,'nice'),(13256,908,245,'nice'),(13259,909,257,'nice'),(13261,909,255,'nice'),(13262,909,254,'nice'),(13263,909,253,'nice'),(13264,909,252,'nice'),(13265,909,251,'nice'),(13266,909,250,'nice'),(13267,909,249,'nice'),(13268,909,248,'nice'),(13269,909,247,'nice'),(13270,909,246,'nice'),(13271,909,245,'nice'),(13274,910,257,'nice'),(13276,910,255,'nice'),(13277,910,254,'nice'),(13278,910,253,'nice'),(13279,910,252,'nice'),(13280,910,251,'nice'),(13281,910,250,'nice'),(13282,910,249,'nice'),(13283,910,248,'nice'),(13284,910,247,'nice'),(13285,910,246,'nice'),(13286,910,245,'nice'),(13289,911,257,'nice'),(13291,911,255,'nice'),(13292,911,254,'nice'),(13293,911,253,'nice'),(13294,911,252,'nice'),(13295,911,251,'nice'),(13296,911,250,'nice'),(13297,911,249,'nice'),(13298,911,248,'nice'),(13299,911,247,'nice'),(13300,911,246,'nice'),(13301,911,245,'nice'),(13304,912,257,'nice'),(13306,912,255,'nice'),(13307,912,254,'nice'),(13308,912,253,'nice'),(13309,912,252,'nice'),(13310,912,251,'nice'),(13311,912,250,'nice'),(13312,912,249,'nice'),(13313,912,248,'nice'),(13314,912,247,'nice'),(13315,912,246,'nice'),(13316,912,245,'nice'),(13319,913,257,'nice'),(13321,913,255,'nice'),(13322,913,254,'nice'),(13323,913,253,'nice'),(13324,913,252,'nice'),(13325,913,251,'nice'),(13326,913,250,'nice'),(13327,913,249,'nice'),(13328,913,248,'nice'),(13329,913,247,'nice'),(13330,913,246,'nice'),(13331,913,245,'nice'),(13334,914,257,'nice'),(13336,914,255,'nice'),(13337,914,254,'nice'),(13338,914,253,'nice'),(13339,914,252,'nice'),(13340,914,251,'nice'),(13341,914,250,'nice'),(13342,914,249,'nice'),(13343,914,248,'nice'),(13344,914,247,'nice'),(13345,914,246,'nice'),(13346,914,245,'nice'),(13349,915,257,'nice'),(13351,915,255,'nice'),(13352,915,254,'nice'),(13353,915,253,'nice'),(13354,915,252,'nice'),(13355,915,251,'nice'),(13356,915,250,'nice'),(13357,915,249,'nice'),(13358,915,248,'nice'),(13359,915,247,'nice'),(13360,915,246,'nice'),(13361,915,245,'nice'),(13364,916,257,'nice'),(13366,916,255,'nice'),(13367,916,254,'nice'),(13368,916,253,'nice'),(13369,916,252,'nice'),(13370,916,251,'nice'),(13371,916,250,'nice'),(13372,916,249,'nice'),(13373,916,248,'nice'),(13374,916,247,'nice'),(13375,916,246,'nice'),(13376,916,245,'nice'),(13379,917,257,'nice'),(13381,917,255,'nice'),(13382,917,254,'nice'),(13383,917,253,'nice'),(13384,917,252,'nice'),(13385,917,251,'nice'),(13386,917,250,'nice'),(13387,917,249,'nice'),(13388,917,248,'nice'),(13389,917,247,'nice'),(13390,917,246,'nice'),(13391,917,245,'nice'),(13394,918,257,'nice'),(13396,918,255,'nice'),(13397,918,254,'nice'),(13398,918,253,'nice'),(13399,918,252,'nice'),(13400,918,251,'nice'),(13401,918,250,'nice'),(13402,918,249,'nice'),(13403,918,248,'nice'),(13404,918,247,'nice'),(13405,918,246,'nice'),(13406,918,245,'nice'),(13409,919,257,'nice'),(13411,919,255,'nice'),(13412,919,254,'nice'),(13413,919,253,'nice'),(13414,919,252,'nice'),(13415,919,251,'nice'),(13416,919,250,'nice'),(13417,919,249,'nice'),(13418,919,248,'nice'),(13419,919,247,'nice'),(13420,919,246,'nice'),(13421,919,245,'nice'),(13424,920,257,'nice'),(13426,920,255,'nice'),(13427,920,254,'nice'),(13428,920,253,'nice'),(13429,920,252,'nice'),(13430,920,251,'nice'),(13431,920,250,'nice'),(13432,920,249,'nice'),(13433,920,248,'nice'),(13434,920,247,'nice'),(13435,920,246,'nice'),(13436,920,245,'nice'),(13439,921,257,'nice'),(13441,921,255,'nice'),(13442,921,254,'nice'),(13443,921,253,'nice'),(13444,921,252,'nice'),(13445,921,251,'nice'),(13446,921,250,'nice'),(13447,921,249,'nice'),(13448,921,248,'nice'),(13449,921,247,'nice'),(13450,921,246,'nice'),(13451,921,245,'nice'),(13454,922,257,'nice'),(13456,922,255,'nice'),(13457,922,254,'nice'),(13458,922,253,'nice'),(13459,922,252,'nice'),(13460,922,251,'nice'),(13461,922,250,'nice'),(13462,922,249,'nice'),(13463,922,248,'nice'),(13464,922,247,'nice'),(13465,922,246,'nice'),(13466,922,245,'nice'),(13469,923,257,'nice'),(13471,923,255,'nice'),(13472,923,254,'nice'),(13473,923,253,'nice'),(13474,923,252,'nice'),(13475,923,251,'nice'),(13476,923,250,'nice'),(13477,923,249,'nice'),(13478,923,248,'nice'),(13479,923,247,'nice'),(13480,923,246,'nice'),(13481,923,245,'nice'),(13484,924,257,'nice'),(13486,924,255,'nice'),(13487,924,254,'nice'),(13488,924,253,'nice'),(13489,924,252,'nice'),(13490,924,251,'nice'),(13491,924,250,'nice'),(13492,924,249,'nice'),(13493,924,248,'nice'),(13494,924,247,'nice'),(13495,924,246,'nice'),(13496,924,245,'nice'),(13499,925,257,'nice'),(13501,925,255,'nice'),(13502,925,254,'nice'),(13503,925,253,'nice'),(13504,925,252,'nice'),(13505,925,251,'nice'),(13506,925,250,'nice'),(13507,925,249,'nice'),(13508,925,248,'nice'),(13509,925,247,'nice'),(13510,925,246,'nice'),(13511,925,245,'nice'),(13514,926,257,'nice'),(13516,926,255,'nice'),(13517,926,254,'nice'),(13518,926,253,'nice'),(13519,926,252,'nice'),(13520,926,251,'nice'),(13521,926,250,'nice'),(13522,926,249,'nice'),(13523,926,248,'nice'),(13524,926,247,'nice'),(13525,926,246,'nice'),(13526,926,245,'nice'),(13529,927,257,'nice'),(13531,927,255,'nice'),(13532,927,254,'nice'),(13533,927,253,'nice'),(13534,927,252,'nice'),(13535,927,251,'nice'),(13536,927,250,'nice'),(13537,927,249,'nice'),(13538,927,248,'nice'),(13539,927,247,'nice'),(13540,927,246,'nice'),(13541,927,245,'nice'),(13544,928,257,'nice'),(13546,928,255,'nice'),(13547,928,254,'nice'),(13548,928,253,'nice'),(13549,928,252,'nice'),(13550,928,251,'nice'),(13551,928,250,'nice'),(13552,928,249,'nice'),(13553,928,248,'nice'),(13554,928,247,'nice'),(13555,928,246,'nice'),(13556,928,245,'nice'),(13559,929,257,'nice'),(13561,929,255,'nice'),(13562,929,254,'nice'),(13563,929,253,'nice'),(13564,929,252,'nice'),(13565,929,251,'nice'),(13566,929,250,'nice'),(13567,929,249,'nice'),(13568,929,248,'nice'),(13569,929,247,'nice'),(13570,929,246,'nice'),(13571,929,245,'nice'),(13574,930,257,'nice'),(13576,930,255,'nice'),(13577,930,254,'nice'),(13578,930,253,'nice'),(13579,930,252,'nice'),(13580,930,251,'nice'),(13581,930,250,'nice'),(13582,930,249,'nice'),(13583,930,248,'nice'),(13584,930,247,'nice'),(13585,930,246,'nice'),(13586,930,245,'nice'),(13589,931,257,'nice'),(13591,931,255,'nice'),(13592,931,254,'nice'),(13593,931,253,'nice'),(13594,931,252,'nice'),(13595,931,251,'nice'),(13596,931,250,'nice'),(13597,931,249,'nice'),(13598,931,248,'nice'),(13599,931,247,'nice'),(13600,931,246,'nice'),(13601,931,245,'nice'),(13604,932,257,'nice'),(13606,932,255,'nice'),(13607,932,254,'nice'),(13608,932,253,'nice'),(13609,932,252,'nice'),(13610,932,251,'nice'),(13611,932,250,'nice'),(13612,932,249,'nice'),(13613,932,248,'nice'),(13614,932,247,'nice'),(13615,932,246,'nice'),(13616,932,245,'nice'),(13619,933,257,'nice'),(13621,933,255,'nice'),(13622,933,254,'nice'),(13623,933,253,'nice'),(13624,933,252,'nice'),(13625,933,251,'nice'),(13626,933,250,'nice'),(13627,933,249,'nice'),(13628,933,248,'nice'),(13629,933,247,'nice'),(13630,933,246,'nice'),(13631,933,245,'nice'),(13634,934,257,'nice'),(13636,934,255,'nice'),(13637,934,254,'nice'),(13638,934,253,'nice'),(13639,934,252,'nice'),(13640,934,251,'nice'),(13641,934,250,'nice'),(13642,934,249,'nice'),(13643,934,248,'nice'),(13644,934,247,'nice'),(13645,934,246,'nice'),(13646,934,245,'nice'),(13649,935,257,'nice'),(13651,935,255,'nice'),(13652,935,254,'nice'),(13653,935,253,'nice'),(13654,935,252,'nice'),(13655,935,251,'nice'),(13656,935,250,'nice'),(13657,935,249,'nice'),(13658,935,248,'nice'),(13659,935,247,'nice'),(13660,935,246,'nice'),(13661,935,245,'nice'),(13664,936,257,'nice'),(13666,936,255,'nice'),(13667,936,254,'nice'),(13668,936,253,'nice'),(13669,936,252,'nice'),(13670,936,251,'nice'),(13671,936,250,'nice'),(13672,936,249,'nice'),(13673,936,248,'nice'),(13674,936,247,'nice'),(13675,936,246,'nice'),(13676,936,245,'nice'),(13679,937,257,'nice'),(13681,937,255,'nice'),(13682,937,254,'nice'),(13683,937,253,'nice'),(13684,937,252,'nice'),(13685,937,251,'nice'),(13686,937,250,'nice'),(13687,937,249,'nice'),(13688,937,248,'nice'),(13689,937,247,'nice'),(13690,937,246,'nice'),(13691,937,245,'nice'),(13694,938,257,'nice'),(13696,938,255,'nice'),(13697,938,254,'nice'),(13698,938,253,'nice'),(13699,938,252,'nice'),(13700,938,251,'nice'),(13701,938,250,'nice'),(13702,938,249,'nice'),(13703,938,248,'nice'),(13704,938,247,'nice'),(13705,938,246,'nice'),(13706,938,245,'nice'),(13709,939,257,'nice'),(13711,939,255,'nice'),(13712,939,254,'nice'),(13713,939,253,'nice'),(13714,939,252,'nice'),(13715,939,251,'nice'),(13716,939,250,'nice'),(13717,939,249,'nice'),(13718,939,248,'nice'),(13719,939,247,'nice'),(13720,939,246,'nice'),(13721,939,245,'nice'),(13724,940,257,'nice'),(13726,940,255,'nice'),(13727,940,254,'nice'),(13728,940,253,'nice'),(13729,940,252,'nice'),(13730,940,251,'nice'),(13731,940,250,'nice'),(13732,940,249,'nice'),(13733,940,248,'nice'),(13734,940,247,'nice'),(13735,940,246,'nice'),(13736,940,245,'nice'),(13739,941,257,'nice'),(13741,941,255,'nice'),(13742,941,254,'nice'),(13743,941,253,'nice'),(13744,941,252,'nice'),(13745,941,251,'nice'),(13746,941,250,'nice'),(13747,941,249,'nice'),(13748,941,248,'nice'),(13749,941,247,'nice'),(13750,941,246,'nice'),(13751,941,245,'nice'),(13754,942,257,'nice'),(13756,942,255,'nice'),(13757,942,254,'nice'),(13758,942,253,'nice'),(13759,942,252,'nice'),(13760,942,251,'nice'),(13761,942,250,'nice'),(13762,942,249,'nice'),(13763,942,248,'nice'),(13764,942,247,'nice'),(13765,942,246,'nice'),(13766,942,245,'nice'),(13769,943,257,'nice'),(13771,943,255,'nice'),(13772,943,254,'nice'),(13773,943,253,'nice'),(13774,943,252,'nice'),(13775,943,251,'nice'),(13776,943,250,'nice'),(13777,943,249,'nice'),(13778,943,248,'nice'),(13779,943,247,'nice'),(13780,943,246,'nice'),(13781,943,245,'nice'),(13784,944,257,'nice'),(13786,944,255,'nice'),(13787,944,254,'nice'),(13788,944,253,'nice'),(13789,944,252,'nice'),(13790,944,251,'nice'),(13791,944,250,'nice'),(13792,944,249,'nice'),(13793,944,248,'nice'),(13794,944,247,'nice'),(13795,944,246,'nice'),(13796,944,245,'nice'),(13799,945,257,'nice'),(13801,945,255,'nice'),(13802,945,254,'nice'),(13803,945,253,'nice'),(13804,945,252,'nice'),(13805,945,251,'nice'),(13806,945,250,'nice'),(13807,945,249,'nice'),(13808,945,248,'nice'),(13809,945,247,'nice'),(13810,945,246,'nice'),(13811,945,245,'nice'),(13814,946,257,'nice'),(13816,946,255,'nice'),(13817,946,254,'nice'),(13818,946,253,'nice'),(13819,946,252,'nice'),(13820,946,251,'nice'),(13821,946,250,'nice'),(13822,946,249,'nice'),(13823,946,248,'nice'),(13824,946,247,'nice'),(13825,946,246,'nice'),(13826,946,245,'nice'),(13829,947,257,'nice'),(13831,947,255,'nice'),(13832,947,254,'nice'),(13833,947,253,'nice'),(13834,947,252,'nice'),(13835,947,251,'nice'),(13836,947,250,'nice'),(13837,947,249,'nice'),(13838,947,248,'nice'),(13839,947,247,'nice'),(13840,947,246,'nice'),(13841,947,245,'nice'),(13844,948,257,'nice'),(13846,948,255,'nice'),(13847,948,254,'nice'),(13848,948,253,'nice'),(13849,948,252,'nice'),(13850,948,251,'nice'),(13851,948,250,'nice'),(13852,948,249,'nice'),(13853,948,248,'nice'),(13854,948,247,'nice'),(13855,948,246,'nice'),(13856,948,245,'nice'),(13859,949,257,'nice'),(13861,949,255,'nice'),(13862,949,254,'nice'),(13863,949,253,'nice'),(13864,949,252,'nice'),(13865,949,251,'nice'),(13866,949,250,'nice'),(13867,949,249,'nice'),(13868,949,248,'nice'),(13869,949,247,'nice'),(13870,949,246,'nice'),(13871,949,245,'nice'),(13874,950,257,'nice'),(13876,950,255,'nice'),(13877,950,254,'nice'),(13878,950,253,'nice'),(13879,950,252,'nice'),(13880,950,251,'nice'),(13881,950,250,'nice'),(13882,950,249,'nice'),(13883,950,248,'nice'),(13884,950,247,'nice'),(13885,950,246,'nice'),(13886,950,245,'nice'),(13889,951,257,'nice'),(13891,951,255,'nice'),(13892,951,254,'nice'),(13893,951,253,'nice'),(13894,951,252,'nice'),(13895,951,251,'nice'),(13896,951,250,'nice'),(13897,951,249,'nice'),(13898,951,248,'nice'),(13899,951,247,'nice'),(13900,951,246,'nice'),(13901,951,245,'nice'),(13904,952,257,'nice'),(13906,952,255,'nice'),(13907,952,254,'nice'),(13908,952,253,'nice'),(13909,952,252,'nice'),(13910,952,251,'nice'),(13911,952,250,'nice'),(13912,952,249,'nice'),(13913,952,248,'nice'),(13914,952,247,'nice'),(13915,952,246,'nice'),(13916,952,245,'nice'),(13919,953,257,'nice'),(13921,953,255,'nice'),(13922,953,254,'nice'),(13923,953,253,'nice'),(13924,953,252,'nice'),(13925,953,251,'nice'),(13926,953,250,'nice'),(13927,953,249,'nice'),(13928,953,248,'nice'),(13929,953,247,'nice'),(13930,953,246,'nice'),(13931,953,245,'nice'),(13934,954,257,'nice'),(13936,954,255,'nice'),(13937,954,254,'nice'),(13938,954,253,'nice'),(13939,954,252,'nice'),(13940,954,251,'nice'),(13941,954,250,'nice'),(13942,954,249,'nice'),(13943,954,248,'nice'),(13944,954,247,'nice'),(13945,954,246,'nice'),(13946,954,245,'nice'),(13949,955,257,'nice'),(13951,955,255,'nice'),(13952,955,254,'nice'),(13953,955,253,'nice'),(13954,955,252,'nice'),(13955,955,251,'nice'),(13956,955,250,'nice'),(13957,955,249,'nice'),(13958,955,248,'nice'),(13959,955,247,'nice'),(13960,955,246,'nice'),(13961,955,245,'nice'),(13964,956,257,'nice'),(13966,956,255,'nice'),(13967,956,254,'nice'),(13968,956,253,'nice'),(13969,956,252,'nice'),(13970,956,251,'nice'),(13971,956,250,'nice'),(13972,956,249,'nice'),(13973,956,248,'nice'),(13974,956,247,'nice'),(13975,956,246,'nice'),(13976,956,245,'nice'),(13979,957,257,'nice'),(13981,957,255,'nice'),(13982,957,254,'nice'),(13983,957,253,'nice'),(13984,957,252,'nice'),(13985,957,251,'nice'),(13986,957,250,'nice'),(13987,957,249,'nice'),(13988,957,248,'nice'),(13989,957,247,'nice'),(13990,957,246,'nice'),(13991,957,245,'nice'),(13994,NULL,NULL,'nicr'),(13996,NULL,NULL,'nicre'),(13997,NULL,NULL,'nic'),(13998,NULL,NULL,'nice'),(13999,958,252,'hahaed'),(14000,958,251,'nice'),(14001,958,250,'nice'),(14002,958,249,'nice'),(14003,958,248,'nice'),(14004,958,247,'nice'),(14005,958,246,'nice'),(14006,958,245,'nice'),(14009,959,257,'nice'),(14011,959,255,'nice'),(14012,959,254,'nice'),(14013,959,253,'nice'),(14014,959,252,'nice'),(14015,959,251,'nice'),(14016,959,250,'nice'),(14017,959,249,'nice'),(14018,959,248,'nice'),(14019,959,247,'nice'),(14020,959,246,'nice'),(14021,959,245,'nice'),(14024,960,257,'nice'),(14026,960,255,'nice'),(14027,960,254,'nice'),(14028,960,253,'nice'),(14029,960,252,'nice'),(14030,960,251,'nice'),(14031,960,250,'nice'),(14032,960,249,'nice'),(14033,960,248,'nice'),(14034,960,247,'nice'),(14035,960,246,'nice'),(14036,960,245,'nice'),(14039,961,257,'nice'),(14041,961,255,'nice'),(14042,961,254,'nice'),(14043,961,253,'nice'),(14044,961,252,'nice'),(14045,961,251,'nice'),(14046,961,250,'nice'),(14047,961,249,'nice'),(14048,961,248,'nice'),(14049,961,247,'nice'),(14050,961,246,'nice'),(14051,961,245,'nice'),(14054,962,257,'nice'),(14056,962,255,'nice'),(14057,962,254,'nice'),(14058,962,253,'nice'),(14059,962,252,'nice'),(14060,962,251,'nice'),(14061,962,250,'nice'),(14062,962,249,'nice'),(14063,962,248,'nice'),(14064,962,247,'nice'),(14065,962,246,'nice'),(14066,962,245,'nice'),(14069,137,26,'nice'),(14070,137,25,'nice'),(14071,137,24,'nice'),(14072,137,23,'nice'),(14073,137,22,'nice'),(14074,137,21,'nice'),(14075,137,20,'nice'),(14076,137,19,'nice'),(14077,137,18,'nice'),(14078,137,17,'nice'),(14079,137,16,'nice'),(14080,137,15,'nice'),(14081,137,14,'nice'),(14082,484,122,'nice'),(14083,484,121,'nice'),(14084,484,120,'nice'),(14085,484,119,'nice'),(14086,484,118,'nice'),(14087,484,117,'nice'),(14088,484,116,'nice'),(14089,484,115,'nice'),(14090,484,114,'nice'),(14091,484,113,'nice');
/*!40000 ALTER TABLE `PropertyValue` ENABLE KEYS */;
UNLOCK TABLES;

--
-- Table structure for table `Review`
--

DROP TABLE IF EXISTS `Review`;
/*!40101 SET @saved_cs_client     = @@character_set_client */;
/*!40101 SET character_set_client = utf8 */;
CREATE TABLE `Review` (
  `id` int(11) NOT NULL AUTO_INCREMENT,
  `content` varchar(4000) DEFAULT NULL,
  `uid` int(11) DEFAULT NULL,
  `pid` int(11) DEFAULT NULL,
  `createDate` timestamp NOT NULL DEFAULT CURRENT_TIMESTAMP,
  PRIMARY KEY (`id`),
  KEY `fk_review_product` (`pid`),
  KEY `fk_review_user` (`uid`),
  CONSTRAINT `fk_review_product` FOREIGN KEY (`pid`) REFERENCES `Product` (`id`),
  CONSTRAINT `fk_review_user` FOREIGN KEY (`uid`) REFERENCES `User` (`id`)
) ENGINE=InnoDB AUTO_INCREMENT=17 DEFAULT CHARSET=utf8;
/*!40101 SET character_set_client = @saved_cs_client */;

--
-- Dumping data for table `Review`
--

LOCK TABLES `Review` WRITE;
/*!40000 ALTER TABLE `Review` DISABLE KEYS */;
INSERT INTO `Review` VALUES (1,'111111',NULL,960,'2018-07-08 04:28:56'),(2,'个reds个',4,901,'2018-07-08 04:31:27'),(3,'个reds个',4,901,'2018-07-08 04:33:55'),(4,'v打发时光如飞',4,960,'2018-07-08 04:37:24'),(5,'房贷首付的',4,960,'2018-07-08 04:52:18'),(6,'你好像还在',22,899,'2018-12-14 03:28:21'),(7,'NIHAO',22,958,'2018-12-14 07:46:07'),(8,'r',22,958,'2018-12-14 08:01:34'),(9,'你说什么就是什么',22,958,'2018-12-15 04:13:37'),(10,'cxzczxc',1,673,'2018-12-29 01:06:06'),(11,'不错',27,959,'2019-02-22 07:00:51'),(12,'可以',27,959,'2019-02-22 07:01:27'),(13,'行',27,901,'2019-02-22 07:27:58'),(14,'不错',1,961,'2019-03-27 10:46:52'),(15,'121211211221',1,902,'2019-03-28 02:53:56'),(16,'干净整洁',1,959,'2019-03-28 04:57:14');
/*!40000 ALTER TABLE `Review` ENABLE KEYS */;
UNLOCK TABLES;

--
-- Table structure for table `User`
--

DROP TABLE IF EXISTS `User`;
/*!40101 SET @saved_cs_client     = @@character_set_client */;
/*!40101 SET character_set_client = utf8 */;
CREATE TABLE `User` (
  `id` int(11) NOT NULL AUTO_INCREMENT,
  `name` varchar(255) DEFAULT NULL,
  `password` varchar(255) DEFAULT NULL,
  PRIMARY KEY (`id`),
  UNIQUE KEY `User_name_uindex` (`name`)
) ENGINE=InnoDB AUTO_INCREMENT=33 DEFAULT CHARSET=utf8;
/*!40101 SET character_set_client = @saved_cs_client */;

--
-- Dumping data for table `User`
--

LOCK TABLES `User` WRITE;
/*!40000 ALTER TABLE `User` DISABLE KEYS */;
INSERT INTO `User` VALUES (1,'aaa','aaa'),(4,'hch','123'),(5,'123','123'),(6,'Bolvvv','123'),(12,'111','111'),(22,'test','test'),(25,'abc','123456'),(26,'12345','12345'),(27,'12','12'),(28,'123456','123456'),(31,'151','151'),(32,'root','root');
/*!40000 ALTER TABLE `User` ENABLE KEYS */;
UNLOCK TABLES;
/*!40103 SET TIME_ZONE=@OLD_TIME_ZONE */;

/*!40101 SET SQL_MODE=@OLD_SQL_MODE */;
/*!40014 SET FOREIGN_KEY_CHECKS=@OLD_FOREIGN_KEY_CHECKS */;
/*!40014 SET UNIQUE_CHECKS=@OLD_UNIQUE_CHECKS */;
/*!40101 SET CHARACTER_SET_CLIENT=@OLD_CHARACTER_SET_CLIENT */;
/*!40101 SET CHARACTER_SET_RESULTS=@OLD_CHARACTER_SET_RESULTS */;
/*!40101 SET COLLATION_CONNECTION=@OLD_COLLATION_CONNECTION */;
/*!40111 SET SQL_NOTES=@OLD_SQL_NOTES */;

-- Dump completed on 2019-04-01 21:03:45
